"","ID","tau","lrc","res","sal","mem","zet","dlrc","lp","ll","Persec"
"1","54240de1fdf99b691fb383a8",1.39138221908127,0.539148949911925,0.845034854641281,NA,NA,NA,NA,-13.97075218948,-12.7979719245979,0
"2","54b60d74fdf99b1ce0367ab5",0.360055847189275,0.0614456397779391,0.971386733293939,NA,NA,NA,NA,-14.7323741774165,-13.7358615511924,17
"3","55780ee6fdf99b4cbc0aef95",0.928021518398115,0.031180803750546,0.982721441534069,NA,NA,NA,NA,-51.668893772441,-50.1621034672614,20
"4","559cdad9fdf99b66f54b7794",2.52892396036938,0.598936274062619,0.743276787062244,NA,NA,NA,NA,-36.5918927284752,-34.7929580958911,15
"5","55a77810fdf99b444b9d255c",0.17745604873822,0.0155491614973989,0.062039445406586,NA,NA,NA,NA,-14.8618300263578,-13.3362835168743,1
"6","55b95e2ffdf99b469f622883",2.20560739593524,0.123100095938974,0.327293921209365,NA,NA,NA,NA,-57.259130223783,-56.0081866130663,0
"7","55d6d91d69dbc30005b66ffe",2.62121001381708,0.140883889291558,0.736376527183178,NA,NA,NA,NA,-56.8465892037875,-55.4243585097603,1
"8","56051814e372c00011bd556a",1.12293320441883,0.693854431515759,0.799509262523741,NA,NA,NA,NA,-12.2827779391481,-10.750301949183,1
"9","560aef7d01c38a00127693d3",2.67743359725711,0.17979764114116,0.079232206290416,NA,NA,NA,NA,-48.5956935460556,-47.1009724703802,5
"10","5687d434369319000c269c03",2.49712204570446,0.352763222310578,0.979825017107916,NA,NA,NA,NA,-34.8525316467281,-33.2951827241253,4
"11","56c81007ba8e37000d7b211e",0.86724804415323,0.0987589785953313,0.991545443215588,NA,NA,NA,NA,-31.2132370056903,-30.1257066554079,1
"12","56f699e876348f000c883bba",3.45678969316688,0.717389727734996,0.994472832613544,NA,NA,NA,NA,-45.1168818961624,-42.0685002148135,12
"13","571de7af13b1b70009be2f26",0.405233161450442,0.0192997367037368,0.988780620960901,NA,NA,NA,NA,-46.869770201735,-45.2593619977092,0
"14","5744bbe15e549100063b08cb",3.78307378494367,0.900432176273457,0.150733957757449,NA,NA,NA,NA,-42.4037626000155,-38.0487016407543,2
"15","57611238eaf3f80007481e8e",2.73410971357077,0.236319471094729,0.89240431556584,NA,NA,NA,NA,-53.0672786896603,-51.6022026612482,3
"16","5778eeb20e49300001ba9ec0",4.29194425341867,0.258253934179743,0.803287215332674,NA,NA,NA,NA,-59.5761795218048,-57.3556452173705,0
"17","577a6900f8f7ed00014b537b",0.280697805367673,0.0265700802928774,0.503760413459597,NA,NA,NA,NA,-19.5334305491057,-18.4035128917913,0
"18","5784d25070c76a00012427e0",0.510946075252476,0.0330713821160088,0.904768630485518,NA,NA,NA,NA,-31.2514589882134,-30.0686073727505,0
"19","579fb6f46475d400015ab855",1.95673504627765,0.318621332776391,0.0421363647305842,NA,NA,NA,NA,-31.662164442079,-30.451685874478,15
"20","57f8a3ece480f5000136f588",3.3336660821785,0.499332362236558,0.771059760786242,NA,NA,NA,NA,-38.7969999584193,-36.8352970970625,0
"21","5808ec7ff0740c0001789a1b",0.0663146033812774,0.00951043867751313,0.9572651363326,NA,NA,NA,NA,-20.0545936231713,-18.2090626886048,0
"22","584726b8f063d30001161e6a",0.712783978427633,0.0258568442438854,0.978591989209565,NA,NA,NA,NA,-53.9747599666399,-52.4781985284446,1
"23","58513454b9f14b000151795f",1.03404260713908,0.151817769174402,0.767845686887906,NA,NA,NA,NA,-33.6201472940861,-32.901089354937,7
"24","5870336cdb3e720001e230cd",2.66238437570887,0.387096236908388,0.593070565687289,NA,NA,NA,NA,-40.1165501062302,-38.6951230226592,0
"25","587291591c35f20001955c45",1.53737025521584,0.0281573018687809,0.81190125018728,NA,NA,NA,NA,-65.072068739297,-63.4968437572097,0
"26","587388b9db3e720001e2320e",2.52141876079453,0.240747348990933,0.634036593311237,NA,NA,NA,NA,-46.9882527289171,-45.7140613697576,6
"27","587620554254cb0001c15a23",1.2650333982836,0.00903339837287772,0.885557396173944,NA,NA,NA,NA,-68.0476829624257,-66.0045330307217,5
"28","5883d68d300c0b000113db56",2.53248889742978,0.870406469243293,0.9389786412663,NA,NA,NA,NA,-37.2488568289318,-33.8202477631277,0
"29","58c3c197da66280001b3c6e8",3.62441610725184,0.531808015137646,0.694798182011729,NA,NA,NA,NA,-43.9855777348425,-41.8230891302058,0
"30","58cef97d5e07b6000139fa16",6.02986128620942,0.371468508045775,0.926729620962178,NA,NA,NA,NA,-64.3605205069555,-60.9675856366429,3
"31","58f364d67b2e410001c2ed1d",0.119990611360507,0.234432058401829,0.540410907635873,NA,NA,NA,NA,-2.90562480588919,-2.49149953923443,0
"32","58f89d1cedf274000143eb4e",0.139679791053407,0.243332489409933,0.533573712748157,NA,NA,NA,NA,-2.20355423924244,-1.79699875666648,3
"33","58fa6e1bd0055c0001dd838a",0.489052561767729,0.0402642592475025,0.956264881281744,NA,NA,NA,NA,-23.9224716968449,-22.7602630397057,0
"34","590f202eea0e130001039e1f",3.68572676166378,0.659656345746048,0.876930621378612,NA,NA,NA,NA,-44.2348387929105,-41.6020606504101,6
"35","593ead9ea514380001e5cf86",1.85050310159249,0.597933217603721,0.260953998677542,NA,NA,NA,NA,-30.0193423346327,-28.5360116601756,2
"36","595339f4ad2ce90001b88266",0.584470921038144,0.0623822706956762,0.953195410452794,NA,NA,NA,NA,-23.7714005050317,-22.7732895046356,0
"37","5953d37b3d663c00011d233c",1.70724178410957,0.0339214217333492,0.855246890586252,NA,NA,NA,NA,-66.2993849194873,-64.7146539634584,0
"38","598ab1ed19432500016fafa1",1.08701879286492,0.0129152710452762,0.971790001216787,NA,NA,NA,NA,-66.6990452105973,-64.7679471860063,0
"39","5991c4a8e339120001fb8c7e",3.88574164938701,0.592416268983409,0.637891847297314,NA,NA,NA,NA,-49.3482025869368,-46.9024606537755,0
"40","5995ed90d1732a00013425c5",2.94049712490702,0.11879522246217,0.0945354847328835,NA,NA,NA,NA,-58.1143822480961,-56.4076854487368,2
"41","599614af004c4f0001cc8642",1.33472829752642,0.0461422090249998,0.0560496701693801,NA,NA,NA,NA,-43.6321731824615,-42.253995848276,0
"42","59c80c180aaf750001213cbf",1.57432931237111,0.495695384082863,0.994652976964026,NA,NA,NA,NA,-30.9844564679636,-29.5078885879437,0
"43","59d38d62323bd80001e200bc",1.39981524525689,0.0274537017816532,0.971994556213723,NA,NA,NA,NA,-59.9028368577118,-58.2010171813511,12
"44","59d4b084115096000190dbce",1.60186497221186,0.404073508065836,0.983330822176673,NA,NA,NA,NA,-23.3832961833079,-22.155782582329,0
"45","59e5fd82e75b450001a691ec",1.91768061677419,0.524722395443579,0.920017243828961,NA,NA,NA,NA,-22.8745063888611,-21.4506340664996,5
"46","59e8cb08bab73300016bd7f7",2.91355162223483,0.427718739007825,0.713532245451526,NA,NA,NA,NA,-46.3366690039034,-44.7233420834372,0
"47","59e9d2c6c0d35a0001295448",0.960391423031805,0.156864631497906,0.994435489677578,NA,NA,NA,NA,-22.2184049594814,-21.1869988141077,0
"48","5a3996f6ae52e600010a0192",4.47664712808811,0.331382420686604,0.0652199678773786,NA,NA,NA,NA,-57.7885723585644,-55.3395328903577,0
"49","5a3a570307245d0001fc0692",2.59427455997661,0.2109090747268,0.787651747317072,NA,NA,NA,NA,-48.9923179022286,-47.6423063888969,2
"50","5a3c0b842f91ec0001dc9bb4",2.513249398442,0.197321240564462,0.207263066834429,NA,NA,NA,NA,-50.6813778733695,-49.3605240609251,0
"51","5a4e26a8f4c9dc0001b7a1b5",4.10046546679714,0.683262341244087,0.648619389787685,NA,NA,NA,NA,-46.7881079461549,-43.9187490723428,0
"52","5a5a3ec6ac5624000153e0f7",0.758618712024792,0.0293862355324393,0.992724680592267,NA,NA,NA,NA,-51.8892995278923,-50.3295940072299,0
"53","5a5d1194acc75b00017a7b8f",3.42354204543328,0.289166194460866,0.746453526778853,NA,NA,NA,NA,-59.0047224008627,-57.2565889698822,9
"54","5a69d77a56585a0001633482",1.14300645626615,0.0415678961202711,0.584221896342725,NA,NA,NA,NA,-52.801651526065,-51.6073285757063,2
"55","5a6f7604ff6f2300013edcd8",3.95055227353517,0.242106163285601,0.238710773691622,NA,NA,NA,NA,-60.3774730791608,-58.356159045222,3
"56","5a8b513317ef35000170b86f",3.42995459025222,0.734661545554027,0.917762454110505,NA,NA,NA,NA,-43.9963163627145,-41.1410102521125,10
"57","5a8c78b0ae9a0b0001aa27fd",5.32122140067582,0.661255894342064,0.939125227493865,NA,NA,NA,NA,-55.1536304737012,-51.5374415290782,21
"58","5a90460d1eda41000135f918",0.323208534768117,0.0204992605282365,0.959167980752988,NA,NA,NA,NA,-40.6694161719172,-39.2284419107765,8
"59","5a94a3344eecca0001dd3c52",1.63215619844383,0.636592991069792,0.0336761951260414,NA,NA,NA,NA,-14.7423509452671,-13.0558349564159,0
"60","5a9d68a3dbdb470001eefb79",5.88676010868586,0.54949666497667,0.203591731308346,NA,NA,NA,NA,-59.659578816685,-56.1392427678988,8
"61","5aa696af6219a30001c75d2a",1.68143888230681,0.64760497897816,0.896658935755651,NA,NA,NA,NA,-24.4997988270745,-22.859138522364,0
"62","5aa9528235237b0001132675",6.13284820748897,0.521020417029756,0.849822182298169,NA,NA,NA,NA,-65.3285909787023,-61.6954296965145,6
"63","5ab3bc131204f90001c965bd",0.156748170581355,0.28489671896135,0.938125774149904,NA,NA,NA,NA,-4.22328675369765,-3.66905453750242,4
"64","5ab4e55cf69e940001d8d3bf",3.18960320045818,0.815835892024643,0.843936544078645,NA,NA,NA,NA,-40.505830029392,-37.3331798711122,7
"65","5ab5509cf69e940001d8d954",6.77085906712218,0.718318184150863,0.703442522259395,NA,NA,NA,NA,-59.3436451948543,-54.7098533261072,11
"66","5ac3b825e734400001da2436",2.04149684363779,0.492789700534312,0.699501576691413,NA,NA,NA,NA,-29.8003662043755,-28.4920195872983,1
"67","5ad3bfc75b53cb0001f35839",4.12570064829194,0.48073262635274,0.898999586710583,NA,NA,NA,NA,-49.9858140573553,-47.576475775242,0
"68","5ad658e2a38d7b00013afe89",1.22468988010986,0.0093742871575269,0.250230428066933,NA,NA,NA,NA,-67.9726695673973,-66.0252287462949,0
"69","5adf629ddee8590001b05f7b",2.98558281306117,0.204611944372417,0.54622571656577,NA,NA,NA,NA,-54.4786441875546,-52.9741399164241,0
"70","5ae1a263066c510001d48146",0.243422082463241,0.0693354642113712,0.0335949299502425,NA,NA,NA,NA,-17.6954575671587,-16.776363331249,6
"71","5ae59bec7edeb000014a828c",0.931408635893709,0.561028702090388,0.638115045605676,NA,NA,NA,NA,-11.1309885627036,-10.1414881036786,2
"72","5ae9f13b9b283d00017ee04d",1.24131043341823,0.0076455987273465,0.851237525066864,NA,NA,NA,NA,-67.6388056352291,-65.5461266690573,6
"73","5af344dfdf9933000161f47a",1.63035787857359,0.0310111278127271,0.876454372760851,NA,NA,NA,NA,-62.86769768562,-61.2623753908046,0
"74","5afc2d1f2406810001d625c0",0.117180633589723,0.0417414844617481,0.931116541630724,NA,NA,NA,NA,-13.1274208299161,-12.0507259610117,1
"75","5b1d5e16503f020001e684aa",0.680578229269299,0.0285070226145617,0.718566315011901,NA,NA,NA,NA,-44.7554555547746,-43.5407149070383,11
"76","5b1ed2783522660001b464eb",0.969397096751016,0.0263643737028743,0.978318893664669,NA,NA,NA,NA,-60.0085856557734,-58.4324037540974,0
"77","5b1fe253b803da0001dfbc8d",1.56995966395389,0.426407714524915,0.629221034414619,NA,NA,NA,NA,-17.7962772221209,-16.8175057030215,6
"78","5b35bd1d532e3d00018e8b27",2.35646202245871,0.281984030345861,0.984951825818637,NA,NA,NA,NA,-33.8686266424345,-32.3924177506322,0
"79","5b491b4eac6f5a0001549493",3.31807971927787,0.479662960005517,0.945308499890485,NA,NA,NA,NA,-42.6891942417492,-40.6503421736856,13
"80","5b49d3a519f8e70001b7df02",4.20015798978797,0.802020100843197,0.722930576070939,NA,NA,NA,NA,-47.238519343514,-43.6773049804916,0
"81","5b5d4bfc4e945800017db533",4.61780351000992,0.591443908760869,0.915541537710314,NA,NA,NA,NA,-51.1893760745459,-48.2357704460651,2
"82","5b5dfd9c4e945800017dcd79",1.69321965356473,0.155698715238202,0.986269752684163,NA,NA,NA,NA,-34.5931798252599,-33.3530658912252,0
"83","5b630cec6abdd90001d98c3f",6.4397559295888,0.667314307851941,0.875463053596356,NA,NA,NA,NA,-63.7043764172047,-59.435970132581,6
"84","5b707d214415ce0001b1fd78",1.89517795854743,0.566132684800714,0.563275264460125,NA,NA,NA,NA,-26.9230632755159,-25.5311296423641,2
"85","5b72d8042aeef10001972da0",0.946236066483516,0.615858086816011,0.60280460023211,NA,NA,NA,NA,-12.1294295022578,-10.9846143887727,1
"86","5b8fe19ae3a406000131f1a6",1.26817565790809,0.307817074719236,0.0284576378431611,NA,NA,NA,NA,-27.5911581473964,-26.6428904308566,5
"87","5b97a1e083bd380001b92485",1.0424847872799,0.18298392644843,0.955197811990124,NA,NA,NA,NA,-19.9094840829756,-19.0817542838603,0
"88","5b9e1e607b196f000195b599",0.782359227735399,0.125221059834879,0.722192811776517,NA,NA,NA,NA,-15.4815794994269,-14.8151130267094,0
"89","5bb756696322c5000159756c",3.8314723343049,0.345105162425569,0.969276453043962,NA,NA,NA,NA,-52.5941957755746,-50.4136154891177,3
"90","5bbe3c5cee6586000142be43",0.809116634804125,0.115550093970431,0.995875112172949,NA,NA,NA,NA,-32.3503770397825,-31.2621815848435,11
"91","5bc08c345e8a950001892156",0.0889270015876791,0.0654411017745373,0.872198321449461,NA,NA,NA,NA,-4.70085413935206,-3.85188190036051,0
"92","5bc642c0069008000139d18b",3.09772518917713,0.652463915425047,0.904722768908196,NA,NA,NA,NA,-35.9801845645229,-33.652108664786,1
"93","5bdc3c8182698d0001f076c3",0.355493856064709,0.154015234092584,0.871051746222464,NA,NA,NA,NA,-15.6281680251323,-15.0758124956807,0
"94","5be1f75bd536990001a4410c",1.15062096536087,0.0274745548122047,0.698447174366165,NA,NA,NA,NA,-65.6419298184207,-64.2452354498768,1
"95","5be2fadf5e9fd30001696162",0.0609916652808917,0.071881114124515,0.352392288151121,NA,NA,NA,NA,-1.87693131996684,-1.11108207064402,1
"96","5be415810241050001ca2318",0.790933555845791,0.0150701345258765,0.437968049743341,NA,NA,NA,NA,-64.2658563387807,-62.7361279337786,0
"97","5bec2847ac6b780001fec122",0.825714004594533,0.343054426832545,0.993468847083933,NA,NA,NA,NA,-10.6636736002251,-9.71347958129972,0
"98","5bec6a8b1209fb00011bb521",3.6789764575548,0.480514245709872,0.934719596726344,NA,NA,NA,NA,-40.3719709201995,-38.1616030600022,0
"99","5beefb60e015710001cbb721",4.97538307174457,0.498514538579466,0.479895548087785,NA,NA,NA,NA,-60.4822857200164,-57.6635846649315,14
"100","5bf2f728bd9f150001f6cc42",0.381776492610307,0.142285038327263,0.826789599760337,NA,NA,NA,NA,-7.59110018947853,-7.03916872936667,32
"101","5bf4123e840310000124cfca",2.83319019660728,0.132835296316759,0.920892558842749,NA,NA,NA,NA,-56.1628273651409,-54.5244825643237,0
"102","5bf44a04d7e7a70001d7a672",1.24262604205121,0.137470695202,0.824790664163642,NA,NA,NA,NA,-41.4827423609146,-40.637068540382,0
"103","5bf4584fabf94600013a9fa1",2.68732009411475,0.798387546252145,0.587261562350867,NA,NA,NA,NA,-32.581079351335,-29.8422335737823,10
"104","5bf5b2627ea49f0001ba9372",3.43291975925576,0.565488822508059,0.962423773939116,NA,NA,NA,NA,-42.4865606078871,-40.1651213418746,0
"105","5bf728483db90d0001f48ff7",2.04492010730459,0.323718210192554,0.0715080036858167,NA,NA,NA,NA,-30.616253739052,-29.4125366186445,10
"106","5bfed3f1aa5fa3000136a998",0.715566179119753,0.113435949503987,0.957284304983573,NA,NA,NA,NA,-19.2135719599826,-18.3810045912596,0
"107","5c081c45fd9c080001709937",5.50071302866059,0.442300707096527,0.116372439967045,NA,NA,NA,NA,-62.5022055338084,-59.3840973084358,10
"108","5c0843f24452300001df4ea0",0.618843397102269,0.105564906949157,0.828209139578372,NA,NA,NA,NA,-28.1096485023903,-27.4095763525361,0
"109","5c10377461df5c0001cb4906",1.63124843114475,0.0465464750742221,0.76864837778106,NA,NA,NA,NA,-61.0731894537142,-59.6959020755709,2
"110","5c1129084be31a00014802fb",1.53431508175602,0.104754600631029,0.905593532048979,NA,NA,NA,NA,-43.1277282303206,-42.0295416938052,33
"111","5c1a54257fa1590001b96070",0.591314790888865,0.0654980805019228,0.93299059048085,NA,NA,NA,NA,-27.4061281612063,-26.4591278877863,9
"112","5c1a9e323407be0001cf8165",2.33832447581956,0.317143974191026,0.690124951873622,NA,NA,NA,NA,-30.7074408351993,-29.4900668053616,0
"113","5c23615d70d93a0001202ea2",4.50042109104575,0.208577742915704,0.96240079992366,NA,NA,NA,NA,-59.2352057857914,-56.7421840980672,0
"114","5c28b31a0091e40001ca5030",0.0820770124614423,0.0233469439939595,0.935183633260855,NA,NA,NA,NA,-18.4811830759881,-17.1171142604967,0
"115","5c296b31e9b1b20001b8ac77",2.93161975807493,0.565443187570677,0.0250739169435362,NA,NA,NA,NA,-36.4667839714691,-34.3588029287185,4
"116","5c36776624643200010eb6e5",4.02257062525566,0.617938400823081,0.939669859878462,NA,NA,NA,NA,-50.8877609036002,-48.1523505174631,1
"117","5c377f1965e5c300013ee88a",5.44521373511913,0.577165414174247,0.318720363361532,NA,NA,NA,NA,-57.5483349652943,-54.2561531584356,0
"118","5c3ce5cde0ea82000145f9f9",0.594750577023978,0.0745727290537445,0.984410281271908,NA,NA,NA,NA,-12.5676408561726,-11.5294090349561,0
"119","5c3d9334337ac90001a4d6cf",0.096396443055661,0.366071157656201,0.677006564035278,NA,NA,NA,NA,-2.99342336426451,-2.49515291904274,0
"120","5c3f7c6329966300010dce78",5.07160214938756,0.77389675953514,0.0588825539776184,NA,NA,NA,NA,-52.1032629667248,-48.1031851176435,7
"121","5c47260028cab20001a74aae",1.45232307208019,0.038042190581787,0.771733657032898,NA,NA,NA,NA,-65.7579812140413,-64.3678183804321,1
"122","5c4783f5c41b2a000183a24d",0.353508118073228,0.0121623312529826,0.989964647840833,NA,NA,NA,NA,-48.673799937068,-46.8424326059815,6
"123","5c48f116c41b2a000183e340",1.31928420962617,0.197330288223385,0.439132731074517,NA,NA,NA,NA,-23.6156982979647,-22.8653167428304,0
"124","5c4b6366c547dc0001934854",2.05784175873894,0.509061441491253,0.0477755582275949,NA,NA,NA,NA,-31.9603998714438,-30.4589390833186,1
"125","5c50ce81d99f9d0001b0f696",0.961532951099537,0.256685897783829,0.981588154092995,NA,NA,NA,NA,-19.7662393188989,-18.9099922721632,25
"126","5c56eb0e59095a0001bac969",0.526774574537435,0.0556744475813564,0.99654289898318,NA,NA,NA,NA,-28.1032057230864,-26.8191117607617,0
"127","5c576413a7890b0001f59a92",4.37318488117423,0.767014188796953,0.827799635936622,NA,NA,NA,NA,-45.7897381642734,-42.3213452283326,9
"128","5c5d4afe4cc94200016a4982",0.704151425381906,0.0198402184496491,0.975391193027646,NA,NA,NA,NA,-59.8725796977477,-58.269237259602,5
"129","5c634aca9d0d7000012479a0",1.08333470484038,0.333692886556466,0.930135651770314,NA,NA,NA,NA,-28.3910806664546,-27.5841006226027,6
"130","5c654e352f6d5e000174bae5",5.84575382816824,0.371054049481852,0.536541219292739,NA,NA,NA,NA,-65.4140801126733,-62.2661122966152,13
"131","5c69be6ac3aaf50001c69311",1.38414031218171,0.0168383927618999,0.909872189788936,NA,NA,NA,NA,-66.4011423433089,-64.5879203343569,0
"132","5c6c08c5d9c1580001ce9aab",0.675476112854468,0.100366636947513,0.971263478368137,NA,NA,NA,NA,-15.2946108243664,-14.3975249684532,0
"133","5c6c78c4f9951f0001db8bd5",1.72527096889514,0.942464371306492,0.822264800895902,NA,NA,NA,NA,-26.6302861556916,-22.4852892690334,4
"134","5c6fc42118508b0001e1e711",0.99098087652784,0.10869346091478,0.8992422653989,NA,NA,NA,NA,-41.6318253890578,-40.768567706811,2
"135","5c7840493454d70001df81ee",4.55004560427586,0.613538127507758,0.206866612834448,NA,NA,NA,NA,-47.2610547154945,-44.3557012272738,2
"136","5c790c7e8fbcb100146b6cd8",3.8946671781971,0.18174775360586,0.966251438645627,NA,NA,NA,NA,-60.3146898670043,-58.1230075114946,7
"137","5c7bc8ea5a669300172440fc",3.45794205241767,0.339940024288857,0.961204062845593,NA,NA,NA,NA,-40.9242937228566,-38.9657476395656,4
"138","5c7e22dc6babcb0001850548",3.12572649699408,0.147598160167103,0.963985700135232,NA,NA,NA,NA,-55.7550087628269,-53.9246208918446,0
"139","5c7fa97a212cc800147dd154",2.23452454962661,0.244377125560916,0.766493099963636,NA,NA,NA,NA,-45.1366904181754,-43.9712805896238,1
"140","5c80097d514b730001d662f4",1.25365628030263,0.0105786030447736,0.74776663569288,NA,NA,NA,NA,-67.9814506459065,-66.0815881378578,13
"141","5c8119441c40f30001b464b1",2.38956809376637,0.116206107032501,0.0266062578525779,NA,NA,NA,NA,-53.8194603292674,-52.251907396237,9
"142","5c823b094c3d3f000182fc57",3.90611687558656,0.367539618623929,0.850295270308083,NA,NA,NA,NA,-51.0739450207929,-48.9781203408445,1
"143","5c8831d20d005a00131367d3",0.843498227142954,0.117995800431399,0.986475071342612,NA,NA,NA,NA,-22.9727335243436,-21.9966810984529,0
"144","5c8a65405abd6b0016767b56",3.58876397565267,0.326379367510324,0.414414739683002,NA,NA,NA,NA,-49.4380804409094,-47.6092367198499,0
"145","5c8bdc00302d6c0016a70680",3.13790889207465,0.563822901388196,0.817288375262074,NA,NA,NA,NA,-35.7934424446225,-33.7679433263663,8
"146","5c8cfc3772503f0001e9c965",1.26144114225545,0.00683421170090634,0.366273123784211,NA,NA,NA,NA,-68.2728828920977,-66.1778761674364,0
"147","5c8e05e7aa473f00015e5fe7",2.00503699095299,0.106539499676635,0.966329551437977,NA,NA,NA,NA,-40.4747339177218,-39.0797515141678,0
"148","5c915492399a770001aece93",1.83946236931916,0.187541687449246,0.0164481122044728,NA,NA,NA,NA,-46.5575859056068,-45.3067283690252,3
"149","5c92a94f5983f5001664fe08",1.20793212927441,0.00501487638033118,0.287686277497449,NA,NA,NA,NA,-68.2123160508099,-65.9741564713878,12
"150","5c9776a67610c800126a37a5",4.26823830929433,0.924937027414143,0.850400258420015,NA,NA,NA,NA,-51.0688022666938,-46.0414794426036,29
"151","5c9879aed87fc4000155f4ac",0.575593500733154,0.211212403290497,0.6591243396616,NA,NA,NA,NA,-16.7808580450184,-16.297517253946,0
"152","5c9e119a881e9800147050da",0.886670095956723,0.0910452504749478,0.0356331395830441,NA,NA,NA,NA,-27.6538683636831,-26.6726108744613,17
"153","5ca0de7d8001d50018c69031",0.907103103658666,0.023421119990967,0.658737478026334,NA,NA,NA,NA,-61.9545210868056,-60.5825193749487,3
"154","5ca1f3847a29720017ba6e03",0.290178718950239,0.0130128441339007,0.0538520120656286,NA,NA,NA,NA,-19.5169951415522,-17.8908413851897,5
"155","5ca3adc28618ca001742161b",4.62182471941088,0.389092702974436,0.96337717757571,NA,NA,NA,NA,-61.0118584080329,-58.371620242658,0
"156","5ca62ff267351c0001a652d4",4.22758827595416,0.752093473411134,0.877701086640278,NA,NA,NA,NA,-45.0635293234511,-41.7301394900446,1
"157","5ca730801c2e7b0012af7c21",1.53918478603884,0.0844480808155233,0.82182822461848,NA,NA,NA,NA,-46.7929847961246,-45.6724513442439,1
"158","5ca86b3cb55c520017af9d7e",0.636316504087427,0.0451558411144052,0.588036983735709,NA,NA,NA,NA,-44.1639182510199,-43.1851613850657,0
"159","5cab2b8f1a90ba00141fb656",1.12441861578214,0.0658792289877858,0.509016748153886,NA,NA,NA,NA,-45.1863224309756,-44.1937809407607,0
"160","5cade9a95baa830017900127",3.82025470198333,0.550724540003431,0.9563519754219,NA,NA,NA,NA,-44.6072196977601,-42.1347937450127,9
"161","5cb1ffae6e3f2c001740dfdf",0.733630785466346,0.0159338128730951,0.965277480453297,NA,NA,NA,NA,-61.5221438055964,-59.8388608993207,0
"162","5cb237be9d908d000120453a",0.974375473648938,0.199286952990643,0.856665248911438,NA,NA,NA,NA,-21.0255142637091,-20.3411495537031,17
"163","5cbf52b5bba52700168cbe22",1.49434026370505,0.184362477079148,0.882334850944692,NA,NA,NA,NA,-47.5395587918931,-46.6205659775162,1
"164","5cc1a87f3e1f030016f31afe",5.46762455838641,0.634251267181729,0.819710675705064,NA,NA,NA,NA,-56.6028491134896,-53.0883387147291,0
"165","5cc4969c3b1b1c0018f9da36",2.95256611151503,0.260061680755406,0.752688756206331,NA,NA,NA,NA,-56.240568738478,-54.7352737313647,1
"166","5cc8745ba94e300001fd9687",2.51640770474441,0.829953831971097,0.844287728263156,NA,NA,NA,NA,-28.029563926797,-25.0753539452016,0
"167","5ccafdfd42a8970001f8081f",4.48370272972716,0.567498321717104,0.119879932919764,NA,NA,NA,NA,-53.833739779919,-51.051156716731,0
"168","5ccdb020ed1c4f001649810e",0.0298400910459753,0.0411764996559091,0.596401708152686,NA,NA,NA,NA,-3.87081846890152,-2.82310916745398,0
"169","5cd707bb2e50c90017583e61",0.866530884004743,0.0338646746606131,0.929137238288098,NA,NA,NA,NA,-59.904850507483,-58.5928197236673,0
"170","5cd726aab1fa62001a8de584",4.78398893882203,0.664284424582439,0.911734612471726,NA,NA,NA,NA,-52.6060599388051,-49.3257435899331,10
"171","5cdc5fc0243827001706434f",2.66313537619706,0.638627772229557,0.942855719874455,NA,NA,NA,NA,-29.9798716765116,-27.8660119952152,2
"172","5cdd35e1ffe01a001631cd78",0.891338746656343,0.283690844803179,0.791676448161494,NA,NA,NA,NA,-21.1985573068231,-20.5834651117719,0
"173","5cdd8bb5fceec6001763f998",5.19040236559167,0.418191483232678,0.851658952507856,NA,NA,NA,NA,-61.3283821541424,-58.4510949466477,5
"174","5cdfb5e4b5dcb500011d0d07",0.18275139006315,0.0116728573381519,0.0500341066917628,NA,NA,NA,NA,-19.9094635289892,-18.2267425757423,0
"175","5ce50e4054e33d0001189577",3.47687433020016,0.27244343416145,0.27314924201786,NA,NA,NA,NA,-52.012379833122,-50.2466696147863,1
"176","5ce56b5de9e85d00159a0174",2.59188108097773,0.632539278639066,0.851380934747324,NA,NA,NA,NA,-29.32062346827,-27.3466133246466,0
"177","5ce65aa96ad4e50001097566",0.0780985387678497,0.152403133218857,0.246875353672173,NA,NA,NA,NA,-2.33381743684627,-1.80410082603876,17
"178","5cee4a172674040001d07c5b",0.651599573425288,0.0438785403511238,0.992589849526441,NA,NA,NA,NA,-45.766579059408,-44.4212919889798,0
"179","5ceebfea7a3448001a6dd6ee",0.0990901183797957,0.00452750865618742,0.761629180092529,NA,NA,NA,NA,-44.3875471262692,-42.352805262778,2
"180","5cf03597beaebd001f0d73ab",0.538075647039316,0.0165865450730814,0.985860722520563,NA,NA,NA,NA,-53.124681734868,-51.4326340258072,0
"181","5cf0f45706fb120015ecfd2e",2.33932410514832,0.877036043806861,0.607072390796136,NA,NA,NA,NA,-27.6001022263212,-24.3301916662675,0
"182","5cf12ddbf17e370017a278c5",1.59988390946142,0.455944393547693,0.819484842030924,NA,NA,NA,NA,-31.6795849998388,-30.5967032877631,2
"183","5cf656e90acc8f000147f643",0.254610805081166,0.076792255508674,0.996169550498576,NA,NA,NA,NA,-8.22746838616293,-7.13267054167143,0
"184","5cfe7e8bc2acc60001196300",0.679830966032969,0.0372979798409414,0.878868451794594,NA,NA,NA,NA,-42.3862761292738,-41.228368675658,0
"185","5d0124a5b35d41000152ded3",0.88018554822729,0.739607635297689,0.328197428404785,NA,NA,NA,NA,-12.8331247424968,-11.2122923284497,12
"186","5d0a345d8d7a4b000172fb93",1.52006932551853,0.0287193984539241,0.958636201123988,NA,NA,NA,NA,-64.0854858684932,-62.3917313136939,0
"187","5d0b787c4d659a000139110b",0.651469489391422,0.0672442937629172,0.972715849078074,NA,NA,NA,NA,-29.4991868865121,-28.4586042885995,0
"188","5d0cc9b80622c6000144f1d6",4.7282871622356,0.671512652928162,0.101588379758903,NA,NA,NA,NA,-52.6202352226224,-49.3569824628786,13
"189","5d124464019fa6000162bfdb",0.662599789141285,0.0139324021016926,0.97458806464378,NA,NA,NA,NA,-61.3947065723084,-59.6400377498923,1
"190","5d1290103b20b0000102e8e3",1.34863856184801,0.527668973240398,0.806002366931882,NA,NA,NA,NA,-18.4106088898354,-17.2992394051983,2
"191","5d166c21e1c05200198b446d",2.6611115303855,0.325695018743387,0.828050079817241,NA,NA,NA,NA,-50.2718146383916,-48.8550887207109,0
"192","5d1bbbd63788ac0019ced5d9",0.341969196303041,0.0341986811093369,0.905030425289746,NA,NA,NA,NA,-22.0185684405191,-20.8880224976245,0
"193","5d1bcfd2e24a990001f327a3",1.45873584477493,0.872393341706686,0.747032983989892,NA,NA,NA,NA,-21.7903546414649,-18.9407869538465,0
"194","5d211227bdbc65001b7ace0a",2.12047172508637,0.213660665920972,0.991668524610642,NA,NA,NA,NA,-47.3628013488835,-45.9347935389578,0
"195","5d24c2146dd2960016cef0b7",0.996027117108917,0.408613112714027,0.980282114724395,NA,NA,NA,NA,-12.566790319303,-11.5939521700382,11
"196","5d26c8bc341630001a250a2f",2.57734558539734,0.73974976487212,0.44256889911965,NA,NA,NA,NA,-32.575471351873,-30.2360050321185,3
"197","5d279cd62c5700001b7ec29a",4.03559968753751,0.715535163637359,0.834858488480774,NA,NA,NA,NA,-40.4110143365337,-37.3883182681232,29
"198","5d285eb5324974001908c626",2.33574697701684,0.179761415388565,0.970927402690906,NA,NA,NA,NA,-53.6809574176355,-52.253391181383,1
"199","5d2e2703a845b0001b439e08",1.78822630680588,0.50303997352191,0.547681898796833,NA,NA,NA,NA,-25.1205167391888,-23.9210617583057,4
"200","5d37763a3cedb40001afecf5",0.868777855909171,0.0120710993917075,0.0546215476545743,NA,NA,NA,NA,-63.7583432069403,-61.938896700612,6
"201","5d39bb499f4f3f00158298f2",2.94546261372881,0.358314068127839,0.217970663842716,NA,NA,NA,NA,-33.2701995268972,-31.7061521540314,0
"202","5d3e019693eb2d0015788062",2.63800948496646,0.419454826870898,0.427394042898776,NA,NA,NA,NA,-30.7799938612736,-29.3304670940474,0
"203","5d404c6a584cc80017e81001",1.51943105569719,0.886204954291421,0.987284942335053,NA,NA,NA,NA,-24.9057651517802,-21.5956253211824,0
"204","5d442c09f7386b001a3c2477",0.264067713436379,0.183399456866474,0.966242723170669,NA,NA,NA,NA,-9.75867478153537,-9.12900854918805,0
"205","5d45521afdaaad00010ec185",2.4275273453051,0.835684565284901,0.600321938556396,NA,NA,NA,NA,-28.8458169847136,-25.9458277547232,3
"206","5d4b334b1813250017d3c6cc",0.562908479082924,0.0313263839125997,0.973991449760192,NA,NA,NA,NA,-43.4563161861477,-42.1123063893778,0
"207","5d4b4d093574500018795f36",1.40281606104122,0.0188054118740744,0.629397103683,NA,NA,NA,NA,-66.288508914017,-64.624367222124,8
"208","5d53346807e8740015e561ed",0.484720586055784,0.0782039045407113,0.937791281555695,NA,NA,NA,NA,-11.9167751362713,-11.0603851801447,13
"209","5d53b3d1e8e8960018276120",1.91401873064824,0.318723766931026,0.0487577739811222,NA,NA,NA,NA,-29.7276173577261,-28.5500502165565,0
"210","5d53dbf16b0cf6001646dbf1",0.44879976550401,0.0551175034093581,0.99094675945809,NA,NA,NA,NA,-22.04042468273,-20.8678405588543,0
"211","5d5402545aef9b000118fd50",3.0999992930115,0.763360972977678,0.755729568379419,NA,NA,NA,NA,-34.9868571773964,-32.2357863650927,8
"212","5d5560c71f535a00183d28e5",0.473260904360582,0.0258570261168866,0.975747014712359,NA,NA,NA,NA,-45.1302202143849,-43.7159755746935,0
"213","5d5582d5c20c10001aaba934",2.02216686200054,0.322170677742961,0.948601552142327,NA,NA,NA,NA,-25.5623123090715,-24.3390292569894,0
"214","5d55a320d9450800172506d4",4.40245282222706,0.29098992123278,0.955540813711214,NA,NA,NA,NA,-59.1767741179166,-56.755847899453,0
"215","5d55aa13b125380018b5562c",1.21381546232788,0.325542823642764,0.964630498463018,NA,NA,NA,NA,-20.2016164198371,-19.2851584195007,3
"216","5d55b289e04e1c0017f5e602",2.20934263886185,0.0699329308572738,0.506850025577783,NA,NA,NA,NA,-61.0126561068478,-59.5782436374372,10
"217","5d5728471da7d10001a1a600",0.197774614946079,0.0127824783472093,0.991893288444736,NA,NA,NA,NA,-44.9630571920682,-43.1474481886606,2
"218","5d5c1fec3690e5000187b4fb",3.73705176008649,0.176582759605018,0.95280662557279,NA,NA,NA,NA,-58.96995406799,-56.888945105761,6
"219","5d61aca9b242ef0001f125b3",0.319250848146006,0.0393903049551602,0.217352682693932,NA,NA,NA,NA,-9.00288207887468,-8.00670609610416,2
"220","5d62e42406ed5a001a2084f3",0.545305404839956,0.124905461088076,0.987476552403088,NA,NA,NA,NA,-15.6457587660161,-14.7741662490018,1
"221","5d643088609a430016a3d990",3.06701207228496,0.845952265300547,0.802166138434583,NA,NA,NA,NA,-44.1364049957788,-40.7941487009225,0
"222","5d654a1e855d77001b10dd92",0.430708712586397,0.133070381004516,0.784993922008568,NA,NA,NA,NA,-20.1099447518973,-19.5465772628385,0
"223","5d692e475719130015a805cd",2.70407792426367,0.840541911470057,0.539418082820356,NA,NA,NA,NA,-35.1400389320549,-32.0694458165171,0
"224","5d6ae722c160f500175daa9b",0.574332476707403,0.114824836842329,0.988943619087337,NA,NA,NA,NA,-14.7690440975377,-13.85199421978,6
"225","5d6eb1ba1c79b20001fa0386",0.552184900023597,0.0264379568545546,0.988842693276054,NA,NA,NA,NA,-40.442140453271,-38.9407722061344,3
"226","5d73e916515c8b001bed0c5d",2.56453016287164,0.595745839911389,0.0267646428193459,NA,NA,NA,NA,-25.6296854502328,-23.6238668775305,0
"227","5d756ce093a94500163ea6a2",0.156029864173356,0.260011924629983,0.993774728107816,NA,NA,NA,NA,-6.71579610411596,-5.94315537826114,1
"228","5d7693e9e8e18a0001f28996",1.34494169271283,0.030845727437431,0.938111863352718,NA,NA,NA,NA,-62.9612210468487,-61.4106674402442,0
"229","5d78a675b04edb001a089150",3.6491805483355,0.741872747841246,0.509972581851939,NA,NA,NA,NA,-41.1986182299487,-38.3129210939894,2
"230","5d7e1d2db5bd580017d11cec",1.24956534979253,0.0061523027851805,0.501247929077765,NA,NA,NA,NA,-68.0967962026625,-65.962439093988,1
"231","5d8154a847a45600189e8f35",1.25460179404753,0.0072077978272501,0.311207977052609,NA,NA,NA,NA,-68.1622960791726,-66.0881171587423,0
"232","5d825b9b812e1e001556261f",0.809498314399038,0.0290047456306881,0.987907309840296,NA,NA,NA,NA,-46.4505404297959,-44.9178772821894,0
"233","5d85994fbbc0800019390cd4",1.62244683698281,0.889009513352761,0.380166703514967,NA,NA,NA,NA,-23.6764871058488,-20.5799779741725,1
"234","5d87eff52447650001f822cc",1.37719409346306,0.030440543960129,0.720556728783373,NA,NA,NA,NA,-62.8415250405704,-61.3961459182578,8
"235","5d893e68f58b17000184839f",0.591542759868719,0.101133064850929,0.839287388258821,NA,NA,NA,NA,-21.2411741873478,-20.529891159884,0
"236","5d8f59c15231090015a7ae08",1.39692629175933,0.0129958269842989,0.728402396614823,NA,NA,NA,NA,-66.7420326998745,-64.8879453204989,28
"237","5d91a7c336017c00192a6755",0.211341226590607,0.0742649704596627,0.992084743601116,NA,NA,NA,NA,-8.41616017673678,-7.38197546672794,0
"238","5d921a2e34fc500016df8e5f",1.43714010707804,0.847336766917933,0.919038387892552,NA,NA,NA,NA,-19.5376725436921,-16.8582350429176,0
"239","5d9d0791f03a95001726799d",3.21686940363904,0.392911045355817,0.608275066003365,NA,NA,NA,NA,-51.3859402455845,-49.6827734206417,0
"240","5d9e1929203419001625df07",1.31512314581574,0.690244046622513,0.0252697123177177,NA,NA,NA,NA,-17.2392454766708,-15.4581459483022,1
"241","5da1eb441b927a00168d2a30",0.241066981909881,0.0364702517760061,0.946677062326043,NA,NA,NA,NA,-26.0032874636856,-24.8592573548275,4
"242","5da4ae83fa7abd0016ddd461",4.22910743964094,0.48930325043947,0.974481306696408,NA,NA,NA,NA,-50.1551780761854,-47.5438587204175,0
"243","5db1b1b6cd3329000ba29566",3.33184389514135,0.839179271847541,0.269853281887226,NA,NA,NA,NA,-34.2273757655837,-30.8336897486982,0
"244","5db1f2b6dd5fa3000a552ede",0.680292211406896,0.021711802809859,0.971412478781702,NA,NA,NA,NA,-58.0501140218979,-56.5112294226707,4
"245","5db4ab7dc8f993000c9d2c5f",0.898887170633771,0.0299888884347688,0.988386092369995,NA,NA,NA,NA,-59.4721229360912,-57.9190856884992,1
"246","5db6ec97d9b41d000b2464eb",1.40161862631552,0.322892721749823,0.744445207411444,NA,NA,NA,NA,-28.891376579595,-28.072523331652,16
"247","5db8a8831d5c1a000e5bc4dc",1.63353070498923,0.0529569500450496,0.457253539597719,NA,NA,NA,NA,-62.9891664935064,-61.69862625112,0
"248","5db92f4d8e9761000d7d7a8b",3.33598561649832,0.476416949674658,0.961101354198663,NA,NA,NA,NA,-46.9069126658167,-44.8324484515177,7
"249","5dba043b732f4c0607595ec5",2.08840487786797,0.2182234354931,0.989678360283219,NA,NA,NA,NA,-43.5624721325475,-42.1721228631441,1
"250","5dbab43dfbc6bc0d009d6c6e",3.44142253411421,0.598846148947952,0.96039744718311,NA,NA,NA,NA,-39.2808187906414,-36.8688901770523,0
"251","5dbc7bb351b13c22d8df0fe8",1.50455990660656,0.0268599926903411,0.496060507866103,NA,NA,NA,NA,-66.350583060504,-64.8168781365352,0
"252","5dc486da84799a35fbede98d",1.82365625670995,0.950877111371281,0.779598757304376,NA,NA,NA,NA,-35.7216601809172,-31.3171368044228,2
"253","5dc6eadc4d2b664e2ce6d319",6.025647163601,0.67647020215879,0.881001796125087,NA,NA,NA,NA,-57.8795432067945,-53.8362576488344,4
"254","5dcb2bb4ae3b3b814b5fe27d",4.50374139971373,0.686856083700834,0.53683850921907,NA,NA,NA,NA,-46.1625864606388,-43.0655995934345,4
"255","5dcd4ccd0ee193016c26409f",4.19794565165122,0.327268727184815,0.201264986069422,NA,NA,NA,NA,-55.0783926032655,-52.8829873515568,0
"256","5dcd9694f6695d000b53f502",0.838491053010026,0.0168830447423511,0.112537412681428,NA,NA,NA,NA,-65.9204312744501,-64.3380608605166,9
"257","5dce556e93729c0dd37e570c",3.26446007866308,0.14820964292074,0.724826518882691,NA,NA,NA,NA,-57.7492543142237,-56.0247338116277,5
"258","5dceb951381b67000e06113d",1.94300791875478,0.11455425296716,0.975519451016196,NA,NA,NA,NA,-49.7883811522437,-48.41304840069,22
"259","5dcfe05d1228d90e53724347",0.090781198911312,0.00465875816708761,0.33146084064001,NA,NA,NA,NA,-24.8503542697814,-22.8446340017957,0
"260","5dd28e64cf08aa2982532314",1.30847835220911,0.00865174880455457,0.863420987509645,NA,NA,NA,NA,-67.9998782243823,-65.9333558814552,11
"261","5dd5b7e718beb657ad00c313",4.3446891025508,0.4675935176373,0.25559827190823,NA,NA,NA,NA,-54.7012235684034,-52.2696410037029,14
"262","5ddcf7679dac7cc5e395cd35",1.57627031829753,0.0203845396800909,0.853286897403145,NA,NA,NA,NA,-66.3186041044657,-64.557452420946,0
"263","5ddd9d0e40460ecfff653cb5",0.722297742855468,0.0599491133811349,0.994386616907048,NA,NA,NA,NA,-31.625005045116,-30.3600929602564,5
"264","5de1868db28cf71e8fd77007",6.39189789812406,0.870019255869903,0.689482708902621,NA,NA,NA,NA,-60.9730916771612,-55.5260390257426,0
"265","5de25cb38fde1c290dfa32a6",2.06243337529067,0.136227629748347,0.832263819403019,NA,NA,NA,NA,-45.998150378542,-44.7950963501077,0
"266","5de960efa71cf402386bfe40",1.34533634344006,0.205278130261672,0.982597649084326,NA,NA,NA,NA,-30.7645486960014,-29.7416311312414,2
"267","5deaabae61513d1d56c7e52a",3.76483885562456,0.362886456438177,0.203283478332245,NA,NA,NA,NA,-49.1616299858743,-47.1694920712548,1
"268","5dead046603cf720024181d8",4.39029007611784,0.77806708032373,0.353477219754204,NA,NA,NA,NA,-37.5910692795399,-34.0946597845615,5
"269","5dece22f8b5f8b3a80ab3f54",1.23178175222245,0.0181432208278083,0.581966533852092,NA,NA,NA,NA,-65.2815182562087,-63.6740635564941,4
"270","5def763ea484415fecd02221",0.36440657378984,0.0997504793808243,0.75789047313508,NA,NA,NA,NA,-10.2748004728158,-9.64598468752436,0
"271","5df77c5f69a11751a9e8c6d7",1.44463773993693,0.044235187952312,0.496188037748334,NA,NA,NA,NA,-61.7665414624142,-60.4803013178216,5
"272","5dfa688379f2fa7b1cdf180f",1.44019494052939,0.0215179374312423,0.823801889025001,NA,NA,NA,NA,-65.6255191758979,-63.9616828055906,2
"273","5dfa781efa3d107cc08854a9",1.11020397378844,0.0212436457041898,0.866748278060346,NA,NA,NA,NA,-62.5428068131622,-60.9827107531717,9
"274","5e0125d4c12a36d0d6b84b93",1.92489286887069,0.362449780065804,0.571652399935306,NA,NA,NA,NA,-27.8747074913102,-26.8234556628344,1
"275","5e06174335a7a5006aa0df98",0.810204087221846,0.21317471468591,0.721637824519735,NA,NA,NA,NA,-23.3645468331575,-22.7957187509255,19
"276","5e067f13e632e10594734ab5",4.01477798299327,0.20373490036713,0.339851741977978,NA,NA,NA,NA,-61.6898655162161,-59.6429519641598,25
"277","5e0b3cf40db89237cdbd9e31",1.29216219738233,0.0196403087611154,0.717749382097442,NA,NA,NA,NA,-65.4603750552587,-63.8477535118469,14
"278","5e0f26b63ccda26295505f0d",3.88750502805447,0.935921366047734,0.936674243482535,NA,NA,NA,NA,-44.4258542852964,-39.2966822596435,0
"279","5e0f5f8658a5c768bf461df8",4.05499173471897,0.552300145516148,0.922018491955086,NA,NA,NA,NA,-45.7766167320151,-43.2291587797689,0
"280","5e1339cd11d87998afeb8825",4.50992888470903,0.77970240592941,0.893702035773471,NA,NA,NA,NA,-47.564002718272,-43.9032118115847,0
"281","5e13a1381e2e589db94cd20b",3.80397610454909,0.839638621670772,0.735508808059742,NA,NA,NA,NA,-41.6948222578771,-38.0504873034021,0
"282","5e14c7c3cbfadc000d032ddf",1.25479664212544,0.00313703635916152,0.685373238888889,NA,NA,NA,NA,-68.8381477648627,-66.3546812276815,19
"283","5e15da8a805a30bcd2ed796d",0.779710773897133,0.0559684759016699,0.990899791301855,NA,NA,NA,NA,-39.295209478648,-38.0310497691436,0
"284","5e185c397eeb87000d989683",0.205874166860006,0.0615794722637587,0.997439557134434,NA,NA,NA,NA,-11.990922871674,-10.7710402817936,1
"285","5e18c4dd21c2a7000c60f8cf",3.4903485512077,0.483683621362698,0.0621768416958897,NA,NA,NA,NA,-45.5043784939334,-43.3817351844813,7
"286","5e18ca0eba65e719f09679ba",7.51999698636161,0.720790470511586,0.836914416196623,NA,NA,NA,NA,-64.4581291440273,-59.2562525786973,3
"287","5e1ceadb86880807648d5ec0",4.11757941369388,0.28575510269814,0.878965070249987,NA,NA,NA,NA,-57.2921649847132,-55.1211969901596,1
"288","5e21d5235f39764b9b58af17",2.35056326044057,0.411253217310659,0.913474489853664,NA,NA,NA,NA,-35.4929007078217,-34.0777700770408,0
"289","5e222f8048ea75061f1eb5c7",2.66741808899818,0.655599031119621,0.0243618288703024,NA,NA,NA,NA,-24.8485613665506,-22.591761392103,2
"290","5e26e486fcf95e90fcc7c175",2.07911767676393,0.180679356174644,0.808464188582715,NA,NA,NA,NA,-46.2627907803502,-45.1244820244942,23
"291","5e2c2d3a8800e72590334bdb",3.72022269728861,0.815600736844338,0.177421959446749,NA,NA,NA,NA,-45.837279292967,-42.4033863750113,11
"292","5e2c96a6ec357b2b16b15d31",2.41974422171207,0.148878397542539,0.981628820160673,NA,NA,NA,NA,-49.6883228666618,-48.1377748374279,0
"293","5e3012c68dc3120111433304",0.104709076330701,0.184009090656427,0.349789541445227,NA,NA,NA,NA,-2.25521180320042,-1.80016336713082,0
"294","5e30492697a58001749fce6b",2.06556465506623,0.290624439975786,0.140767666890148,NA,NA,NA,NA,-35.3236210429891,-34.1882743555524,0
"295","5e317e93287816155e5ac60d",2.24791755455097,0.181747552497806,0.807242400341377,NA,NA,NA,NA,-47.1869992958122,-45.9727973485803,0
"296","5e32c95c87b8ef28e5aff6ea",1.74368047422748,0.125447446985712,0.497372856229591,NA,NA,NA,NA,-44.8474413050615,-43.8217744076082,29
"297","5e32d8909af66c000b4d8a82",1.65876285009515,0.351813241560514,0.150805980970183,NA,NA,NA,NA,-23.3984683056578,-22.4089902413421,0
"298","5e33190a5a41122e93c40989",1.00129924714392,0.0168891782631637,0.876642971537355,NA,NA,NA,NA,-65.94171468602,-64.308418197376,0
"299","5e3326095a41122f66244612",1.65811081593108,0.0575532904898025,0.378093326838986,NA,NA,NA,NA,-52.2474345193565,-50.9752582044269,0
"300","5e34a2c2f1319b4763f82289",3.58527095536986,0.24253201992577,0.949376026577586,NA,NA,NA,NA,-52.6935684531756,-50.7321257796605,0
"301","5e360848a42bce5c5fce0b89",0.395248841296324,0.0170669058442755,0.020745751972786,NA,NA,NA,NA,-51.121431306739,-49.5155510446311,4
"302","5e3aa9e1764672000d62723d",0.269782546955775,0.0298933636113128,0.981449951297818,NA,NA,NA,NA,-19.3419539592676,-18.0048804568804,0
"303","5e3b07fddc4a3431fbcc6235",2.3687873062344,0.560662640826117,0.0815764767247941,NA,NA,NA,NA,-28.4941781183172,-26.781034712439,0
"304","5e3b0defeab8663234a735c0",1.98395382341055,0.769157497147901,0.936253008594381,NA,NA,NA,NA,-27.3321395120984,-24.9656469137067,0
"305","5e3c595d955ce604ac669fcb",0.846346726818295,0.0571083626421248,0.992488951814441,NA,NA,NA,NA,-28.700175449697,-27.4021962031654,14
"306","5e43e3fdb58b932646448d07",0.857725647618678,0.0512144553598145,0.991407467110595,NA,NA,NA,NA,-41.096410505517,-39.762644013018,0
"307","5e443478b58b932c06d95bbf",1.47868044744665,0.233844237323729,0.904446590664888,NA,NA,NA,NA,-26.8284738277228,-25.9226985849447,1
"308","5e44375e6294c22ba48ef3b7",1.22534826552665,0.841902052946286,0.763042849326158,NA,NA,NA,NA,-21.0570733158293,-18.6018387215733,0
"309","5e4503cbc031dd370fd4aae3",2.36945626091165,0.742877646721737,0.988799484512082,NA,NA,NA,NA,-29.1633756494608,-26.5958768678098,2
"310","5e4554f745ab32032eb5205b",0.476087432651989,0.0417337190399063,0.95994710706823,NA,NA,NA,NA,-42.8020851561022,-41.6503816677552,0
"311","5e45c6a821fc4a089b895774",1.36558332202758,0.192473089722444,0.896980415934357,NA,NA,NA,NA,-38.8206278721803,-37.9499169009998,3
"312","5e4721a7eab94f1f27d57fe0",2.15705296694994,0.736065964423309,0.959290958732524,NA,NA,NA,NA,-27.3708883043314,-25.062411226889,1
"313","5e47ad846c3d4425c60ccbe5",0.750139304083576,0.0459697665299824,0.877400266159063,NA,NA,NA,NA,-36.5225976378158,-35.4337069759271,0
"314","5e4c1b96d4ca7604f95231e0",3.22561898444584,0.415887846256306,0.47718378970575,NA,NA,NA,NA,-40.2041193846247,-38.4716681457148,2
"315","5e4feb8037713502e9ed364b",4.68443509214241,0.765427149992892,0.893078046091812,NA,NA,NA,NA,-51.2155521485468,-47.5420476810181,1
"316","5e5024d8b0c66e06d4d4c5d8",0.285073503916116,0.0622075647446084,0.908809602932506,NA,NA,NA,NA,-16.4576007746132,-15.58622482326,0
"317","5e505e8297da520a2f046a09",1.19707694135833,0.536948792385303,0.930771478157666,NA,NA,NA,NA,-21.3640704644201,-20.2039210339226,0
"318","5e510d0760dd0913e45370dc",0.713999137683172,0.0233656482126765,0.715265440533418,NA,NA,NA,NA,-51.5896749332931,-50.2733267704526,1
"319","5e516283779c71000b8e4493",0.308002760991133,0.0600080326129183,0.239180800403531,NA,NA,NA,NA,-13.567704844725,-12.7577595793435,1
"320","5e54041653ecf1405f8b228c",0.390865647866571,0.00967926225143915,0.0491676758200423,NA,NA,NA,NA,-44.306403188148,-42.5124178053219,0
"321","5e58333d4b439f04b1069026",1.74387288986033,0.483964768463927,0.969726701056459,NA,NA,NA,NA,-25.1141266812549,-23.7579417154602,0
"322","5e59a78652cf771b84dc6da7",3.46302456442197,0.872672712628874,0.881888042310996,NA,NA,NA,NA,-37.7789318845926,-33.9235274935327,4
"323","5e5a5cff514eb6000d5c5354",2.27068454348124,0.346878952309726,0.957125405191277,NA,NA,NA,NA,-33.3061119417879,-31.9331494518988,1
"324","5e5ad8d315b8d42db10b84ce",1.32368736795419,0.0410081375505062,0.990113616444128,NA,NA,NA,NA,-55.993211040205,-54.3998650111559,21
"325","5e5bb20d6551fe38c99ede03",1.92145262352957,0.345908832870495,0.971060042498181,NA,NA,NA,NA,-31.0122932606105,-29.7611551011967,4
"326","5e5fc346cf3e300453d01cde",0.548734472972196,0.0177891410054161,0.975726581913707,NA,NA,NA,NA,-49.0806003324903,-47.4717557533758,0
"327","5e662ebd5c28e1000c543cab",0.464507356203018,0.138802265068962,0.954743121604643,NA,NA,NA,NA,-7.95626458938173,-7.25977513944253,1
"328","5e6684fbad227705baafcd27",2.56004182233761,0.696079129240262,0.735763300976041,NA,NA,NA,NA,-32.7205807192814,-30.5678181041627,0
"329","5e67d165cbb37e037909c20f",5.48336414938578,0.543396443795875,0.939777423656071,NA,NA,NA,NA,-60.6780222992669,-57.3135644361206,0
"330","5e68e37d1f156a187d75e7b8",0.205974125740349,0.0160321362928176,0.96543247316463,NA,NA,NA,NA,-39.6735144081631,-38.1088727432292,3
"331","5e6a53649dae0e000cbe6857",0.993218658432482,0.27940641386174,0.84480959045641,NA,NA,NA,NA,-19.4465901778509,-18.772595975655,13
"332","5e6e37cf6c47283eaa39ceeb",0.259921805430623,0.00721850589801163,0.013684555071241,NA,NA,NA,NA,-52.2943210293916,-50.2522575671422,0
"333","5e6e5193add3930009257bb0",2.54220417929201,0.448663147368657,0.0527603042422251,NA,NA,NA,NA,-25.2998619422671,-23.693528801875,0
"334","5e6ec0b3b0939647aa5cfd10",1.16772550898564,0.0512497987691589,0.467423906916498,NA,NA,NA,NA,-58.4307945493732,-57.3187205949671,0
"335","5e70af30559b240008daeae3",1.82483694534976,0.0477552789025392,0.820520661120806,NA,NA,NA,NA,-61.9910532190291,-60.5216847866458,0
"336","5e70dca90e26b505a29430ba",1.3013624958704,0.0103883634315189,0.476611077345235,NA,NA,NA,NA,-67.4431323733305,-65.5432448016517,1
"337","5e7119565b050e0255fc4577",1.57047483794782,0.0207580290666,0.538259954051987,NA,NA,NA,NA,-65.8564441466712,-64.174837830189,1
"338","5e713a14dcb6a904c303ade8",1.27548464372108,0.00783108465618519,0.718678301205764,NA,NA,NA,NA,-67.9357499288741,-65.88786794235,19
"339","5e722d54811ec3046b5defbd",2.56658256049605,0.0663673478622393,0.310432041830123,NA,NA,NA,NA,-62.5337334563074,-60.8958220795247,9
"340","5e7257649b289e07c047155f",5.09034653627775,0.742093540162287,0.357909649604456,NA,NA,NA,NA,-51.7647694881533,-48.0724188428387,7
"341","5e7412a64f333138fb44c599",0.0481453647680266,0.118856757410333,0.859904215845465,NA,NA,NA,NA,-2.48011645185372,-1.80606763863581,0
"342","5e7772003da1362dc44fdea9",0.384378196406232,0.640969843561939,0.00851053810376137,NA,NA,NA,NA,-10.4320596217509,-9.04273617155257,6
"343","5e77733a2e31442cbf638265",0.0134165541222089,0.00319680608494914,0.536011306718784,NA,NA,NA,NA,-26.3939430984875,-24.0573759013511,0
"344","5e7921fcbd76c94d6b4fac57",3.40077705280059,0.420963943369097,0.922047953463004,NA,NA,NA,NA,-47.1401373931439,-45.1870313006354,0
"345","5e7c7bf3ca18002bd9cf6eca",0.79975364999861,0.124370339173248,0.924989804536767,NA,NA,NA,NA,-18.6735405554128,-17.8929915178297,2
"346","5e7c94cc23469b0172ccdb3f",1.34875034304233,0.0112382076847595,0.913967376204024,NA,NA,NA,NA,-67.5677121278649,-65.571141055597,0
"347","5e804dbf2962d37261e58004",4.31956810073797,0.62055867207616,0.315642115028785,NA,NA,NA,NA,-49.2290099819686,-46.4574173418965,12
"348","5e808eb795fdc17626bcc164",0.517234415262283,0.00747653915693614,0.264058060167751,NA,NA,NA,NA,-66.2738578197921,-64.4663979723096,0
"349","5e8237491699ef955427c59a",4.11107661708019,0.491967687254197,0.946976939831959,NA,NA,NA,NA,-57.8300893840616,-55.3481828909698,0
"350","5e83b9e3e3a9da1163fdd0dc",1.28530072484862,0.0982689172554341,0.986308979258937,NA,NA,NA,NA,-43.5043919768127,-42.3033748203402,5
"351","5e850a7b45c5ca0ec7b99507",0.407631275650803,0.0136829935104401,0.975487330892829,NA,NA,NA,NA,-51.4228142074834,-49.7252932699918,16
"352","5e870beea13e700009960abe",1.99972720985345,0.242875238486346,0.990190860283042,NA,NA,NA,NA,-38.9376835045193,-37.5878547790222,0
"353","5e87c4c242701c45712423d9",0.552004069710652,0.0197637935556993,0.988556007395449,NA,NA,NA,NA,-46.6903690603258,-45.0563332618283,0
"354","5e87ef6eec9b3347e5eae408",0.0949085875381692,0.0891829883531982,0.997431881586816,NA,NA,NA,NA,-4.82714088340278,-3.72083135412413,0
"355","5e89f8a5141e8b69bf1ee867",0.408763053770229,0.0194208854962564,0.984219990701786,NA,NA,NA,NA,-47.0212618658978,-45.4466908409508,0
"356","5e8b2835da38297d4e63e3cc",0.622203897188864,0.0379771050739815,0.987765592226384,NA,NA,NA,NA,-37.6805998933923,-36.3310216864885,2
"357","5e8b765e88065404c4d50fe2",0.3603601645375,0.08846369848902,0.804713144860832,NA,NA,NA,NA,-18.8268032956988,-18.1418773893134,0
"358","5e8cb846e94a4406307d6da2",0.504700697497359,0.226158834747912,0.934377445803268,NA,NA,NA,NA,-8.60641428622627,-8.01834515699779,4
"359","5e8d2e6df549ba100a770cba",4.09764045636728,0.8119306684736,0.919706002041649,NA,NA,NA,NA,-45.9841813730626,-42.3080291000699,1
"360","5e8d804740aaf4000a51d9e9",0.820949975302051,0.082250166405647,0.993370759053744,NA,NA,NA,NA,-30.096620344716,-28.9369880116199,0
"361","5e8e053e16b8100a136c871a",1.49572301562916,0.0187974164592059,0.912127100812467,NA,NA,NA,NA,-65.9173666561589,-64.107540619454,0
"362","5e8f4b597ec957073a4ea143",1.53338217231315,0.216960470547217,0.219552432015925,NA,NA,NA,NA,-36.446099154264,-35.5810076361199,0
"363","5e8f8c171bd6f70ea39197d9",1.48100802567831,0.805560621998092,0.919218779355467,NA,NA,NA,NA,-26.6906129437928,-24.3302339078031,5
"364","5e90c561bdeaf60737085250",1.24042503663787,0.041284892470697,0.945386847840916,NA,NA,NA,NA,-54.4903282909843,-53.0997391623268,4
"365","5e91c2c8cc3d6c4f2e8e8c30",0.526888212421881,0.0432525306563695,0.874848784225512,NA,NA,NA,NA,-35.9652830720725,-34.9204132689719,0
"366","5e93f6b64d246b73073c3ba1",5.39929326755717,0.741659745487499,0.934377045620944,NA,NA,NA,NA,-54.6084817570164,-50.6036808459078,0
"367","5e96df278f41320009c08d70",0.666110911403908,0.194678231486732,0.135022132503479,NA,NA,NA,NA,-19.1246775705332,-18.5388347794992,0
"368","5e97f51d048d682c884ae09b",4.43884332493437,0.326200902573285,0.899928597734323,NA,NA,NA,NA,-56.3781440385504,-53.9928594796877,0
"369","5e998401c38a2e1b542531e2",0.939424372484883,0.0693832142265966,0.967976913513787,NA,NA,NA,NA,-27.6731790369372,-26.5619902434729,0
"370","5e99ad97cdf86a000855cea7",2.29286618477445,0.422381833462936,0.973242065273871,NA,NA,NA,NA,-28.8935441717797,-27.3790043668658,13
"371","5e9eb7feae5c8e27ada35b9e",0.589090318727278,0.0464096560614704,0.792648462115091,NA,NA,NA,NA,-30.8952623078887,-29.9036473978143,9
"372","5e9ec50dee2ccf0009319b7c",2.34577330699202,0.452951539009793,0.0205989827511157,NA,NA,NA,NA,-47.6147294999492,-46.0033857378888,1
"373","5e9eca0cd09bbd0008c315bc",0.243518356944538,0.0152963821343463,0.752276686651103,NA,NA,NA,NA,-49.9034578153007,-48.4880977345498,0
"374","5e9f383061281c0c4c598dc9",1.58139467639174,0.021498184049849,0.784162808073242,NA,NA,NA,NA,-65.4122537834379,-63.7039693491037,5
"375","5e9ffcf4db51941ad78e04f3",3.02478751152971,0.616222584586538,0.658039232215588,NA,NA,NA,NA,-35.2849719670636,-33.209438785254,0
"376","5ea01b4b2d7b4d0243d93f78",1.24101163035704,0.0204463443039786,0.933460193856751,NA,NA,NA,NA,-63.9429908035802,-62.251558820955,1
"377","5ea03ed29cb1f00672af3eda",0.831366348960576,0.0394983898050887,0.656533665543265,NA,NA,NA,NA,-57.5620739613879,-56.4537034820261,1
"378","5ea04f7f43bc6507508c9aba",2.0108078437068,0.292854620629761,0.668524124563392,NA,NA,NA,NA,-42.346997267805,-41.2960472489404,0
"379","5ea0516dee594a000932857a",3.18437545891474,0.920103769232249,0.798765116742437,NA,NA,NA,NA,-46.594560062038,-42.2519530076578,0
"380","5ea0619b737ba601d76cc9ff",6.02987080509771,0.78262186770455,0.550981283913201,NA,NA,NA,NA,-58.2923914235028,-53.8087164463639,2
"381","5ea06914c2b73202ae7a3f29",4.82145708497354,0.672037880839384,0.954571596879081,NA,NA,NA,NA,-50.2553681612837,-46.8625660736187,1
"382","5ea0a23a2c66d008a96313a8",1.12018606630745,0.317934076061823,0.959637299092338,NA,NA,NA,NA,-22.3877102407842,-21.5256578545967,8
"383","5ea14bf64f71e2000acbc618",1.0441907236707,0.0313843086880695,0.97304518315161,NA,NA,NA,NA,-52.3415743721562,-50.8380084750056,0
"384","5ea15f2e173fb7000932a6ff",3.60668173291996,0.752539282906619,0.111752438125873,NA,NA,NA,NA,-39.4214090322296,-36.4094110720099,2
"385","5ea16f92a2f503017ada93dc",0.115507582814666,0.0711106372308791,0.994217259386144,NA,NA,NA,NA,-6.40715545684723,-5.3082619251448,9
"386","5ea1950819664f04542a50bf",0.934347926087285,0.159598378922802,0.984253568076013,NA,NA,NA,NA,-19.5366493957005,-18.6215548929198,0
"387","5ea19c748809ad05af2d33d1",3.97213655495813,0.339718564417814,0.974203647619313,NA,NA,NA,NA,-51.1140878144971,-48.8459203671326,0
"388","5ea31e2cfe333e274552c8d6",5.31131355569432,0.664627648065593,0.975351802083962,NA,NA,NA,NA,-54.9638041103707,-51.2544126707251,0
"389","5ea343dd9b066613c3804f6e",2.34787955660272,0.384857417256049,0.896619461537971,NA,NA,NA,NA,-37.5482457334974,-36.1829233692629,4
"390","5ea350945df820104602e2d0",0.955529397621688,0.0501136834812475,0.976916547194736,NA,NA,NA,NA,-46.2211771554931,-44.9403323737275,13
"391","5ea35c4c1d36a81597d48873",0.369830249438487,0.0236611698469523,0.48508175588618,NA,NA,NA,NA,-53.8479909577392,-52.6512942173228,0
"392","5ea4864445b9ce057f270e90",6.27293938497579,0.566631918904714,0.368854588397607,NA,NA,NA,NA,-59.084482745432,-55.3141599868105,17
"393","5ea4886d2da60f057634cabc",1.2706226285999,0.00819698303156765,0.636423054094988,NA,NA,NA,NA,-67.9457045404051,-65.9355507427111,17
"394","5ea4a9cac3872a06b560229f",4.56715157167027,0.616355126473764,0.375656375039576,NA,NA,NA,NA,-49.1593614025649,-46.2714605785579,8
"395","5ea5cf998366db5d39a2dcb0",0.414930324902517,0.018353100013988,0.022850730720155,NA,NA,NA,NA,-63.5875357913418,-62.0212887879322,2
"396","5ea611dda778214a5e89fbf2",1.11729396370198,0.0207949760246427,0.712530529705812,NA,NA,NA,NA,-64.3568110668235,-62.8412822893016,21
"397","5ea69195ed92c0000a285a1d",1.25863200637673,0.127904236230743,0.807015654852104,NA,NA,NA,NA,-29.7856237129417,-28.9215114292202,8
"398","5ea721158bfde70ca3b31580",2.30587230019353,0.414182596985949,0.74544303409184,NA,NA,NA,NA,-25.485586830129,-24.1749448281229,2
"399","5ea824f580b9ef228f589930",0.157826488410791,0.138553504302188,0.86665462748968,NA,NA,NA,NA,-4.29252678862298,-3.72619446272739,1
"400","5ea85f0ccbdc9b0aaa815e39",1.28247355448924,0.79793870968672,0.990088862274965,NA,NA,NA,NA,-23.9643450902455,-21.5360857252915,1
"401","5ea889bc80b9ef2d0e1fda83",0.201110423152125,0.0138331308787538,0.99147425892898,NA,NA,NA,NA,-45.8050750459038,-44.0325182638279,0
"402","5ea96eb7083ea5057fd3003c",2.20958846248711,0.769028102883431,0.775846661702105,NA,NA,NA,NA,-24.1717557959596,-21.810310218836,4
"403","5ea97f82f47d1e074f75a5b2",5.02655128639518,0.611601184728163,0.469159519602371,NA,NA,NA,NA,-55.2142413404475,-52.084552081959,3
"404","5ea9d6ef7223d915f9157284",0.441108413283,0.0297761562303544,0.982026165419568,NA,NA,NA,NA,-40.4548055721575,-39.083527498632,0
"405","5eaa8fa180e800012e13e9b8",0.425281397375923,0.160451441319322,0.927059490131402,NA,NA,NA,NA,-13.0700007318793,-12.4618091831635,2
"406","5eaaa1f09980ee025a0e1f12",1.33581193126403,0.0156067973572416,0.759172269056544,NA,NA,NA,NA,-67.3240066014829,-65.5746432173527,1
"407","5eaabd69a768fc01c972b6ea",0.902387702952064,0.247575820626125,0.688785535433836,NA,NA,NA,NA,-13.2009299564109,-12.6137794489185,0
"408","5eab1f263437620e2c6909eb",0.883012288796649,0.0623188947617715,0.971120698280281,NA,NA,NA,NA,-43.640678420703,-42.497538476096,8
"409","5eab3a9bfec73d10dc9291f7",3.5286630080206,0.258151704060506,0.202850853427106,NA,NA,NA,NA,-55.6371082384735,-53.8263384802463,0
"410","5eac2efe4efbe80621541711",0.868223703620152,0.0263349837074238,0.986126276812571,NA,NA,NA,NA,-58.7099152866147,-57.1260693299483,0
"411","5eac70db94edd22d57fa00c4",3.00187788020443,0.706063973740264,0.129620219088853,NA,NA,NA,NA,-35.2659094919713,-32.800709885359,2
"412","5ead4a2f13f83a3cf7f69d13",0.472864054373054,0.0507531941738377,0.974170459378599,NA,NA,NA,NA,-20.4453363591397,-19.3356891649296,0
"413","5eb1ad7d6e2f922d409a33f4",0.702232080193177,0.0564356559212764,0.987366607685102,NA,NA,NA,NA,-33.2377052676669,-32.0351477112826,16
"414","5eb2796f11e9d21ccfc58b17",3.10907297305836,0.773540123445455,0.812072576057842,NA,NA,NA,NA,-35.4655767927417,-32.6316045271721,0
"415","5eb2ced773246705b92e0774",4.40717312157636,0.572804477472194,0.884724528845845,NA,NA,NA,NA,-49.0454949562114,-46.2882129985987,0
"416","5eb2e35ef11f47099b68d077",2.4997710410897,0.652195658261409,0.028048236776279,NA,NA,NA,NA,-30.8473697829831,-28.6965717337271,7
"417","5eb2e570f2dbc909af1e16f7",0.49036782201815,0.180579547769911,0.461768920278727,NA,NA,NA,NA,-8.87964988120483,-8.40858231504608,0
"418","5eb415e40b324a222db46f01",0.246110481755945,0.0681697456583224,0.931412813282641,NA,NA,NA,NA,-12.6520477911258,-11.7939119977894,0
"419","5eb4564d7b27a029949eaf25",4.36446649175558,0.638205363703223,0.522851485729844,NA,NA,NA,NA,-53.3368547751526,-50.4974778266696,22
"420","5eb66b661cf74d55c169abec",6.67024740275876,0.736841497043122,0.880829756359215,NA,NA,NA,NA,-61.5708389385837,-56.8457554669363,0
"421","5eb68960ff9bef0113d27eb6",0.18609968660127,0.0257135887752092,0.143239294463877,NA,NA,NA,NA,-12.0335740122325,-10.8194163141572,33
"422","5eb70f4db9918d630f1beefd",3.17027402673599,0.303889244276053,0.0983909517936059,NA,NA,NA,NA,-52.5294260869743,-50.8277369639147,0
"423","5eb741079eb7cb65f0f82a91",0.612633718492563,0.0152384564927153,0.99157121641624,NA,NA,NA,NA,-54.5737764711487,-52.7686778237896,3
"424","5eb83d26efe062062ae82412",4.1263873687143,0.363060074442414,0.7489408686594,NA,NA,NA,NA,-49.6579449277418,-47.48704124318,2
"425","5eb8c16a3a7a17837b2d1828",2.26349172844718,0.869238838919832,0.828701595180284,NA,NA,NA,NA,-29.460333223555,-26.2615453653057,0
"426","5eb9199609a0310174592940",0.460586183003818,0.0332241793166659,0.587933375328331,NA,NA,NA,NA,-40.8411172067036,-39.7765640118948,5
"427","5eb9423c28bc6300099852af",0.102075123124262,0.0385395497744948,0.818668793637409,NA,NA,NA,NA,-7.28742033664251,-6.25277860385267,0
"428","5eb9697b651aca0436adfe9d",2.15610228109056,0.542755841998645,0.278500313433343,NA,NA,NA,NA,-24.1428166489105,-22.6705330237131,0
"429","5eba076ccf8a3114d759fdd0",3.11417236247281,0.728424360281479,0.919413640536865,NA,NA,NA,NA,-38.3400322970147,-35.6737108879918,1
"430","5eba5cf82cbf431a3276c90b",3.67116004118078,0.638615693206462,0.925025078926207,NA,NA,NA,NA,-43.2464256932384,-40.6508348092897,1
"431","5eba9c85d1130507bd1a6219",0.774794219799236,0.0202779354666063,0.983215096795455,NA,NA,NA,NA,-56.98517019854,-55.3311559719448,0
"432","5ebaec011a7d64080694fe74",0.227688825877779,0.0400452659209934,0.998449845612992,NA,NA,NA,NA,-17.5361885707951,-16.0852448397862,0
"433","5ebd3dae8c3ef3000b5b1b2d",3.96991987488616,0.687607617610616,0.936500268140844,NA,NA,NA,NA,-43.004454137044,-40.0535499218467,11
"434","5ebd9047a4e2fc0ab05b2e40",0.917947724214183,0.237714242663309,0.992524940377219,NA,NA,NA,NA,-12.5592817235287,-11.6293542812401,0
"435","5ebde7d4e24d0b12e9d60d7d",6.18238209690092,0.744547832434818,0.212876225833132,NA,NA,NA,NA,-59.6541932141728,-55.25241521111,11
"436","5ebe945956bdfc202ececb1b",1.34287887331835,0.251076576334851,0.995966283034795,NA,NA,NA,NA,-25.2536451458211,-24.0985528453315,3
"437","5ebfa2c519a604383366f3e8",2.38151982589487,0.326459609414495,0.154276202165887,NA,NA,NA,NA,-34.106801727682,-32.8136803953201,21
"438","5ec2683e7bf5d7035f84ddf8",5.32783661285795,0.773361585229489,0.553998130638268,NA,NA,NA,NA,-50.8312163663118,-46.8329356797148,0
"439","5ec28a6332a7510637436a57",4.52351320301297,0.825377561632695,0.866332153186053,NA,NA,NA,NA,-46.2347973135046,-42.266146286272,0
"440","5ec2eb1fdb44d61155191d85",2.52101930523251,0.741964588024288,0.707477732586844,NA,NA,NA,NA,-31.5033356016979,-29.1618148678971,2
"441","5ec57069f264da556b3f1cfa",0.640168589426173,0.0284456001086344,0.189526264900103,NA,NA,NA,NA,-47.5106203179032,-46.2800793392658,9
"442","5ec6563b04e80f030b94e03c",0.508638305216419,0.208957074321133,0.988252602100735,NA,NA,NA,NA,-10.1246378033995,-9.36252890427699,1
"443","5ec681f642084e07c117dcba",2.98111067914473,0.472669652594755,0.774449172944501,NA,NA,NA,NA,-39.6571209127895,-37.9219749332758,11
"444","5ec875255c6a2700081554ac",2.51931308151646,0.220643965309845,0.98375824479722,NA,NA,NA,NA,-45.4906634931081,-43.9455065801757,3
"445","5ec92a99d799ae417aa9c71c",3.29517075513794,0.662906968881935,0.829971515853606,NA,NA,NA,NA,-34.5075677680364,-32.0913864755879,1
"446","5ec93926ce905a051f5704f3",2.15291132253632,0.11098736208132,0.733717471177048,NA,NA,NA,NA,-53.2162579443486,-51.946347879551,0
"447","5ec96c05d06880489cae0e85",4.16925316855721,0.162436101439331,0.923796896279008,NA,NA,NA,NA,-60.3026782655508,-58.0188172804964,11
"448","5ec9adfa68f3910f2f3b0fde",1.32334823352388,0.109017916188583,0.957339975386649,NA,NA,NA,NA,-44.9807350741782,-43.9089045740804,0
"449","5ecbe220d068807a5425c4de",0.415208643392752,0.0704848247052202,0.194344837015412,NA,NA,NA,NA,-13.6469590825765,-12.866364634433,3
"450","5ece6c76c501a121bb6add41",0.999382306593515,0.250574598174636,0.991477152649773,NA,NA,NA,NA,-21.2380986425737,-20.2920141344114,7
"451","5ece8a3c088813259ffc1e0f",2.84529981377417,0.415413449363486,0.856068773733784,NA,NA,NA,NA,-43.5813951312437,-41.9682755470229,24
"452","5eceba5be22abb2ca0077349",0.657165856716273,0.0878593157423846,0.984232164134287,NA,NA,NA,NA,-18.7994217053815,-17.8035819327453,0
"453","5ecfd28bb14b1c05751f178c",1.27747617712188,0.0143261813236828,0.946329690968211,NA,NA,NA,NA,-66.1637956922345,-64.2691082880671,29
"454","5ecfd2be11216004c17c6b26",2.03484087861077,0.20213411310322,0.993202890692917,NA,NA,NA,NA,-36.2930191587537,-34.8777898770094,0
"455","5ed0c66875039f000b4e3897",0.823459419866881,0.542634763251781,0.424158922139107,NA,NA,NA,NA,-12.8358747080314,-11.9353761646589,0
"456","5ed0d82c81c0bd1bccc8ceea",0.690610013555671,0.691705243847538,0.598790732054773,NA,NA,NA,NA,-13.9993880628655,-12.671498324862,0
"457","5ed14d3bc71f86079de10d13",2.89817965337929,0.420704410762677,0.923516882042851,NA,NA,NA,NA,-40.637393622019,-38.9353772811333,0
"458","5ed2b2478e4b7b10b7f4a529",4.57840073022732,0.543516644158833,0.955015989307588,NA,NA,NA,NA,-53.5384320845853,-50.6723515259382,0
"459","5ed358aab6ee6f2e2885eddf",5.59976022536732,0.538255795399631,0.328631210842661,NA,NA,NA,NA,-57.334135464272,-54.0474213237959,3
"460","5ed38829fff60d32fb95a117",0.794264109389204,0.127724697450937,0.855476525243819,NA,NA,NA,NA,-20.739198243686,-20.0258521262311,4
"461","5ed3f7a0f387a109b6580537",1.27455291405492,0.015656918700347,0.764437925835175,NA,NA,NA,NA,-66.6791350713904,-64.9545757276344,0
"462","5ed43096f615650c8fb1b1ea",2.20229004397868,0.419718992681446,0.991514397251911,NA,NA,NA,NA,-31.9161876946151,-30.3342882296066,0
"463","5ed4fa5969acac03603380a0",0.878271892372274,0.163609381184475,0.450005948728247,NA,NA,NA,NA,-24.0427866181686,-23.4302363522379,1
"464","5ed507ce0760de048fc356bd",4.82593438574147,0.227363316554198,0.977330519775844,NA,NA,NA,NA,-61.9909112559121,-59.2718747383588,12
"465","5ed6a937eb466b1029493c39",1.65221997101234,0.0208873067892113,0.535443986445182,NA,NA,NA,NA,-66.4638655291329,-64.7503143183608,25
"466","5ed7578ef05e671db283844e",2.28731035666245,0.265584907805606,0.736785880542897,NA,NA,NA,NA,-49.1070660785013,-47.9241416748358,0
"467","5ed8e10357f9623ee2f603e7",5.44432388124074,0.543677476381048,0.161782631920951,NA,NA,NA,NA,-60.8422480838451,-57.5879664151396,5
"468","5ed8f853923c0941e1238299",5.78028924569078,0.819595857498637,0.0633814359878648,NA,NA,NA,NA,-57.8695662315416,-53.1417238364368,0
"469","5ed90e1ff2a1840a177877d3",0.574690146963782,0.224402953054854,0.904167255240472,NA,NA,NA,NA,-10.9245748661183,-10.3512080189346,0
"470","5ed97291fac0cc510c9bb3f2",1.29449426302661,0.0169731585518,0.474173578884306,NA,NA,NA,NA,-66.9560324985348,-65.2943320781726,0
"471","5eda9f7c460b766ded73bdb7",3.48760935520916,0.351684129121445,0.983013573981129,NA,NA,NA,NA,-50.8795697208369,-48.8154290326828,12
"472","5edb6534fd7ffe7e4b7d065a",3.51292672693417,0.393008757958039,0.0506609645270751,NA,NA,NA,NA,-43.5860352388181,-41.5713503054989,3
"473","5edbf6a29a8d508920c14f6c",2.12592609705985,0.514739557608625,0.146719910203861,NA,NA,NA,NA,-25.1856864445487,-23.7425898942275,0
"474","5edcfb851ba1889e083e218e",5.73059950648094,0.869012330526241,0.945475525298705,NA,NA,NA,NA,-55.4925876779674,-50.3302944104421,8
"475","5edd630ac419bf0ed18c99b5",0.0276388662533099,0.0237691973390986,0.156835610368723,NA,NA,NA,NA,-2.47732049310616,-1.11529219091709,0
"476","5ede3fcf6b821907836e01fc",1.54109372817853,0.0181358665798894,0.905155304010817,NA,NA,NA,NA,-66.7308669188879,-64.8918996202636,1
"477","5ede976d873bba121db3fe20",0.266298903116528,0.296518016728872,0.652272288624877,NA,NA,NA,NA,-4.84986500024649,-4.43050872267106,1
"478","5edf50e72ef80a1fe0267aeb",1.13682621849389,0.157628900690773,0.0984055499065322,NA,NA,NA,NA,-33.8772114195809,-33.0574190361114,0
"479","5ee107a76411e40e242da7f1",3.29928694060588,0.408968894228704,0.810322758094296,NA,NA,NA,NA,-41.5959665991157,-39.7869988948231,0
"480","5ee131f793ab7b12e4b525fb",1.94151904371015,0.237427777827308,0.786897685668977,NA,NA,NA,NA,-35.609972850562,-34.570524190407,1
"481","5ee21a32d4c762283a96e624",1.26357029806938,0.00343567417922589,0.632206391304039,NA,NA,NA,NA,-68.801770324081,-66.3673437609682,2
"482","5ee27217fd7c7c72eb755cbe",1.27528216919534,0.00822238476814544,0.861778378697658,NA,NA,NA,NA,-68.0847425747684,-66.0078243421702,0
"483","5ee277d2e7dae975727d3985",2.3726777201491,0.105752294240993,0.98496309884411,NA,NA,NA,NA,-52.5167002549038,-50.8716889271663,0
"484","5ee40191f8b4750f5e7a5474",5.23777707363846,0.689736609972288,0.839151704654933,NA,NA,NA,NA,-53.0681791821175,-49.4766849359882,1
"485","5ee531ca5f4c6f0be142ded4",1.6702630234541,0.68941044721591,0.91407897875663,NA,NA,NA,NA,-19.3090188492789,-17.4985014702352,5
"486","5ee53fa05b6d910eb9ea2df8",3.38186117361534,0.190441458365052,0.90435246617732,NA,NA,NA,NA,-51.66864579989,-49.8498373088747,8
"487","5ee64d0bf796cb3b252a8c99",1.58707335287971,0.590974807648464,0.101345137366692,NA,NA,NA,NA,-15.1340270468666,-13.7098884365911,0
"488","5ee655f6137975087129de08",1.33091745154676,0.281677184311778,0.985893026308315,NA,NA,NA,NA,-25.4431796351157,-24.4120677223086,3
"489","5ee7a8ab87d5560568bc2dca",0.805433626429998,0.0243691076759425,0.988826435223976,NA,NA,NA,NA,-56.2328596272086,-54.6138596243186,1
"490","5ee7c7df09973e09bb653014",1.04976479727812,0.117373239106348,0.342648889318488,NA,NA,NA,NA,-34.1166738891315,-33.3461038739718,24
"491","5ee7ccc7e257390912a8101e",1.35345821990918,0.0124351534405434,0.861218067128024,NA,NA,NA,NA,-67.2875789445439,-65.3797444004354,17
"492","5ee8e3de1c649a215bae3e59",1.28088232988455,0.0666470992481882,0.945383140468226,NA,NA,NA,NA,-54.2159613720263,-53.0083991637654,2
"493","5ee91ec1ef56832aa7947169",1.33706702712278,0.929082991648135,0.661364601928041,NA,NA,NA,NA,-29.8968616446424,-26.2647518935727,1
"494","5ee9e9c1496265000a792544",3.06634363156229,0.397534148189867,0.429852845307122,NA,NA,NA,NA,-45.5171946910397,-43.8867929331207,9
"495","5eea8c81e1959f14a3999921",1.29233897898048,0.0217718483212296,0.066548264268222,NA,NA,NA,NA,-61.8213610372025,-60.1387101751237,5
"496","5eeb621a7c83c62d2473afb1",3.19807992944277,0.864297996509772,0.331558212044952,NA,NA,NA,NA,-38.31814637074,-34.7640667659972,3
"497","5eeb6f6cff37eb08003590e8",1.04497219357779,0.2402226580467,0.988555493309389,NA,NA,NA,NA,-23.5715219161065,-22.6369413292542,0
"498","5eec977365b56a02f54f7bcd",2.93724721972139,0.119440194518148,0.424441489879047,NA,NA,NA,NA,-59.1468652514998,-57.5482504247451,3
"499","5eecdb2f8343cb0aa4ed34c6",1.19435318479436,0.018219489117156,0.89218142105398,NA,NA,NA,NA,-66.4275400521476,-64.7441254784748,20
"500","5eed184c2c93d51212cf04e2",0.988734295364772,0.0344072883248612,0.974171243257073,NA,NA,NA,NA,-61.1702758097872,-59.7246841418492,3
"501","5eee89a6c00bfb337a3c54a8",0.688081514123284,0.0874843061551116,0.980000701343176,NA,NA,NA,NA,-27.3138370134692,-26.330017625217,1
"502","5ef0c9b95817dc145532fcee",1.49404683330627,0.0325182120272498,0.940781873235921,NA,NA,NA,NA,-65.0793466951095,-63.4867674818332,14
"503","5ef1bb10c673fd7d2d14e439",1.23107391325571,0.00301435319771472,0.258731762509103,NA,NA,NA,NA,-68.8069247606339,-66.3014505347564,0
"504","5ef22304270c550357f4dd5d",0.655950987990378,0.027471241673672,0.613568309194943,NA,NA,NA,NA,-47.056587837544,-45.8486290893707,5
"505","5ef241253eb63511d02451e6",3.87463479339281,0.811969582455883,0.839287544717165,NA,NA,NA,NA,-43.0999661789683,-39.6035077231018,1
"506","5ef329d8cfbdc00379011819",2.5112417588382,0.713688731405955,0.530130011115166,NA,NA,NA,NA,-30.7119012193544,-28.5301049284974,5
"507","5ef360348e5e520a532e67c8",0.0999177624157919,0.249217628808587,0.998415043288442,NA,NA,NA,NA,-4.6404658557222,-3.7128502017516,6
"508","5ef4ba6145dfc00b3f7224a6",3.67341054551562,0.409370306405082,0.939453994941396,NA,NA,NA,NA,-50.1800246448982,-48.0779569059163,0
"509","5ef52a87f04c781600ae4114",3.61559749696105,0.374122749486515,0.983762829400419,NA,NA,NA,NA,-51.9897504651003,-49.8328374174475,11
"510","5ef5cef8548fce031f1ceca4",0.169612658614792,0.103894483644168,0.996552995970359,NA,NA,NA,NA,-5.04763935087171,-4.04681150483289,0
"511","5ef5d41822b3c903597a9309",1.25094911097509,0.00723503475021293,0.851665030456939,NA,NA,NA,NA,-68.1853119974455,-66.0615663022086,2
"512","5ef71356f4d5414121333bac",3.69127142490403,0.825113894089712,0.880481530529402,NA,NA,NA,NA,-44.3957314975502,-40.870690574967,1
"513","5ef722c333956242acf17935",1.47711729390848,0.0226479004555031,0.955758699161918,NA,NA,NA,NA,-65.9523082240035,-64.1736004983333,9
"514","5ef7ad0882b7740c33fe20cc",1.09848258724211,0.280986883540302,0.147944850047107,NA,NA,NA,NA,-27.0015544907181,-26.2832505245867,0
"515","5ef8eeb63f6343097030fd37",3.59994448239118,0.729603244964282,0.96471961318807,NA,NA,NA,NA,-41.8714668990752,-38.8734243827606,15
"516","5ef91678cd20bc6a46a34d6e",1.2630338435228,0.00600424081830158,0.181079461532378,NA,NA,NA,NA,-68.4973188046545,-66.2933812748386,22
"517","5ef92a8979cf2c6b9ca11f99",0.49156300073922,0.0139118047525644,0.160159547716835,NA,NA,NA,NA,-57.9173618234709,-56.3805951982793,0
"518","5ef9ae64e14ff874891401b6",1.76821080823289,0.0412314514748008,0.945261045192754,NA,NA,NA,NA,-63.9786294168861,-62.3663064304173,1
"519","5ef9be1c61ecb401ef5be7b4",0.745456606968102,0.14548086181561,0.807893845164208,NA,NA,NA,NA,-18.3620881899511,-17.7222150658738,22
"520","5ef9eeaccb96bd7aee3120ec",3.65255076654944,0.212899302234592,0.957614664944178,NA,NA,NA,NA,-61.1083280174537,-59.0872869260505,0
"521","5efa02a5f512b17ea54f360a",3.01138380882547,0.0596586000495875,0.21553448722516,NA,NA,NA,NA,-65.6391549388795,-63.7184830099211,0
"522","5efa2a8948fdb90f5ba612c7",1.37906721290192,0.716755127722092,0.594205888945782,NA,NA,NA,NA,-19.127691041813,-17.4332518106574,2
"523","5efae8f0156229941fcf363e",1.58172527917901,0.0975392168439649,0.971493729337684,NA,NA,NA,NA,-43.0659514405661,-41.8113050651456,2
"524","5efb14b20602b4024585eec6",1.63344587882335,0.105839914378468,0.853197984689207,NA,NA,NA,NA,-42.9392724367757,-41.8404227903996,0
"525","5efb934059dba21145bee143",1.77416304750105,0.0230202311792271,0.869968030412702,NA,NA,NA,NA,-66.5193581365941,-64.7194628695572,0
"526","5efc9f18c573ed060f50cd68",1.57674859276999,0.339914799242594,0.042161884789078,NA,NA,NA,NA,-31.250023840265,-30.1903032481239,0
"527","5efcbb97df2a840990b0da94",2.0477488755888,0.427287428613357,0.827827657537134,NA,NA,NA,NA,-35.41250943448,-34.1733584481344,7
"528","5efd048628bf7f13e1c89fe5",1.77723551171178,0.220263009592241,0.964494876470767,NA,NA,NA,NA,-33.8812961791728,-32.7515216210779,0
"529","5efd138927b6ba154b29d7e0",0.546029578545931,0.0154605083942207,0.535589653581778,NA,NA,NA,NA,-58.5045183631079,-57.0649907007541,5
"530","5efd3f336893231898d7baf4",3.45344476024391,0.375849673508678,0.89751219812347,NA,NA,NA,NA,-48.9291361545422,-47.0294940965239,1
"531","5efdb59031628202f67defe6",1.92480673826783,0.0862432863058035,0.956527090694326,NA,NA,NA,NA,-49.2795928601927,-47.8731176436071,2
"532","5efe04e9e399372b1b7ca8c0",1.13316044507513,0.121301400635643,0.989476783561568,NA,NA,NA,NA,-36.7788911248655,-35.6786237824574,0
"533","5efe1017a220682cb76fd5f0",0.309358594958975,0.0245153908050434,0.870296798657586,NA,NA,NA,NA,-30.9264738808613,-29.6766008414155,13
"534","5efe4cb9c5fa3134b8ca9fbb",2.10630906630226,0.271533393268601,0.985560075004041,NA,NA,NA,NA,-36.5321779329254,-35.1701820268693,0
"535","5eff17d115ba87434ab3829b",1.28371905458599,0.074249691629683,0.934564354410973,NA,NA,NA,NA,-50.5145238474597,-49.364483178143,3
"536","5eff423e0edf450b7e5e90ea",1.22735249909233,0.0799881539351547,0.155328730631994,NA,NA,NA,NA,-35.0688959383503,-34.0456588409081,0
"537","5eff7df90aede705593e92d7",1.48985209100187,0.138112083991088,0.622995745413902,NA,NA,NA,NA,-40.3839556083588,-39.4867963285889,0
"538","5f00350508190111df898b16",2.8726896760919,0.46577836964356,0.186793521915237,NA,NA,NA,NA,-38.1017253710486,-36.4181895755776,0
"539","5f01c985f119a1317aa68d30",0.870752743652091,0.0261097937649101,0.976918761262723,NA,NA,NA,NA,-58.6711742918558,-57.1324466689745,0
"540","5f022bbeaaa45a0d1377a965",0.927891500829231,0.192720975249113,0.0226159596099879,NA,NA,NA,NA,-27.8525087521667,-27.0092475605249,1
"541","5f03183c2e1a9e4bcee3177d",0.611594679084823,0.117812422885755,0.811334120772653,NA,NA,NA,NA,-19.786920289677,-19.130549161086,0
"542","5f034e4e4e80ca2344b11ae1",0.493585789430413,0.0211602378677145,0.989899355372917,NA,NA,NA,NA,-47.5664298108017,-45.9678488996753,8
"543","5f04348a0f815501257f51f2",1.75290424872424,0.313924490870157,0.888674970328482,NA,NA,NA,NA,-34.9358325610506,-33.9079904144258,9
"544","5f0487b0cde3b70a5ec02b22",0.216954777364568,0.0434167315915187,0.915322417399252,NA,NA,NA,NA,-17.9191499045303,-16.8947583547117,1
"545","5f05ebf3f060ae0d5e6a3c8e",1.54244088955527,0.0323249797273768,0.976001293347003,NA,NA,NA,NA,-63.9549138650007,-62.2526281592813,31
"546","5f070c04c2cb9f29c87ca982",1.31029204797307,0.152613890499439,0.952100772482,NA,NA,NA,NA,-27.0593917204706,-26.0968416825615,2
"547","5f07601a8515d13515268f96",1.84722209843164,0.374521714213606,0.993433657715064,NA,NA,NA,NA,-35.0538235194785,-33.6622171954339,7
"548","5f086d2cb09ff006bde079f5",0.406293901851915,0.127046437847863,0.965358145156914,NA,NA,NA,NA,-7.48169036197606,-6.74905487829931,0
"549","5f0898d879ce1f0c6ffae5e4",1.60577398381994,0.548108952752661,0.948715955999851,NA,NA,NA,NA,-20.0645859645455,-18.6816262035789,0
"550","5f0c40ce134b8f062eda439f",0.166831064502233,0.466709852098565,0.994877037990786,NA,NA,NA,NA,-5.39605398930404,-4.4069665198221,0
"551","5f0c5f689c6dab0745d30097",3.48212765171847,0.846862426916546,0.856517543394007,NA,NA,NA,NA,-44.0579476042902,-40.4710823109797,0
"552","5f0d75595c3a52000819b39c",2.52892026046369,0.496494236315609,0.919334133981082,NA,NA,NA,NA,-32.6522481524765,-31.0062256688594,0
"553","5f0da340554d3d01c4aa512a",4.12391983405619,0.532371394044384,0.0598909980495305,NA,NA,NA,NA,-49.4728997188403,-46.91063761108,2
"554","5f0dc15ace21a50008f6c7a7",2.42836513736173,0.269553703534322,0.0836409132019315,NA,NA,NA,NA,-39.5322699148579,-38.1898274889003,16
"555","5f0e293207ba641591b3a0d6",3.44768280415544,0.535678314851187,0.799029727483997,NA,NA,NA,NA,-41.1140941139406,-39.0065888412815,21
"556","5f0ea9746afc8c073073cc94",0.893886355530901,0.0284595951965625,0.980195757316943,NA,NA,NA,NA,-56.1110349117249,-54.5885251319054,3
"557","5f10282c5c490e276c9a75e7",1.31156918961084,0.010380906490634,0.505619122570372,NA,NA,NA,NA,-66.8353329184878,-64.9311712750293,0
"558","5f103e2a914f5e000826e6f1",2.36725407081633,0.208711183176417,0.691581315563243,NA,NA,NA,NA,-50.1101815455174,-48.890889121826,0
"559","5f104232adba66000a8eddfb",0.611838915610602,0.121765723577731,0.956921147870719,NA,NA,NA,NA,-21.9038765571177,-21.1260071549182,0
"560","5f10620fbc10dd02e56ce013",3.25833674885079,0.618083121368219,0.934721168027051,NA,NA,NA,NA,-40.8608029851857,-38.5317367343763,5
"561","5f107507408f603232383b27",2.87625944153389,0.699450390635488,0.770021849909922,NA,NA,NA,NA,-37.1541294924092,-34.8246788257255,0
"562","5f10d3f1be1cf9403317378c",1.26514177893051,0.00699942582561489,0.852148376467827,NA,NA,NA,NA,-68.2912953439916,-66.1453951904384,5
"563","5f12e48a0e816727e429bc3d",0.938431236749468,0.0303559716263314,0.968988242407526,NA,NA,NA,NA,-61.2209353577824,-59.7553013855178,6
"564","5f155e9d426b2a6028c0a80d",4.39418869932979,0.221283212029235,0.939453939604041,NA,NA,NA,NA,-57.4191401636095,-55.03572260881,1
"565","5f1594305688f5654fe92691",1.57632060297374,0.0266731264570498,0.467137973316994,NA,NA,NA,NA,-67.0287354884615,-65.4610733629829,1
"566","5f15c46a19912324313effa0",2.45091896361165,0.36304456421979,0.934920843674694,NA,NA,NA,NA,-30.6922428622479,-29.2595231280672,6
"567","5f16a5057185b3397ea67287",0.319035360072708,0.044747027752215,0.993904546675502,NA,NA,NA,NA,-13.1273247355551,-11.853042534216,6
"568","5f180933704e8402d4d9cc26",1.34440259503892,0.0592611690643472,0.984905275344569,NA,NA,NA,NA,-55.4198919679603,-54.0151682948196,1
"569","5f181092bc89f00dc2e577a2",4.70169964698812,0.532969060521208,0.382708206849129,NA,NA,NA,NA,-52.6286578598223,-49.8879130222932,1
"570","5f18362e7f876d064235cd4d",1.34778419101418,0.0130884208473929,0.914321521110337,NA,NA,NA,NA,-67.4000577190367,-65.476902222434,7
"571","5f188417c5b3a405f3ccaf42",4.6979519644903,0.432995230393971,0.891064289966445,NA,NA,NA,NA,-54.7926398250254,-52.152165702671,8
"572","5f197913958d110428c74dc3",3.81264233363203,0.630588334032919,0.925633340671818,NA,NA,NA,NA,-43.0579827081795,-40.4137332945836,2
"573","5f1992235bab3d018fea7199",4.61227120362567,0.734660324063424,0.644137657375798,NA,NA,NA,NA,-52.8397061075789,-49.4588780935203,0
"574","5f1cbc000b408b58e8d2799d",1.52280346072007,0.41929902600445,0.978795698813636,NA,NA,NA,NA,-19.0103757160189,-17.8196667096672,0
"575","5f1dbd03e2aa49719e42be44",2.66848088738418,0.545632776308906,0.8444856247001,NA,NA,NA,NA,-33.9326894291659,-32.170160196768,3
"576","5f1e8c0cff2a66849b622c3f",4.56557038124583,0.248653165285197,0.299772625260255,NA,NA,NA,NA,-62.1354715791765,-59.7917064972541,2
"577","5f1ec05b39c51401c9816f75",2.88819152119074,0.736362646608582,0.323251272233212,NA,NA,NA,NA,-32.9533568834942,-30.4683357934104,0
"578","5f1ecb5f19d0160009650698",0.956453992293722,0.367352383299515,0.916449093295466,NA,NA,NA,NA,-19.6782267300563,-18.9056568828843,2
"579","5f2022e9b0c712068b39881d",2.46607250865958,0.54708581365991,0.662561810911252,NA,NA,NA,NA,-32.2715645311733,-30.6553738709624,1
"580","5f219544dd502e57a6fbc1ea",1.16405751334719,0.152705645471409,0.671397641377193,NA,NA,NA,NA,-27.9158777106305,-27.16942085737,3
"581","5f22d64ea30b70011ef0c798",0.533759934904416,0.032055067026906,0.977996481803985,NA,NA,NA,NA,-33.8898501074874,-32.5480663829195,0
"582","5f230a01e84721061b991468",4.61296604883251,0.783864803314378,0.587102005401626,NA,NA,NA,NA,-53.1277178748175,-49.4768469235443,0
"583","5f23f14e2ecae8011ec4021f",1.64056303320628,0.0588572085503284,0.989518564390066,NA,NA,NA,NA,-51.8538599180029,-50.286239951146,0
"584","5f241d0b45dc8a000bf6598e",2.33714579986519,0.100308513973818,0.575763264238786,NA,NA,NA,NA,-55.9540915042876,-54.5886614721595,10
"585","5f2458749912ad00087e5677",0.450712504568699,0.0442290592661386,0.985397757274727,NA,NA,NA,NA,-30.3620138462234,-29.1433620685214,0
"586","5f248b5e85d14607869bf0b1",4.26855414305191,0.440440499946637,0.370075729880275,NA,NA,NA,NA,-47.0778745952544,-44.753200722693,3
"587","5f259a37b31f0a24d246592c",1.13065467539347,0.0121480666688247,0.373026333151864,NA,NA,NA,NA,-66.987208962982,-65.2241769667111,2
"588","5f26f8c4865df449da96eb01",6.32959914563969,0.677810440582543,0.575705063160668,NA,NA,NA,NA,-60.9281932971316,-56.7712608474502,4
"589","5f27f1cb93d6b104aba364b7",0.487416904338368,0.0242737405447969,0.984363155312444,NA,NA,NA,NA,-49.3499891619598,-47.8599954124448,0
"590","5f2855353350fe14fdf0e5ed",0.667437968523141,0.0163940068033631,0.96342449447627,NA,NA,NA,NA,-63.886811228054,-62.2434818222896,7
"591","5f2923126e0e8f000bf30b5e",3.04460317082525,0.69825493631524,0.832383991543014,NA,NA,NA,NA,-33.5732230180298,-31.1417992739022,0
"592","5f29771a02125b079dfbd06f",1.501636587935,0.0668265962739127,0.355158189255354,NA,NA,NA,NA,-44.8292564639304,-43.6808470960878,0
"593","5f2ada2a200d1e3e9055a672",2.51244212089019,0.113611463650233,0.0452231799400897,NA,NA,NA,NA,-49.4980714819578,-47.9167386076014,0
"594","5f2aeb4488d9b2432bb9e1c0",0.877659409992591,0.10860211094827,0.839582278882531,NA,NA,NA,NA,-29.3338502453496,-28.5513174800237,3
"595","5f2afb53c46fc647c2340fd1",1.36010929405884,0.137226487833898,0.893833885827552,NA,NA,NA,NA,-38.7076634432407,-37.7719533869881,9
"596","5f2b24337bf4715276306315",2.94519412919673,0.195698693049796,0.846306875473203,NA,NA,NA,NA,-54.6973030041611,-53.1427425406285,0
"597","5f2b24c4224df7527baee383",4.93679075635399,0.577262005003462,0.0280455179586383,NA,NA,NA,NA,-53.4630312907937,-50.2622920307655,2
"598","5f2bc8528a626e67a97c0aa1",1.25055869510467,0.00122810303245913,0.572641123777919,NA,NA,NA,NA,-69.3342499642515,-66.3990986609851,4
"599","5f2bca23a5b07c67ada7968a",4.97561970379023,0.31514601410876,0.0929706875217931,NA,NA,NA,NA,-63.4699990575149,-60.7807953162403,1
"600","5f2be26ccab8eb00086d40b5",0.480487102551282,0.0283397013464425,0.972161326390055,NA,NA,NA,NA,-42.7799400119203,-41.4193129233152,0
"601","5f2be5fbd7e754013893eb59",4.43294411977518,0.658791725727441,0.844673486543138,NA,NA,NA,NA,-45.6997408313355,-42.6861511440581,2
"602","5f2bee3fa37b0b0132970ddc",0.412417793660833,0.0649982963095856,0.981918548216968,NA,NA,NA,NA,-15.8699333420018,-14.8405670350959,0
"603","5f2bffa8d4f0d601244ab240",1.54639636625397,0.120122810517317,0.653644256978436,NA,NA,NA,NA,-37.8007684776202,-36.8373327697612,17
"604","5f2c05948726de01f9bf6a7c",0.362785722693056,0.0480849640530731,0.990476513089831,NA,NA,NA,NA,-23.13654860257,-21.9300862867654,5
"605","5f2c07c53622f2034a40db50",0.317272239178293,0.0795956712839023,0.446746892399874,NA,NA,NA,NA,-9.26166483556554,-8.59071967703407,14
"606","5f2c10bad876b704a0759fd6",4.15390497026981,0.691859148485612,0.241454135189081,NA,NA,NA,NA,-44.5975572189755,-41.6423056922665,2
"607","5f2d10d8f5f28c000afb87d3",3.39721655663498,0.352904539702975,0.89065041518885,NA,NA,NA,NA,-44.8359482942714,-42.9935676303137,5
"608","5f2d9e2afb4a950991d2a14b",1.35746133129811,0.00975111831387165,0.833916339365263,NA,NA,NA,NA,-67.6543903942751,-65.642154629612,3
"609","5f2dc640c29b7f0fed3683e3",2.61534870318571,0.737966598556479,0.0733921557726373,NA,NA,NA,NA,-26.0788431903497,-23.6013650396999,0
"610","5f2e9b642839112147fe5f2f",0.947345686605908,0.0409321923202837,0.902738852463172,NA,NA,NA,NA,-42.1986950014473,-40.970028831324,0
"611","5f2f142ffcfbc32f12925bec",1.48785100052158,0.0233995710752348,0.915748669137168,NA,NA,NA,NA,-65.6410774050427,-63.9331862541841,0
"612","5f2ffd95ce0c0c061b06a0f5",3.28136399664372,0.701509496504537,0.571935516960315,NA,NA,NA,NA,-35.5085519883269,-33.0003492757271,3
"613","5f312ec0687725067ffd15e9",0.0958848641541369,0.00981239005666887,0.845689158087697,NA,NA,NA,NA,-34.662480550266,-32.9716357523898,1
"614","5f31a239e7ed2f09f2b4a4ef",0.880701268471058,0.250673160904748,0.992062004980762,NA,NA,NA,NA,-16.4215804424145,-15.5118440519558,9
"615","5f31b2bf1b0c420c2954969c",2.87281793770185,0.650069954495166,0.0604847542537806,NA,NA,NA,NA,-28.2711279305823,-26.0212745904719,3
"616","5f324e1c83c53019f9fa5da0",0.24695784502929,0.0097587392176613,0.825976300388344,NA,NA,NA,NA,-49.8129204645954,-48.1551153298009,2
"617","5f32a30554a2e308e31e66ff",2.06378806206636,0.185430615864434,0.233481342140736,NA,NA,NA,NA,-48.6138270632262,-47.5012031788033,0
"618","5f32f1f9f2bc330b8351c3dd",5.11982134133059,0.41481755815452,0.661130618079494,NA,NA,NA,NA,-61.6761649769774,-58.9022095032437,0
"619","5f32f439eab77d0cb4bc38a5",0.965733774242331,0.0285390566267217,0.976168782454229,NA,NA,NA,NA,-55.8767493600267,-54.3474325141692,0
"620","5f32fa63575cf50db8d2cc90",5.43936872188135,0.790287736751819,0.558108350988427,NA,NA,NA,NA,-51.1988392735918,-47.0281638560927,0
"621","5f33cac684d9d9065dad86a8",1.74017367825612,0.440746862165606,0.977843928319596,NA,NA,NA,NA,-22.6985726179375,-21.3874869491363,23
"622","5f3503018f696042ee147b91",1.0376571418701,0.029124988065172,0.592280705465983,NA,NA,NA,NA,-61.2466781845104,-59.9337218002399,3
"623","5f355c9e7109cd4e6dd38250",3.01061697292296,0.513913823363472,0.470049155483886,NA,NA,NA,NA,-40.6016730639101,-38.8070547290489,0
"624","5f3570450db2f81214468db6",1.1525845439438,0.0267053878180904,0.905651219038844,NA,NA,NA,NA,-62.7329583438355,-61.2322700674619,0
"625","5f382871f94c8830854a5bdb",1.34018910454561,0.0216393568491614,0.734315233669596,NA,NA,NA,NA,-65.992978922278,-64.4025085739976,1
"626","5f397d0428b373506d9a6fc7",2.10067970915544,0.148112937804581,0.542391498963753,NA,NA,NA,NA,-43.2595290434815,-42.1176892174487,4
"627","5f39a2fd2d394917284dd66f",2.74248922706588,0.501924095332562,0.92505778816702,NA,NA,NA,NA,-36.482003821473,-34.7158287854474,0
"628","5f3a500d8741a5616ef6374e",2.24871923075342,0.150102321383291,0.966568349619459,NA,NA,NA,NA,-48.5047354442907,-47.0942493398108,4
"629","5f3ab128c4b6921312f28237",2.72787952092201,0.237530230668536,0.0387260704025672,NA,NA,NA,NA,-47.8710186556003,-46.3143838498498,4
"630","5f3c36f298f6eb481d1bd2f4",3.17263272637566,0.769703063560513,0.913214032824928,NA,NA,NA,NA,-39.3733217896455,-36.4646359694904,0
"631","5f3d3d4f57b8fe07798fd8b3",3.84051961514012,0.263675082348572,0.0676190453049192,NA,NA,NA,NA,-55.1917491365979,-53.1226018627087,15
"632","5f3e3c158d08ce0008cc9deb",0.381902761989453,0.0233666990470581,0.987925065382577,NA,NA,NA,NA,-25.0619411223943,-23.552951832075,0
"633","5f3e72de0306de0838b6ec09",4.8353741076281,0.534579556486352,0.812794952648472,NA,NA,NA,NA,-54.5281297358339,-51.6635359492108,0
"634","5f404333140cfe16fe3c195c",0.659024569399067,0.15694019812843,0.929120437105209,NA,NA,NA,NA,-14.9479869965665,-14.268032913032,8
"635","5f417faa35eb0a31e9dad9da",0.785828376208508,0.111089714625636,0.904555641323082,NA,NA,NA,NA,-21.2625485171726,-20.4747428283109,3
"636","5f4283d149962e4746b32a38",5.15850172309231,0.742245838949909,0.609963738850034,NA,NA,NA,NA,-47.5219661391018,-43.7923898173353,16
"637","5f438581427f575c562c573e",0.929180124989521,0.0677243705539425,0.514778444040031,NA,NA,NA,NA,-34.1798059463874,-33.2715961503057,9
"638","5f46d480bf76700acde7784d",1.2804560635096,0.0587582218705115,0.319030058539293,NA,NA,NA,NA,-53.0658423722759,-51.9517736720828,0
"639","5f48b1cdd8963d367b20dee9",0.690287338578181,0.0218694392294862,0.166012462931419,NA,NA,NA,NA,-48.2023641289495,-46.8243120395099,0
"640","5f490c36e860a4403193a1ca",2.17657424824953,0.277982678347113,0.763598034699444,NA,NA,NA,NA,-38.3954700427299,-37.2537794129376,0
"641","5f4a274f21ec8a5971fbb33f",1.22176480331632,0.377722452973853,0.292691011385563,NA,NA,NA,NA,-18.5548790595346,-17.7691135638239,0
"642","5f4abba4eae118551d4dc244",3.61741594001943,0.247179277982793,0.284817419337105,NA,NA,NA,NA,-60.819203285035,-58.985685659147,1
"643","5f4b519ca3fbc100080a4a2f",1.83151576569146,0.378022640819953,0.503037969070483,NA,NA,NA,NA,-32.0193887633317,-30.9955505165539,0
"644","5f4b8e6bb7e5b374f9798c6d",1.8010129373258,0.0325547777220677,0.808697875601208,NA,NA,NA,NA,-63.8042242260056,-62.1824315285611,5
"645","5f4ba7007200c9762cc4c708",1.40362043826763,0.0222446792689469,0.243060825027749,NA,NA,NA,NA,-65.8988866796813,-64.289395204221,3
"646","5f4d3240377d051139514820",2.59190231726967,0.154865120196815,0.716992892391228,NA,NA,NA,NA,-49.5506505483603,-48.1695852489145,6
"647","5f4e117dbfcaa83f1b418976",1.65916955556847,0.112615940730104,0.992243582418502,NA,NA,NA,NA,-38.6259985661533,-37.2567561072013,0
"648","5f4ea2ec9ecd220c1fa71341",6.07156453987342,0.72096458241129,0.0338007539698887,NA,NA,NA,NA,-58.2273385539211,-53.8484815248179,0
"649","5f4f5d8a9468440009ed7a67",0.426085754798053,0.0257514018760862,0.933855926540713,NA,NA,NA,NA,-47.7731117120969,-46.4641409834376,21
"650","5f4f69faf3505f0109ed9e75",1.95217197735812,0.0867181554568293,0.968359586493615,NA,NA,NA,NA,-49.9700461824787,-48.5227715972293,10
"651","5f4fc5a17fc3a50dafd67169",0.437201109147638,0.103251169191094,0.988518136038033,NA,NA,NA,NA,-26.1735460070311,-25.2626218337579,0
"652","5f507cd87b38b81fa565ea20",5.69084397681242,0.464821204599569,0.651761529606455,NA,NA,NA,NA,-60.9076877924078,-57.7163552744824,9
"653","5f50d6ff81dfe726a0f8343d",3.34195090280545,0.696391531565898,0.817214692109387,NA,NA,NA,NA,-38.4993928824595,-35.9327766929365,2
"654","5f50e3d60305bb088998b766",1.05685364920582,0.034419629858183,0.991795932521484,NA,NA,NA,NA,-57.7247703538531,-56.1408027470583,2
"655","5f515531aa39c237f49f7ecf",1.39887388186248,0.114115421203008,0.733859703162034,NA,NA,NA,NA,-41.0266655417582,-40.0946514880325,0
"656","5f5179be2213ce3c39045019",2.85069303518631,0.0753580149653286,0.973098979169436,NA,NA,NA,NA,-62.3316917146354,-60.395268601528,4
"657","5f5355baad423e66676c1bd3",1.41695567446586,0.250546204111571,0.974267118632973,NA,NA,NA,NA,-25.5174756344088,-24.5150577521851,7
"658","5f55f193f3459e9b8c434f9d",0.794441674842523,0.0649573814656251,0.959819990678768,NA,NA,NA,NA,-34.5309964085217,-33.4672485614532,0
"659","5f5621a094f947a067745a4e",3.98948081060847,0.845940892751931,0.864261446570295,NA,NA,NA,NA,-40.5511235490028,-36.7008938457354,1
"660","5f5668cf2db7050961fce434",1.37979664330301,0.0361612617860901,0.945846795501182,NA,NA,NA,NA,-63.4139777120836,-61.9078667816739,0
"661","5f572d1df9f7d019f3e042d3",1.84648145610698,0.112547300660118,0.706196630103266,NA,NA,NA,NA,-46.7383131881552,-45.6166217933688,5
"662","5f57b64bfa53f7294eb06880",2.42899451615889,0.679697458716034,0.677897153991631,NA,NA,NA,NA,-29.6628290339373,-27.6506381832919,1
"663","5f58e8f22846f809fda94bda",0.215612962656945,0.138186562674572,0.996128829655666,NA,NA,NA,NA,-6.69608828896058,-5.79400373929177,0
"664","5f58ef9874dddc0b064b50cc",1.34520250256474,0.0862377395516562,0.980738831702644,NA,NA,NA,NA,-39.1085129031903,-37.8713475723448,16
"665","5f5907f245fc450e98b98aec",1.06738777729627,0.034132142042649,0.872426986180479,NA,NA,NA,NA,-57.1926169491836,-55.8624697522375,2
"666","5f59132a01e50c10a2d3a64d",1.89121168630467,0.299411016856381,0.907863719628637,NA,NA,NA,NA,-30.0338047671229,-28.936030555551,0
"667","5f59ea191a6180011ed70ef8",4.88946013906632,0.338812457915555,0.829613751248253,NA,NA,NA,NA,-61.8656323127335,-59.2612562417433,4
"668","5f5a3cf246d1420a931da3cb",3.5389694279647,0.719948930818739,0.891779113971176,NA,NA,NA,NA,-44.9218765831279,-42.1057104978325,3
"669","5f5a546a9aa6fd0df887cf62",0.341875451254253,0.0125313596996252,0.992228413213672,NA,NA,NA,NA,-46.5518950183025,-44.711558334164,1
"670","5f5a807de06d3515fa8d18d7",4.64326801555491,0.546355662372052,0.553205083534462,NA,NA,NA,NA,-50.1943351443398,-47.4599513815573,3
"671","5f5bc8914f166135a9937add",3.80945307884796,0.29951200241128,0.862289118251175,NA,NA,NA,NA,-49.5298420491854,-47.5293570794665,2
"672","5f5e5def0093336f7d377473",2.82947795465307,0.355438615399717,0.915589181562382,NA,NA,NA,NA,-43.8079884648724,-42.2245028393824,2
"673","5f5e6259d39af56ebae15055",3.0649282027634,0.60163533395157,0.48191501495482,NA,NA,NA,NA,-40.5926582691943,-38.5515101565334,0
"674","5f5e825dfbf10672eb6658f2",1.43403525403936,0.827309637902888,0.282529449479035,NA,NA,NA,NA,-26.6590213217298,-24.2540330081076,2
"675","5f5f381a671929022832eef6",4.21088521773766,0.686048165213245,0.59468499040255,NA,NA,NA,NA,-48.3409699967,-45.4059278329415,3
"676","5f5f4c36cc787c0009e4d19c",5.66216097554673,0.643333238014698,0.859492869136715,NA,NA,NA,NA,-55.9423393523732,-52.2592341588404,2
"677","5f6090c94a605503233dd65d",2.41220282918459,0.680460107832534,0.118801948853071,NA,NA,NA,NA,-40.5834466082816,-38.5026310556522,0
"678","5f61d3f558002d17d3729c45",0.932107066258784,0.026448805221863,0.532871593491085,NA,NA,NA,NA,-51.2784039872844,-49.9636468389084,0
"679","5f61f1b0a760f01b705abdd3",1.52662635881873,0.247546490528213,0.991215840101099,NA,NA,NA,NA,-25.2814817953806,-24.1274587154124,5
"680","5f61f5de5de7611af9be165e",1.21601310753311,0.0104061711354398,0.78021892227155,NA,NA,NA,NA,-67.7149000076383,-65.8125632410411,1
"681","5f61f7f59df6ca1bfe6a8a89",4.48724961697591,0.236119601347553,0.512368001871035,NA,NA,NA,NA,-59.2179562268,-56.9343880662582,0
"682","5f632eba01d0853da2464c44",3.57639923041895,0.472538571487787,0.972075419423438,NA,NA,NA,NA,-47.0937162807541,-44.8703943799194,9
"683","5f63505cdfc6934188269b3d",3.95537858465457,0.429981015787829,0.961364010651095,NA,NA,NA,NA,-53.1691050187911,-50.8463052563628,20
"684","5f63571470efad0009c8f1c7",1.01969419007669,0.366830278931135,0.993290604420766,NA,NA,NA,NA,-15.6738457952948,-14.6341245715303,3
"685","5f64a1291888be0324446d78",0.585310860456912,0.0156576027359236,0.965393934660173,NA,NA,NA,NA,-63.6697698771283,-62.0242744772519,16
"686","5f6639cfe9f1191e9fc18418",1.12541234679334,0.0340222758161772,0.899710338009319,NA,NA,NA,NA,-62.4069765954147,-61.032072766477,0
"687","5f666f67b647c2244363a64e",0.840212460234831,0.0209766346603072,0.730710577755944,NA,NA,NA,NA,-60.8634558414242,-59.45058795101,0
"688","5f6715ea82fb7d302d0b6ae9",1.44048603181885,0.128008745416922,0.909387737418132,NA,NA,NA,NA,-46.1591616159789,-45.1573577617557,7
"689","5f687d93fd2d5b04432c4661",0.889980219623393,0.015595768072151,0.126230990862608,NA,NA,NA,NA,-61.3351979406733,-59.7068058893105,0
"690","5f688f49cd4c0e4e0a84d9be",5.8546444953969,0.26729690893259,0.930779990446002,NA,NA,NA,NA,-61.5206336486,-58.2971571052667,2
"691","5f689679cc2af84fa2c57263",1.88262499364801,0.0964240554364197,0.989031319352595,NA,NA,NA,NA,-47.7039993764651,-46.2209047205519,4
"692","5f68f392486ed60a895fca53",3.52288719219725,0.418381342006818,0.73107406467112,NA,NA,NA,NA,-51.5569990692815,-49.645192975262,5
