"","ID","tau","lrc","reset","sal","mem","zeta","dlrc","lp","sumll"
"ID","54240de1fdf99b691fb383a8","0.227199382119539","0.43","1e-10","0.3","0.999999","1e-06","1e-10","-30.3729672541981","-17.1730233097565"
"ID1","54b60d74fdf99b1ce0367ab5","2.20071021028099","0.43","1e-10","1e-06","0.999999","1e-06","1e-10","-42.2292955149613","-25.2463677916059"
"ID2","55780ee6fdf99b4cbc0aef95","4.69117278543542","0.15","1e-10","0.042858","0.999999","1e-06","1e-10","-70.86176980731","-55.3262580532913"
"ID3","559cdad9fdf99b66f54b7794","2.20071021028099","0.15","1e-10","0.042858","0.999999","1e-06","1e-10","-54.8698340096037","-40.6151925834868"
"ID4","55a77810fdf99b444b9d255c","0.106583155826692","0.01","1e-10","1e-06","0.999999","1e-06","1e-10","-30.5911105278449","-13.2539974006321"
"ID5","55b95e2ffdf99b469f622883","4.69117278543542","0.15","1e-10","0.042858","0.999999","1e-06","1e-10","-71.1628606936718","-55.6273489396531"
"ID6","55d6d91d69dbc30005b66ffe","2.20071021028099","0.01","1e-10","0.3","0.999999","1e-06","1e-10","-71.607382602101","-56.6356736467739"
"ID7","56051814e372c00011bd556a","1.03239118471","0.15","1e-10","0.042858","0.999999","1e-06","1e-10","-27.262675524763","-13.5045113634462"
"ID8","560aef7d01c38a00127693d3","1.03239118471","0.01","1e-10","0.128572","0.999999","1e-06","1e-10","-61.2849115574298","-46.6526197404958"
"ID9","5687d434369319000c269c03","4.69117278543542","0.15","1e-10","0.128572","0.999999","1e-06","1e-10","-59.0358601946498","-43.7515429950986"
"ID10","56c81007ba8e37000d7b211e","4.69117278543542","0.43","1e-10","1e-06","0.999999","1e-06","1e-10","-70.8677865741919","-52.6039885229347"
"ID11","56f699e876348f000c883bba","1.03239118471","0.01","1e-10","0.042858","0.999999","1e-06","1e-10","-76.0279915436246","-61.1445051722232"
"ID12","571de7af13b1b70009be2f26","1.03239118471","0.01","1e-10","0.085715","0.999999","1e-06","1e-10","-64.751260263073","-50.0296054147465"
"ID13","5744bbe15e549100063b08cb","4.69117278543542","0.43","1e-10","0.3","0.999999","1e-06","1e-10","-52.0114709651005","-36.8113888662682"
"ID14","57611238eaf3f80007481e8e","4.69117278543542","0.15","1e-10","0.042858","0.999999","1e-06","1e-10","-65.5655699414961","-50.0300581874774"
"ID15","5778eeb20e49300001ba9ec0","4.69117278543542","0.15","1e-10","0.042858","0.999999","1e-06","1e-10","-75.37735878237","-59.8418470283513"
"ID16","577a6900f8f7ed00014b537b","0.484312542963499","0.01","1e-10","0.3","0.999999","1e-06","1e-10","-36.3303145453424","-22.0357657244879"
"ID17","5784d25070c76a00012427e0","2.20071021028099","0.15","1e-10","1e-06","0.999999","1e-06","1e-10","-54.2677863999986","-37.3576837023312"
"ID18","579fb6f46475d400015ab855","2.20071021028099","0.29","1e-10","1e-06","0.999999","1e-06","1e-10","-47.5128894344273","-30.6624524820285"
"ID19","57f8a3ece480f5000136f588","4.69117278543542","0.15","1e-10","0.085715","0.999999","1e-06","1e-10","-50.296812623984","-34.9231323930402"
"ID20","5808ec7ff0740c0001789a1b","0.484312542963499","0.01","1e-10","0.3","0.999999","1e-06","1e-10","-43.7036382382762","-29.4090894174217"
"ID21","584726b8f063d30001161e6a","2.20071021028099","0.01","1e-10","0.171429","0.999999","1e-06","1e-10","-74.8412445238523","-59.7717877953392"
"ID22","58513454b9f14b000151795f","2.20071021028099","0.15","1e-10","0.042858","0.999999","1e-06","1e-10","-62.4116228877594","-48.1569814616425"
"ID23","5870336cdb3e720001e230cd","2.20071021028099","0.15","1e-10","0.042858","0.999999","1e-06","1e-10","-54.073008985571","-39.8183675594542"
"ID24","587291591c35f20001955c45","2.20071021028099","0.01","1e-10","0.085715","0.999999","1e-06","1e-10","-79.5856606004266","-64.3675284873"
"ID25","587388b9db3e720001e2320e","4.69117278543542","0.29","1e-10","0.085715","0.999999","1e-06","1e-10","-62.4163677057102","-47.1023532200351"
"ID26","587620554254cb0001c15a23","4.69117278543542","0.01","1e-10","0.042858","0.999999","1e-06","1e-10","-83.119975443966","-66.4591414798627"
"ID27","5883d68d300c0b000113db56","4.69117278543542","0.29","1e-10","0.3","0.999999","1e-06","1e-10","-53.337734473123","-38.2701431452474"
"ID28","58c3c197da66280001b3c6e8","4.69117278543542","0.15","1e-10","0.085715","0.999999","1e-06","1e-10","-56.2819227299055","-40.9082424989617"
"ID29","58cef97d5e07b6000139fa16","4.69117278543542","0.01","1e-10","0.3","0.999999","1e-06","1e-10","-81.6183339301807","-65.3657546469518"
"ID30","58f364d67b2e410001c2ed1d","0.484312542963499","0.29","1e-10","1e-06","0.999999","1e-06","1e-10","-22.7970556904497","-6.62377887252346"
"ID31","58f89d1cedf274000143eb4e","0.05","0.29","1e-10","1e-06","0.999999","1e-06","1e-10","-17.9972339633802","-1.79498104710407"
"ID32","58fa6e1bd0055c0001dd838a","0.484312542963499","0.01","1e-10","0.3","0.999999","1e-06","1e-10","-41.9108831147571","-27.6163342939026"
"ID33","590f202eea0e130001039e1f","4.69117278543542","0.15","1e-10","0.257143","0.999999","1e-06","1e-10","-58.1100429091163","-42.9591041119449"
"ID34","593ead9ea514380001e5cf86","2.20071021028099","0.57","1e-10","1e-06","0.999999","1e-06","1e-10","-46.061389524144","-28.7966106486476"
"ID35","595339f4ad2ce90001b88266","2.20071021028099","0.43","1e-10","1e-06","0.999999","1e-06","1e-10","-44.4259594578467","-27.4430317344912"
"ID36","5953d37b3d663c00011d233c","4.69117278543542","0.15","1e-10","0.042858","0.999999","1e-06","1e-10","-76.4274575306437","-60.891945776625"
"ID37","598ab1ed19432500016fafa1","4.69117278543542","0.01","1e-10","0.042858","0.999999","1e-06","1e-10","-82.7042921293847","-66.0434581652813"
"ID38","5991c4a8e339120001fb8c7e","4.69117278543542","0.15","1e-10","0.128572","0.999999","1e-06","1e-10","-59.2473018011332","-43.962984601582"
"ID39","5995ed90d1732a00013425c5","2.20071021028099","0.01","1e-10","0.3","0.999999","1e-06","1e-10","-72.0516377588434","-57.0799288035163"
"ID40","599614af004c4f0001cc8642","1.03239118471","0.01","1e-10","0.085715","0.999999","1e-06","1e-10","-57.1540259843538","-42.4323711360272"
"ID41","59c80c180aaf750001213cbf","4.69117278543542","0.57","1e-10","1e-06","0.999999","1e-06","1e-10","-67.3546795576712","-48.809030354273"
"ID42","59d38d62323bd80001e200bc","2.20071021028099","0.01","1e-10","0.042858","0.999999","1e-06","1e-10","-78.6306752792077","-63.2507116430062"
"ID43","59d4b084115096000190dbce","2.20071021028099","0.43","1e-10","1e-06","0.999999","1e-06","1e-10","-51.4312586008424","-34.448330877487"
"ID44","59e5fd82e75b450001a691ec","2.20071021028099","0.15","1e-10","0.042858","0.999999","1e-06","1e-10","-38.9010907323386","-24.6464493062218"
"ID45","59e8cb08bab73300016bd7f7","2.20071021028099","0.43","1e-10","1e-06","0.999999","1e-06","1e-10","-64.3755656094222","-47.3926378860668"
"ID46","59e9d2c6c0d35a0001295448","4.69117278543542","0.43","1e-10","0.3","0.999999","1e-06","1e-10","-49.2257698671333","-34.0256877683011"
"ID47","5a3996f6ae52e600010a0192","1.03239118471","0.01","1e-10","0.085715","0.999999","1e-06","1e-10","-69.1463705328087","-54.4247156844822"
"ID48","5a3a570307245d0001fc0692","4.69117278543542","0.15","1e-10","0.042858","0.999999","1e-06","1e-10","-67.1133130107273","-51.5778012567087"
"ID49","5a3c0b842f91ec0001dc9bb4","1.03239118471","0.01","1e-10","0.171429","0.999999","1e-06","1e-10","-65.2143882360977","-50.6414087723847"
"ID50","5a4e26a8f4c9dc0001b7a1b5","4.69117278543542","0.29","1e-10","0.042858","0.999999","1e-06","1e-10","-60.0295284446038","-44.5536824358537"
"ID51","5a5a3ec6ac5624000153e0f7","10","0.29","1e-10","0.171429","0.999999","1e-06","1e-10","-71.5902965795919","-52.6680471261331"
"ID52","5a5d1194acc75b00017a7b8f","4.69117278543542","0.15","1e-10","0.042858","0.999999","1e-06","1e-10","-72.1235724536444","-56.5880606996257"
"ID53","5a69d77a56585a0001633482","4.69117278543542","0.15","1e-10","0.085715","0.999999","1e-06","1e-10","-67.7991292161383","-52.4254489851946"
"ID54","5a6f7604ff6f2300013edcd8","4.69117278543542","0.15","1e-10","0.042858","0.999999","1e-06","1e-10","-72.9989978430859","-57.4634860890673"
"ID55","5a8b513317ef35000170b86f","4.69117278543542","0.15","1e-10","0.214286","0.999999","1e-06","1e-10","-55.5430042704668","-40.3605076023718"
"ID56","5a8c78b0ae9a0b0001aa27fd","4.69117278543542","0.29","1e-10","0.042858","0.999999","1e-06","1e-10","-71.0227676070282","-55.5469215982781"
"ID57","5a90460d1eda41000135f918","4.69117278543542","0.29","1e-10","1e-06","0.999999","1e-06","1e-10","-70.6251140014094","-52.4938067211088"
"ID58","5a94a3344eecca0001dd3c52","1.03239118471","0.15","1e-10","0.128572","0.999999","1e-06","1e-10","-29.9727607975506","-16.4657911907013"
"ID59","5a9d68a3dbdb470001eefb79","4.69117278543542","0.15","1e-10","0.042858","0.999999","1e-06","1e-10","-69.0649034879704","-53.5293917339517"
"ID60","5aa696af6219a30001c75d2a","1.03239118471","0.15","1e-10","0.214286","0.999999","1e-06","1e-10","-39.1308119049162","-25.7256628295231"
"ID61","5aa9528235237b0001132675","4.69117278543542","0.15","1e-10","0.042858","0.999999","1e-06","1e-10","-78.2821664457816","-62.7466546917629"
"ID62","5ab3bc131204f90001c965bd","0.484312542963499","0.15","1e-10","0.042858","0.999999","1e-06","1e-10","-26.5112199272868","-12.9337386356425"
"ID63","5ab4e55cf69e940001d8d3bf","4.69117278543542","0.29","1e-10","0.257143","0.999999","1e-06","1e-10","-54.1408726224206","-39.0495995705178"
"ID64","5ab5509cf69e940001d8d954","10","0.29","1e-10","0.3","0.999999","1e-06","1e-10","-72.3062858443358","-53.4817841640631"
"ID65","5ac3b825e734400001da2436","2.20071021028099","0.15","1e-10","0.085715","0.999999","1e-06","1e-10","-39.9014326053695","-25.8086227023275"
"ID66","5ad3bfc75b53cb0001f35839","4.69117278543542","0.15","1e-10","0.085715","0.999999","1e-06","1e-10","-63.3137127504272","-47.9400325194834"
"ID67","5ad658e2a38d7b00013afe89","2.20071021028099","0.01","1e-10","0.042858","0.999999","1e-06","1e-10","-82.5863682309504","-67.2064045947489"
"ID68","5adf629ddee8590001b05f7b","4.69117278543542","0.29","1e-10","1e-06","0.999999","1e-06","1e-10","-71.045812225394","-52.9145049450934"
"ID69","5ae1a263066c510001d48146","0.227199382119539","0.01","1e-10","0.042858","0.999999","1e-06","1e-10","-45.1172309490186","-30.4565351393059"
"ID70","5ae59bec7edeb000014a828c","1.03239118471","0.15","1e-10","0.085715","0.999999","1e-06","1e-10","-24.8095941464953","-11.2132615082535"
"ID71","5ae9f13b9b283d00017ee04d","4.69117278543542","0.01","1e-10","0.085715","0.999999","1e-06","1e-10","-81.8052879985056","-65.3062855574772"
"ID72","5af344dfdf9933000161f47a","2.20071021028099","0.01","1e-10","0.128572","0.999999","1e-06","1e-10","-77.2229988749399","-62.0942297932058"
"ID73","5afc2d1f2406810001d625c0","1.03239118471","0.29","1e-10","1e-06","0.999999","1e-06","1e-10","-33.3152747302789","-16.9613150426802"
"ID74","5b1d5e16503f020001e684aa","2.20071021028099","0.15","1e-10","1e-06","0.999999","1e-06","1e-10","-63.1574092348179","-46.2473065371505"
"ID75","5b1ed2783522660001b464eb","2.20071021028099","0.01","1e-10","0.085715","0.999999","1e-06","1e-10","-76.8926054298406","-61.674473316714"
"ID76","5b1fe253b803da0001dfbc8d","1.03239118471","0.15","1e-10","0.042858","0.999999","1e-06","1e-10","-32.1549536081412","-18.3967894468244"
"ID77","5b35bd1d532e3d00018e8b27","4.69117278543542","0.15","1e-10","0.257143","0.999999","1e-06","1e-10","-54.3360712890734","-39.185132491902"
"ID78","5b491b4eac6f5a0001549493","4.69117278543542","0.15","1e-10","0.3","0.999999","1e-06","1e-10","-59.696770888202","-44.5695138150578"
"ID79","5b49d3a519f8e70001b7df02","4.69117278543542","0.29","1e-10","0.3","0.999999","1e-06","1e-10","-58.6954707290579","-43.6278794011823"
"ID80","5b5d4bfc4e945800017db533","4.69117278543542","0.15","1e-10","0.085715","0.999999","1e-06","1e-10","-63.0315910828754","-47.6579108519317"
"ID81","5b5dfd9c4e945800017dcd79","4.69117278543542","0.15","1e-10","0.214286","0.999999","1e-06","1e-10","-69.1130019537334","-53.9305052856383"
"ID82","5b630cec6abdd90001d98c3f","4.69117278543542","0.15","1e-10","0.085715","0.999999","1e-06","1e-10","-75.4907525302088","-60.117072299265"
"ID83","5b707d214415ce0001b1fd78","2.20071021028099","0.57","1e-10","1e-06","0.999999","1e-06","1e-10","-45.1084935046908","-27.8437146291944"
"ID84","5b72d8042aeef10001972da0","1.03239118471","0.15","1e-10","0.042858","0.999999","1e-06","1e-10","-27.1068030402333","-13.3486388789165"
"ID85","5b8fe19ae3a406000131f1a6","2.20071021028099","0.15","1e-10","0.257143","0.999999","1e-06","1e-10","-42.7543735833006","-28.884305114031"
"ID86","5b97a1e083bd380001b92485","2.20071021028099","0.15","1e-10","0.042858","0.999999","1e-06","1e-10","-43.196404723224","-28.9417632971072"
"ID87","5b9e1e607b196f000195b599","1.03239118471","0.29","1e-10","1e-06","0.999999","1e-06","1e-10","-33.66016440298","-17.3062047153813"
"ID88","5bb756696322c5000159756c","10","0.43","1e-10","0.3","0.999999","1e-06","1e-10","-73.8540371469964","-54.8970446957671"
"ID89","5bbe3c5cee6586000142be43","4.69117278543542","0.43","1e-10","0.3","0.999999","1e-06","1e-10","-49.6259178806743","-34.425835781842"
"ID90","5bc08c345e8a950001892156","0.227199382119539","0.15","1e-10","1e-06","0.999999","1e-06","1e-10","-21.6905811345157","-5.49974626333701"
"ID91","5bc642c0069008000139d18b","2.20071021028099","0.15","1e-10","0.085715","0.999999","1e-06","1e-10","-47.5543404181276","-33.4615305150857"
"ID92","5bdc3c8182698d0001f076c3","0.227199382119539","0.43","1e-10","0.3","0.999999","1e-06","1e-10","-35.8648144399755","-22.6648704955339"
"ID93","5be1f75bd536990001a4410c","2.20071021028099","0.01","1e-10","0.3","0.999999","1e-06","1e-10","-80.1160111929613","-65.1443022376342"
"ID94","5be2fadf5e9fd30001696162","0.05","0.01","1e-10","0.171429","0.999999","1e-06","1e-10","-15.641231903351","-1.21995921096054"
"ID95","5be415810241050001ca2318","2.20071021028099","0.01","1e-10","0.042858","0.999999","1e-06","1e-10","-80.1937796489051","-64.8138160127035"
"ID96","5bec2847ac6b780001fec122","2.20071021028099","0.15","1e-10","0.042858","0.999999","1e-06","1e-10","-42.5060981016642","-28.2514566755474"
"ID97","5bec6a8b1209fb00011bb521","4.69117278543542","0.15","1e-10","0.042858","0.999999","1e-06","1e-10","-55.2869197181324","-39.7514079641137"
"ID98","5beefb60e015710001cbb721","4.69117278543542","0.15","1e-10","0.042858","0.999999","1e-06","1e-10","-73.0994004558198","-57.5638887018011"
"ID99","5bf2f728bd9f150001f6cc42","1.03239118471","0.29","1e-10","1e-06","0.999999","1e-06","1e-10","-28.0671403685855","-11.7131806809868"
"ID100","5bf4123e840310000124cfca","4.69117278543542","0.15","1e-10","0.042858","0.999999","1e-06","1e-10","-71.8200600014823","-56.2845482474636"
"ID101","5bf44a04d7e7a70001d7a672","1.03239118471","0.01","1e-10","0.3","0.999999","1e-06","1e-10","-65.4647512146297","-50.9895195241027"
"ID102","5bf4584fabf94600013a9fa1","2.20071021028099","0.29","1e-10","0.3","0.999999","1e-06","1e-10","-45.834218113483","-32.0474971135092"
"ID103","5bf5b2627ea49f0001ba9372","4.69117278543542","0.15","1e-10","0.085715","0.999999","1e-06","1e-10","-58.6837734813364","-43.3100932503926"
"ID104","5bf728483db90d0001f48ff7","2.20071021028099","0.15","1e-10","0.042858","0.999999","1e-06","1e-10","-43.5626548932614","-29.3080134671445"
"ID105","5bfed3f1aa5fa3000136a998","2.20071021028099","0.15","1e-10","0.042858","0.999999","1e-06","1e-10","-39.8972245832285","-25.6425831571116"
"ID106","5c081c45fd9c080001709937","10","0.43","1e-10","0.3","0.999999","1e-06","1e-10","-77.5223133250873","-58.565320873858"
"ID107","5c0843f24452300001df4ea0","2.20071021028099","0.29","1e-10","1e-06","0.999999","1e-06","1e-10","-51.0173670540792","-34.1669301016804"
"ID108","5c10377461df5c0001cb4906","2.20071021028099","0.01","1e-10","0.257143","0.999999","1e-06","1e-10","-75.5222706343866","-60.5268799550323"
"ID109","5c1129084be31a00014802fb","4.69117278543542","0.15","1e-10","0.042858","0.999999","1e-06","1e-10","-58.1622614912865","-42.6267497372678"
"ID110","5c1a54257fa1590001b96070","2.20071021028099","0.15","1e-10","0.042858","0.999999","1e-06","1e-10","-45.616962820379","-31.3623213942622"
"ID111","5c1a9e323407be0001cf8165","2.20071021028099","0.15","1e-10","0.042858","0.999999","1e-06","1e-10","-47.5314090280451","-33.2767676019283"
"ID112","5c23615d70d93a0001202ea2","10","0.15","1e-10","0.171429","0.999999","1e-06","1e-10","-75.4535578329227","-56.4716426341953"
"ID113","5c28b31a0091e40001ca5030","1.03239118471","0.15","1e-10","1e-06","0.999999","1e-06","1e-10","-47.8458243975127","-31.4321989646454"
"ID114","5c296b31e9b1b20001b8ac77","2.20071021028099","0.15","1e-10","0.042858","0.999999","1e-06","1e-10","-52.7918351445012","-38.5371937183844"
"ID115","5c36776624643200010eb6e5","4.69117278543542","0.15","1e-10","0.085715","0.999999","1e-06","1e-10","-67.1203669202435","-51.7466866892998"
"ID116","5c377f1965e5c300013ee88a","4.69117278543542","0.15","1e-10","0.042858","0.999999","1e-06","1e-10","-70.6982347666992","-55.1627230126805"
"ID117","5c3ce5cde0ea82000145f9f9","1.03239118471","0.15","1e-10","0.042858","0.999999","1e-06","1e-10","-29.8536790118912","-16.0955148505744"
"ID118","5c3d9334337ac90001a4d6cf","1.03239118471","0.15","1e-10","0.042858","0.999999","1e-06","1e-10","-28.835385140076","-15.0772209787592"
"ID119","5c3f7c6329966300010dce78","4.69117278543542","0.29","1e-10","0.3","0.999999","1e-06","1e-10","-63.6437914562045","-48.5762001283289"
"ID120","5c47260028cab20001a74aae","2.20071021028099","0.01","1e-10","0.085715","0.999999","1e-06","1e-10","-79.9909201189049","-64.7727880057783"
"ID121","5c4783f5c41b2a000183a24d","1.03239118471","0.01","1e-10","0.042858","0.999999","1e-06","1e-10","-66.6308317300396","-51.7473453586382"
"ID122","5c48f116c41b2a000183e340","2.20071021028099","0.43","1e-10","1e-06","0.999999","1e-06","1e-10","-40.3060905804922","-23.3231628571368"
"ID123","5c4b6366c547dc0001934854","2.20071021028099","0.57","1e-10","1e-06","0.999999","1e-06","1e-10","-47.5164624900869","-30.2516836145905"
"ID124","5c50ce81d99f9d0001b0f696","2.20071021028099","0.15","1e-10","0.042858","0.999999","1e-06","1e-10","-44.240788906403","-29.9861474802862"
"ID125","5c56eb0e59095a0001bac969","4.69117278543542","0.43","1e-10","1e-06","0.999999","1e-06","1e-10","-60.5897253186131","-42.3259272673559"
"ID126","5c576413a7890b0001f59a92","4.69117278543542","0.29","1e-10","0.085715","0.999999","1e-06","1e-10","-54.1555889773488","-38.8415744916737"
"ID127","5c5d4afe4cc94200016a4982","1.03239118471","0.01","1e-10","0.085715","0.999999","1e-06","1e-10","-72.0667073027371","-57.3450524544106"
"ID128","5c634aca9d0d7000012479a0","0.227199382119539","0.01","1e-10","0.3","0.999999","1e-06","1e-10","-42.4530877765755","-28.2006466477371"
"ID129","5c654e352f6d5e000174bae5","4.69117278543542","0.15","1e-10","0.042858","0.999999","1e-06","1e-10","-78.5788646996472","-63.0433529456285"
"ID130","5c69be6ac3aaf50001c69311","2.20071021028099","0.01","1e-10","0.042858","0.999999","1e-06","1e-10","-81.0770560150248","-65.6970923788233"
"ID131","5c6c08c5d9c1580001ce9aab","2.20071021028099","0.29","1e-10","1e-06","0.999999","1e-06","1e-10","-47.117679823219","-30.2672428708202"
"ID132","5c6c78c4f9951f0001db8bd5","0.484312542963499","0.43","1e-10","0.042858","0.999999","1e-06","1e-10","-34.1990918653705","-20.5487855480383"
"ID133","5c6fc42118508b0001e1e711","4.69117278543542","0.29","1e-10","0.085715","0.999999","1e-06","1e-10","-53.9005821653821","-38.5865676797069"
"ID134","5c7840493454d70001df81ee","4.69117278543542","0.15","1e-10","0.085715","0.999999","1e-06","1e-10","-59.0221455104194","-43.6484652794757"
"ID135","5c790c7e8fbcb100146b6cd8","10","0.29","1e-10","0.3","0.999999","1e-06","1e-10","-78.7854682382389","-59.9609665579662"
"ID136","5c7bc8ea5a669300172440fc","4.69117278543542","0.43","1e-10","1e-06","0.999999","1e-06","1e-10","-60.5572157455812","-42.2934176943239"
"ID137","5c7e22dc6babcb0001850548","4.69117278543542","0.15","1e-10","0.042858","0.999999","1e-06","1e-10","-68.2055596225828","-52.6700478685641"
"ID138","5c7fa97a212cc800147dd154","2.20071021028099","0.29","1e-10","1e-06","0.999999","1e-06","1e-10","-61.6836159401365","-44.8331789877377"
"ID139","5c80097d514b730001d662f4","2.20071021028099","0.01","1e-10","0.042858","0.999999","1e-06","1e-10","-82.1670571966996","-66.787093560498"
"ID140","5c8119441c40f30001b464b1","1.03239118471","0.01","1e-10","0.085715","0.999999","1e-06","1e-10","-65.8575472710781","-51.1358924227516"
"ID141","5c823b094c3d3f000182fc57","4.69117278543542","0.15","1e-10","0.128572","0.999999","1e-06","1e-10","-63.8860316290882","-48.6017144295369"
"ID142","5c8831d20d005a00131367d3","4.69117278543542","0.43","1e-10","0.3","0.999999","1e-06","1e-10","-52.3055551381611","-37.1054730393289"
"ID143","5c8a65405abd6b0016767b56","4.69117278543542","0.15","1e-10","0.042858","0.999999","1e-06","1e-10","-64.5283648815279","-48.9928531275092"
"ID144","5c8bdc00302d6c0016a70680","4.69117278543542","0.15","1e-10","0.128572","0.999999","1e-06","1e-10","-50.8550426575743","-35.5707254580231"
"ID145","5c8cfc3772503f0001e9c965","2.20071021028099","0.01","1e-10","0.042858","0.999999","1e-06","1e-10","-82.3892970281934","-67.0093333919919"
"ID146","5c8e05e7aa473f00015e5fe7","4.69117278543542","0.15","1e-10","0.3","0.999999","1e-06","1e-10","-58.0208134154064","-42.8935563422621"
"ID147","5c915492399a770001aece93","2.20071021028099","0.29","1e-10","1e-06","0.999999","1e-06","1e-10","-62.3575859416114","-45.5071489892126"
"ID148","5c92a94f5983f5001664fe08","4.69117278543542","0.01","1e-10","0.042858","0.999999","1e-06","1e-10","-82.9531430847066","-66.2923091206032"
"ID149","5c9776a67610c800126a37a5","4.69117278543542","0.29","1e-10","0.171429","0.999999","1e-06","1e-10","-60.7659424285018","-45.6006033274401"
"ID150","5c9879aed87fc4000155f4ac","2.20071021028099","0.43","1e-10","1e-06","0.999999","1e-06","1e-10","-37.4065895113454","-20.42366178799"
"ID151","5c9e119a881e9800147050da","0.484312542963499","0.01","1e-10","0.3","0.999999","1e-06","1e-10","-44.0784174506117","-29.7838686297571"
"ID152","5ca0de7d8001d50018c69031","2.20071021028099","0.01","1e-10","0.3","0.999999","1e-06","1e-10","-77.1878113330057","-62.2161023776786"
"ID153","5ca1f3847a29720017ba6e03","0.227199382119539","0.01","1e-10","1e-06","0.999999","1e-06","1e-10","-35.0370133858634","-17.7208563046001"
"ID154","5ca3adc28618ca001742161b","4.69117278543542","0.15","1e-10","0.042858","0.999999","1e-06","1e-10","-78.1881467915011","-62.6526350374824"
"ID155","5ca62ff267351c0001a652d4","4.69117278543542","0.29","1e-10","0.171429","0.999999","1e-06","1e-10","-57.7453773435413","-42.5800382424796"
"ID156","5ca730801c2e7b0012af7c21","2.20071021028099","0.01","1e-10","0.3","0.999999","1e-06","1e-10","-64.9679340148401","-49.996225059513"
"ID157","5ca86b3cb55c520017af9d7e","1.03239118471","0.01","1e-10","0.3","0.999999","1e-06","1e-10","-61.1565044174586","-46.6812727269316"
"ID158","5cab2b8f1a90ba00141fb656","1.03239118471","0.01","1e-10","0.128572","0.999999","1e-06","1e-10","-57.0400064368296","-42.4077146198957"
"ID159","5cade9a95baa830017900127","4.69117278543542","0.15","1e-10","0.042858","0.999999","1e-06","1e-10","-63.7724676247503","-48.2369558707316"
"ID160","5cb1ffae6e3f2c001740dfdf","1.03239118471","0.01","1e-10","0.042858","0.999999","1e-06","1e-10","-72.6561542484997","-57.7726678770983"
"ID161","5cb237be9d908d000120453a","2.20071021028099","0.43","1e-10","1e-06","0.999999","1e-06","1e-10","-46.1496086266486","-29.1666809032932"
"ID162","5cbf52b5bba52700168cbe22","0.484312542963499","0.01","1e-10","0.085715","0.999999","1e-06","1e-10","-66.5408184152254","-51.9998464365714"
"ID163","5cc1a87f3e1f030016f31afe","4.69117278543542","0.15","1e-10","0.042858","0.999999","1e-06","1e-10","-72.7700417228536","-57.2345299688349"
"ID164","5cc4969c3b1b1c0018f9da36","4.69117278543542","0.15","1e-10","0.042858","0.999999","1e-06","1e-10","-72.4511500111736","-56.915638257155"
"ID165","5cc8745ba94e300001fd9687","2.20071021028099","0.29","1e-10","0.128572","0.999999","1e-06","1e-10","-37.5559186739619","-23.6121375475812"
"ID166","5ccafdfd42a8970001f8081f","4.69117278543542","0.15","1e-10","0.085715","0.999999","1e-06","1e-10","-67.6755113943316","-52.3018311633878"
"ID167","5ccdb020ed1c4f001649810e","0.227199382119539","0.01","1e-10","0.042858","0.999999","1e-06","1e-10","-25.6524365671066","-10.9917407573939"
"ID168","5cd707bb2e50c90017583e61","1.03239118471","0.01","1e-10","0.042858","0.999999","1e-06","1e-10","-75.8384724410321","-60.9549860696306"
"ID169","5cd726aab1fa62001a8de584","4.69117278543542","0.15","1e-10","0.085715","0.999999","1e-06","1e-10","-63.9447839545267","-48.571103723583"
"ID170","5cdc5fc0243827001706434f","2.20071021028099","0.15","1e-10","0.042858","0.999999","1e-06","1e-10","-48.0793898605789","-33.8247484344621"
"ID171","5cdd35e1ffe01a001631cd78","1.03239118471","0.15","1e-10","0.042858","0.999999","1e-06","1e-10","-33.9535310988391","-20.1953669375223"
"ID172","5cdd8bb5fceec6001763f998","4.69117278543542","0.15","1e-10","0.042858","0.999999","1e-06","1e-10","-75.9791176848536","-60.4436059308349"
"ID173","5cdfb5e4b5dcb500011d0d07","0.227199382119539","0.01","1e-10","1e-06","0.999999","1e-06","1e-10","-36.5028371093131","-19.1866800280497"
"ID174","5ce50e4054e33d0001189577","4.69117278543542","0.15","1e-10","0.042858","0.999999","1e-06","1e-10","-64.5470443262211","-49.0115325722024"
"ID175","5ce56b5de9e85d00159a0174","4.69117278543542","0.29","1e-10","0.3","0.999999","1e-06","1e-10","-46.3793498481012","-31.3117585202256"
"ID176","5ce65aa96ad4e50001097566","0.05","0.15","1e-10","1e-06","0.999999","1e-06","1e-10","-18.0578151332266","-1.79589647168192"
"ID177","5cee4a172674040001d07c5b","4.69117278543542","0.15","1e-10","0.042858","0.999999","1e-06","1e-10","-63.0378731129157","-47.5023613588971"
"ID178","5ceebfea7a3448001a6dd6ee","2.20071021028099","0.01","1e-10","0.257143","0.999999","1e-06","1e-10","-70.5080698383271","-55.5126791589728"
"ID179","5cf03597beaebd001f0d73ab","1.03239118471","0.01","1e-10","0.042858","0.999999","1e-06","1e-10","-70.56303301437","-55.6795466429686"
"ID180","5cf0f45706fb120015ecfd2e","2.20071021028099","0.29","1e-10","0.214286","0.999999","1e-06","1e-10","-37.6100164378457","-23.7680558429211"
"ID181","5cf12ddbf17e370017a278c5","2.20071021028099","0.15","1e-10","0.042858","0.999999","1e-06","1e-10","-48.4720399966167","-34.2173985704998"
"ID182","5cf656e90acc8f000147f643","4.69117278543542","0.15","1e-10","0.042858","0.999999","1e-06","1e-10","-76.1511910980014","-60.6156793439827"
"ID183","5cfe7e8bc2acc60001196300","2.20071021028099","0.15","1e-10","0.042858","0.999999","1e-06","1e-10","-58.4269881787726","-44.1723467526557"
"ID184","5d0124a5b35d41000152ded3","1.03239118471","0.71","1e-10","1e-06","0.999999","1e-06","1e-10","-29.4628179794502","-12.2134742447967"
"ID185","5d0a345d8d7a4b000172fb93","2.20071021028099","0.01","1e-10","0.042858","0.999999","1e-06","1e-10","-79.734239797147","-64.3542761609454"
"ID186","5d0b787c4d659a000139110b","2.20071021028099","0.15","1e-10","0.042858","0.999999","1e-06","1e-10","-53.6134713958804","-39.3588299697636"
"ID187","5d0cc9b80622c6000144f1d6","4.69117278543542","0.15","1e-10","0.128572","0.999999","1e-06","1e-10","-61.7977972103072","-46.513480010756"
"ID188","5d124464019fa6000162bfdb","1.03239118471","0.01","1e-10","0.042858","0.999999","1e-06","1e-10","-75.6391756699459","-60.7556892985445"
"ID189","5d1290103b20b0000102e8e3","2.20071021028099","0.43","1e-10","0.3","0.999999","1e-06","1e-10","-37.023225100847","-23.1040133299166"
"ID190","5d166c21e1c05200198b446d","2.20071021028099","0.29","1e-10","1e-06","0.999999","1e-06","1e-10","-67.7501684461622","-50.8997314937634"
"ID191","5d1bbbd63788ac0019ced5d9","2.20071021028099","0.29","1e-10","1e-06","0.999999","1e-06","1e-10","-48.218941012034","-31.3685040596352"
"ID192","5d1bcfd2e24a990001f327a3","0.106583155826692","0.29","1e-10","0.128572","0.999999","1e-06","1e-10","-30.0127547711475","-16.7672854253061"
"ID193","5d211227bdbc65001b7ace0a","10","0.43","1e-10","0.3","0.999999","1e-06","1e-10","-77.4060692136066","-58.4490767623773"
"ID194","5d24c2146dd2960016cef0b7","2.20071021028099","0.43","1e-10","1e-06","0.999999","1e-06","1e-10","-37.2704008363992","-20.2874731130438"
"ID195","5d26c8bc341630001a250a2f","2.20071021028099","0.29","1e-10","0.128572","0.999999","1e-06","1e-10","-43.9212597878592","-29.9774786614784"
"ID196","5d279cd62c5700001b7ec29a","4.69117278543542","0.15","1e-10","0.3","0.999999","1e-06","1e-10","-52.1647803994447","-37.0375233263004"
"ID197","5d285eb5324974001908c626","4.69117278543542","0.15","1e-10","0.042858","0.999999","1e-06","1e-10","-68.6174780516653","-53.0819662976466"
"ID198","5d2e2703a845b0001b439e08","1.03239118471","0.15","1e-10","0.085715","0.999999","1e-06","1e-10","-34.4275013341874","-20.8311686959456"
"ID199","5d37763a3cedb40001afecf5","2.20071021028099","0.01","1e-10","0.042858","0.999999","1e-06","1e-10","-78.3482539894094","-62.9682903532079"
"ID200","5d39bb499f4f3f00158298f2","2.20071021028099","0.15","1e-10","0.042858","0.999999","1e-06","1e-10","-45.4771512178324","-31.2225097917156"
"ID201","5d3e019693eb2d0015788062","2.20071021028099","0.15","1e-10","0.042858","0.999999","1e-06","1e-10","-43.2766780614628","-29.022036635346"
"ID202","5d404c6a584cc80017e81001","4.69117278543542","0.43","1e-10","0.3","0.999999","1e-06","1e-10","-48.9522744722488","-33.7521923734166"
"ID203","5d442c09f7386b001a3c2477","0.484312542963499","0.29","1e-10","0.042858","0.999999","1e-06","1e-10","-25.9197258436458","-12.4019102972701"
"ID204","5d45521afdaaad00010ec185","2.20071021028099","0.29","1e-10","0.042858","0.999999","1e-06","1e-10","-39.4560002827637","-25.2610246019154"
"ID205","5d4b334b1813250017d3c6cc","4.69117278543542","0.15","1e-10","0.128572","0.999999","1e-06","1e-10","-58.3271677947939","-43.0428505952426"
"ID206","5d4b4d093574500018795f36","2.20071021028099","0.01","1e-10","0.042858","0.999999","1e-06","1e-10","-79.9440927199691","-64.5641290837676"
"ID207","5d53346807e8740015e561ed","2.20071021028099","0.43","1e-10","1e-06","0.999999","1e-06","1e-10","-36.8382853940573","-19.8553576707019"
"ID208","5d53b3d1e8e8960018276120","2.20071021028099","0.29","1e-10","1e-06","0.999999","1e-06","1e-10","-45.6289683114318","-28.778531359033"
"ID209","5d53dbf16b0cf6001646dbf1","2.20071021028099","0.01","1e-10","0.3","0.999999","1e-06","1e-10","-76.3296384312096","-61.3579294758825"
"ID210","5d5402545aef9b000118fd50","4.69117278543542","0.43","1e-10","0.3","0.999999","1e-06","1e-10","-47.6815414497788","-32.4814593509465"
"ID211","5d5560c71f535a00183d28e5","0.484312542963499","0.01","1e-10","0.042858","0.999999","1e-06","1e-10","-57.1627348764006","-42.4599313746717"
"ID212","5d5582d5c20c10001aaba934","2.20071021028099","0.15","1e-10","0.042858","0.999999","1e-06","1e-10","-39.7080728274196","-25.4534314013028"
"ID213","5d55a320d9450800172506d4","2.20071021028099","0.01","1e-10","0.085715","0.999999","1e-06","1e-10","-77.5096311948661","-62.2914990817395"
"ID214","5d55aa13b125380018b5562c","0.227199382119539","0.43","1e-10","0.3","0.999999","1e-06","1e-10","-33.6691025448634","-20.4691586004217"
"ID215","5d55b289e04e1c0017f5e602","2.20071021028099","0.01","1e-10","0.3","0.999999","1e-06","1e-10","-74.3807657854078","-59.4090568300807"
"ID216","5d5728471da7d10001a1a600","0.484312542963499","0.01","1e-10","0.042858","0.999999","1e-06","1e-10","-69.8766987444265","-55.1738952426975"
"ID217","5d5c1fec3690e5000187b4fb","4.69117278543542","0.15","1e-10","0.042858","0.999999","1e-06","1e-10","-75.3594474922885","-59.8239357382698"
"ID218","5d61aca9b242ef0001f125b3","0.227199382119539","0.01","1e-10","0.085715","0.999999","1e-06","1e-10","-22.964583069228","-8.4657187825902"
"ID219","5d62e42406ed5a001a2084f3","2.20071021028099","0.29","1e-10","1e-06","0.999999","1e-06","1e-10","-42.6367955533278","-25.786358600929"
"ID220","5d643088609a430016a3d990","4.69117278543542","0.29","1e-10","0.257143","0.999999","1e-06","1e-10","-56.6301556487699","-41.5388825968671"
"ID221","5d654a1e855d77001b10dd92","2.20071021028099","0.15","1e-10","0.128572","0.999999","1e-06","1e-10","-36.1239175475702","-22.1204706759208"
"ID222","5d692e475719130015a805cd","2.20071021028099","0.29","1e-10","0.214286","0.999999","1e-06","1e-10","-46.1962787931501","-32.3543181982255"
"ID223","5d6ae722c160f500175daa9b","0.227199382119539","0.43","1e-10","0.3","0.999999","1e-06","1e-10","-31.4719975381353","-18.2720535936937"
"ID224","5d6eb1ba1c79b20001fa0386","4.69117278543542","0.29","1e-10","0.085715","0.999999","1e-06","1e-10","-48.669180362822","-33.3551658771468"
"ID225","5d73e916515c8b001bed0c5d","2.20071021028099","0.15","1e-10","0.257143","0.999999","1e-06","1e-10","-36.6872681632112","-22.8171996939416"
"ID226","5d756ce093a94500163ea6a2","1.03239118471","0.43","1e-10","1e-06","0.999999","1e-06","1e-10","-28.5829809568163","-12.0965304982609"
"ID227","5d7693e9e8e18a0001f28996","4.69117278543542","0.15","1e-10","0.042858","0.999999","1e-06","1e-10","-77.6460485934947","-62.110536839476"
"ID228","5d78a675b04edb001a089150","4.69117278543542","0.29","1e-10","0.042858","0.999999","1e-06","1e-10","-53.2556126473307","-37.7797666385806"
"ID229","5d7e1d2db5bd580017d11cec","4.69117278543542","0.01","1e-10","0.042858","0.999999","1e-06","1e-10","-82.6598548663661","-65.9990209022627"
"ID230","5d8154a847a45600189e8f35","4.69117278543542","0.01","1e-10","0.042858","0.999999","1e-06","1e-10","-83.1594875068344","-66.498653542731"
"ID231","5d825b9b812e1e001556261f","4.69117278543542","0.15","1e-10","0.042858","0.999999","1e-06","1e-10","-68.8660053119758","-53.3304935579571"
"ID232","5d85994fbbc0800019390cd4","0.484312542963499","0.43","1e-10","0.042858","0.999999","1e-06","1e-10","-32.0100535137016","-18.3597471963694"
"ID233","5d87eff52447650001f822cc","2.20071021028099","0.01","1e-10","0.085715","0.999999","1e-06","1e-10","-76.8755263395001","-61.6573942263735"
"ID234","5d893e68f58b17000184839f","0.227199382119539","0.43","1e-10","0.3","0.999999","1e-06","1e-10","-34.7679850394234","-21.5680410949818"
"ID235","5d8f59c15231090015a7ae08","4.69117278543542","0.01","1e-10","0.3","0.999999","1e-06","1e-10","-81.0555193228281","-64.8029400395992"
"ID236","5d91a7c336017c00192a6755","2.20071021028099","0.29","1e-10","1e-06","0.999999","1e-06","1e-10","-45.6114324511243","-28.7609954987255"
"ID237","5d921a2e34fc500016df8e5f","0.227199382119539","0.43","1e-10","0.3","0.999999","1e-06","1e-10","-31.4689296613337","-18.268985716892"
"ID238","5d9d0791f03a95001726799d","4.69117278543542","0.15","1e-10","0.042858","0.999999","1e-06","1e-10","-63.6272584458624","-48.0917466918437"
"ID239","5d9e1929203419001625df07","1.03239118471","0.71","1e-10","1e-06","0.999999","1e-06","1e-10","-32.869635572071","-15.6202918374175"
"ID240","5da1eb441b927a00168d2a30","2.20071021028099","0.15","1e-10","0.042858","0.999999","1e-06","1e-10","-51.6179449223969","-37.3633034962801"
"ID241","5da4ae83fa7abd0016ddd461","4.69117278543542","0.29","1e-10","0.171429","0.999999","1e-06","1e-10","-66.7865168871797","-51.621177786118"
"ID242","5db1b1b6cd3329000ba29566","4.69117278543542","0.29","1e-10","0.3","0.999999","1e-06","1e-10","-45.7250963715406","-30.657505043665"
"ID243","5db1f2b6dd5fa3000a552ede","1.03239118471","0.01","1e-10","0.042858","0.999999","1e-06","1e-10","-72.4732499358395","-57.5897635644381"
"ID244","5db4ab7dc8f993000c9d2c5f","4.69117278543542","0.15","1e-10","0.042858","0.999999","1e-06","1e-10","-77.3676486002382","-61.8321368462195"
"ID245","5db6ec97d9b41d000b2464eb","1.03239118471","0.29","1e-10","1e-06","0.999999","1e-06","1e-10","-46.9473655362518","-30.5934058486531"
"ID246","5db8a8831d5c1a000e5bc4dc","1.03239118471","0.01","1e-10","0.042858","0.999999","1e-06","1e-10","-76.798487145885","-61.9150007744835"
"ID247","5db92f4d8e9761000d7d7a8b","4.69117278543542","0.29","1e-10","0.042858","0.999999","1e-06","1e-10","-60.9851635953375","-45.5093175865874"
"ID248","5dba043b732f4c0607595ec5","4.69117278543542","0.15","1e-10","0.3","0.999999","1e-06","1e-10","-72.7021969931662","-57.574939920022"
"ID249","5dbab43dfbc6bc0d009d6c6e","4.69117278543542","0.15","1e-10","0.214286","0.999999","1e-06","1e-10","-56.3817930491453","-41.1992963810502"
"ID250","5dbc7bb351b13c22d8df0fe8","2.20071021028099","0.01","1e-10","0.042858","0.999999","1e-06","1e-10","-80.1854736072653","-64.8055099710638"
"ID251","5dc486da84799a35fbede98d","0.106583155826692","0.43","1e-10","0.085715","0.999999","1e-06","1e-10","-41.2288465926111","-27.7615234444205"
"ID252","5dc6eadc4d2b664e2ce6d319","4.69117278543542","0.15","1e-10","0.042858","0.999999","1e-06","1e-10","-72.1352807648161","-56.5997690107974"
"ID253","5dcb2bb4ae3b3b814b5fe27d","4.69117278543542","0.15","1e-10","0.3","0.999999","1e-06","1e-10","-58.042827070069","-42.9155699969248"
"ID254","5dcd4ccd0ee193016c26409f","4.69117278543542","0.15","1e-10","0.042858","0.999999","1e-06","1e-10","-66.8786819186328","-51.3431701646141"
"ID255","5dcd9694f6695d000b53f502","2.20071021028099","0.01","1e-10","0.042858","0.999999","1e-06","1e-10","-80.6782707461452","-65.2983071099436"
"ID256","5dce556e93729c0dd37e570c","4.69117278543542","0.15","1e-10","0.042858","0.999999","1e-06","1e-10","-73.5448708958553","-58.0093591418366"
"ID257","5dceb951381b67000e06113d","4.69117278543542","0.15","1e-10","0.042858","0.999999","1e-06","1e-10","-62.1164917736232","-46.5809800196045"
"ID258","5dcfe05d1228d90e53724347","0.227199382119539","0.01","1e-10","1e-06","0.999999","1e-06","1e-10","-41.2006387110851","-23.8844816298217"
"ID259","5dd28e64cf08aa2982532314","2.20071021028099","0.01","1e-10","0.042858","0.999999","1e-06","1e-10","-82.5238449296403","-67.1438812934388"
"ID260","5dd5b7e718beb657ad00c313","4.69117278543542","0.43","1e-10","1e-06","0.999999","1e-06","1e-10","-70.6043341562898","-52.3405361050326"
"ID261","5ddcf7679dac7cc5e395cd35","2.20071021028099","0.01","1e-10","0.042858","0.999999","1e-06","1e-10","-81.2053555887404","-65.8253919525389"
"ID262","5ddd9d0e40460ecfff653cb5","4.69117278543542","0.15","1e-10","0.042858","0.999999","1e-06","1e-10","-65.1280015475869","-49.5924897935682"
"ID263","5de1868db28cf71e8fd77007","10","0.29","1e-10","0.3","0.999999","1e-06","1e-10","-73.1624577843268","-54.3379561040541"
"ID264","5de25cb38fde1c290dfa32a6","4.69117278543542","0.29","1e-10","0.042858","0.999999","1e-06","1e-10","-59.8269633014993","-44.3511172927493"
"ID265","5de960efa71cf402386bfe40","2.20071021028099","0.29","1e-10","1e-06","0.999999","1e-06","1e-10","-57.6863306640747","-40.8358937116759"
"ID266","5deaabae61513d1d56c7e52a","4.69117278543542","0.15","1e-10","0.085715","0.999999","1e-06","1e-10","-60.5460212013847","-45.172340970441"
"ID267","5dead046603cf720024181d8","4.69117278543542","0.15","1e-10","0.3","0.999999","1e-06","1e-10","-45.770808695641","-30.6435516224967"
"ID268","5dece22f8b5f8b3a80ab3f54","2.20071021028099","0.01","1e-10","0.085715","0.999999","1e-06","1e-10","-78.4957399424299","-63.2776078293033"
"ID269","5def763ea484415fecd02221","0.484312542963499","0.15","1e-10","1e-06","0.999999","1e-06","1e-10","-29.1902499999922","-12.9573074367974"
"ID270","5df77c5f69a11751a9e8c6d7","2.20071021028099","0.01","1e-10","0.3","0.999999","1e-06","1e-10","-75.3799212714332","-60.4082123161061"
"ID271","5dfa688379f2fa7b1cdf180f","2.20071021028099","0.01","1e-10","0.042858","0.999999","1e-06","1e-10","-80.2462259189407","-64.8662622827391"
"ID272","5dfa781efa3d107cc08854a9","2.20071021028099","0.01","1e-10","0.042858","0.999999","1e-06","1e-10","-76.8314345627533","-61.4514709265518"
"ID273","5e0125d4c12a36d0d6b84b93","2.20071021028099","0.15","1e-10","0.042858","0.999999","1e-06","1e-10","-40.5467027178677","-26.2920612917509"
"ID274","5e06174335a7a5006aa0df98","2.20071021028099","0.15","1e-10","0.042858","0.999999","1e-06","1e-10","-42.6042439310039","-28.3496025048871"
"ID275","5e067f13e632e10594734ab5","2.20071021028099","0.01","1e-10","0.3","0.999999","1e-06","1e-10","-76.8586749704304","-61.8869660151033"
"ID276","5e0b3cf40db89237cdbd9e31","2.20071021028099","0.01","1e-10","0.042858","0.999999","1e-06","1e-10","-79.0253071579171","-63.6453435217156"
"ID277","5e0f26b63ccda26295505f0d","4.69117278543542","0.43","1e-10","0.3","0.999999","1e-06","1e-10","-54.8624269849257","-39.6623448860935"
"ID278","5e0f5f8658a5c768bf461df8","4.69117278543542","0.15","1e-10","0.3","0.999999","1e-06","1e-10","-56.6877012291811","-41.5604441560368"
"ID279","5e1339cd11d87998afeb8825","4.69117278543542","0.29","1e-10","0.3","0.999999","1e-06","1e-10","-60.0099163825278","-44.9423250546522"
"ID280","5e13a1381e2e589db94cd20b","4.69117278543542","0.29","1e-10","0.085715","0.999999","1e-06","1e-10","-53.6188656545987","-38.3048511689236"
"ID281","5e14c7c3cbfadc000d032ddf","10","0.29","1e-10","0.257143","0.999999","1e-06","1e-10","-78.7483036080249","-59.900120203725"
"ID282","5e15da8a805a30bcd2ed796d","1.03239118471","0.01","1e-10","0.042858","0.999999","1e-06","1e-10","-72.0936545242751","-57.2101681528736"
"ID283","5e185c397eeb87000d989683","4.69117278543542","0.43","1e-10","0.3","0.999999","1e-06","1e-10","-66.5592166912341","-51.3591345924019"
"ID284","5e18c4dd21c2a7000c60f8cf","4.69117278543542","0.15","1e-10","0.214286","0.999999","1e-06","1e-10","-59.6378613048148","-44.4553646367197"
"ID285","5e18ca0eba65e719f09679ba","10","0.15","1e-10","0.3","0.999999","1e-06","1e-10","-77.4266284257644","-58.542461000223"
"ID286","5e1ceadb86880807648d5ec0","2.20071021028099","0.01","1e-10","0.3","0.999999","1e-06","1e-10","-73.195946325255","-58.2242373699279"
"ID287","5e21d5235f39764b9b58af17","4.69117278543542","0.15","1e-10","0.128572","0.999999","1e-06","1e-10","-54.1649594255441","-38.8806422259929"
"ID288","5e222f8048ea75061f1eb5c7","2.20071021028099","0.29","1e-10","0.3","0.999999","1e-06","1e-10","-40.1897894945456","-26.4030684945718"
"ID289","5e26e486fcf95e90fcc7c175","1.03239118471","0.01","1e-10","0.3","0.999999","1e-06","1e-10","-63.7181960376196","-49.2429643470926"
"ID290","5e2c2d3a8800e72590334bdb","4.69117278543542","0.29","1e-10","0.3","0.999999","1e-06","1e-10","-56.6215909102815","-41.5539995824059"
"ID291","5e2c96a6ec357b2b16b15d31","4.69117278543542","0.29","1e-10","0.214286","0.999999","1e-06","1e-10","-64.0840274286475","-48.961196505821"
"ID292","5e3012c68dc3120111433304","0.484312542963499","0.15","1e-10","1e-06","0.999999","1e-06","1e-10","-21.4007243691833","-5.16778180598841"
"ID293","5e30492697a58001749fce6b","2.20071021028099","0.29","1e-10","1e-06","0.999999","1e-06","1e-10","-50.9796002394762","-34.1291632870774"
"ID294","5e317e93287816155e5ac60d","4.69117278543542","0.15","1e-10","0.042858","0.999999","1e-06","1e-10","-63.4117129870344","-47.8762012330157"
"ID295","5e32c95c87b8ef28e5aff6ea","2.20071021028099","0.15","1e-10","1e-06","0.999999","1e-06","1e-10","-61.8048820808848","-44.8947793832174"
"ID296","5e32d8909af66c000b4d8a82","2.20071021028099","0.43","1e-10","1e-06","0.999999","1e-06","1e-10","-39.7299717591087","-22.7470440357533"
"ID297","5e33190a5a41122e93c40989","2.20071021028099","0.01","1e-10","0.042858","0.999999","1e-06","1e-10","-79.8005002309704","-64.4205365947688"
"ID298","5e3326095a41122f66244612","2.20071021028099","0.01","1e-10","0.3","0.999999","1e-06","1e-10","-67.1898377844757","-52.2181288291486"
"ID299","5e34a2c2f1319b4763f82289","4.69117278543542","0.15","1e-10","0.042858","0.999999","1e-06","1e-10","-68.6413051673375","-53.1057934133189"
"ID300","5e360848a42bce5c5fce0b89","0.227199382119539","0.01","1e-10","1e-06","0.999999","1e-06","1e-10","-66.8003210999842","-49.4841640187208"
"ID301","5e3aa9e1764672000d62723d","2.20071021028099","0.15","1e-10","0.042858","0.999999","1e-06","1e-10","-35.3347560818379","-21.080114655721"
"ID302","5e3b07fddc4a3431fbcc6235","2.20071021028099","0.29","1e-10","0.042858","0.999999","1e-06","1e-10","-44.1280693386577","-29.9330936578095"
"ID303","5e3b0defeab8663234a735c0","2.20071021028099","0.29","1e-10","0.085715","0.999999","1e-06","1e-10","-47.6504568345953","-33.617312676822"
"ID304","5e3c595d955ce604ac669fcb","4.69117278543542","0.43","1e-10","1e-06","0.999999","1e-06","1e-10","-69.1616152447708","-50.8978171935136"
"ID305","5e43e3fdb58b932646448d07","4.69117278543542","0.15","1e-10","0.042858","0.999999","1e-06","1e-10","-57.8235942549465","-42.2880825009278"
"ID306","5e443478b58b932c06d95bbf","2.20071021028099","0.29","1e-10","1e-06","0.999999","1e-06","1e-10","-44.3053633319067","-27.4549263795079"
"ID307","5e44375e6294c22ba48ef3b7","0.106583155826692","0.43","1e-10","0.171429","0.999999","1e-06","1e-10","-33.2587375374938","-19.9400897739166"
"ID308","5e4503cbc031dd370fd4aae3","4.69117278543542","0.15","1e-10","0.3","0.999999","1e-06","1e-10","-51.3755709149042","-36.24831384176"
"ID309","5e4554f745ab32032eb5205b","4.69117278543542","0.15","1e-10","0.085715","0.999999","1e-06","1e-10","-63.5789661428301","-48.2052859118863"
"ID310","5e45c6a821fc4a089b895774","2.20071021028099","0.15","1e-10","0.042858","0.999999","1e-06","1e-10","-58.100668167945","-43.8460267418282"
"ID311","5e4721a7eab94f1f27d57fe0","1.03239118471","0.29","1e-10","0.085715","0.999999","1e-06","1e-10","-37.8793369788205","-24.3426700858473"
"ID312","5e47ad846c3d4425c60ccbe5","2.20071021028099","0.15","1e-10","1e-06","0.999999","1e-06","1e-10","-55.8952915789678","-38.9851888813003"
"ID313","5e4c1b96d4ca7604f95231e0","4.69117278543542","0.15","1e-10","0.042858","0.999999","1e-06","1e-10","-57.330096813021","-41.7945850590023"
"ID314","5e4feb8037713502e9ed364b","4.69117278543542","0.29","1e-10","0.085715","0.999999","1e-06","1e-10","-62.1502215480753","-46.8362070624002"
"ID315","5e5024d8b0c66e06d4d4c5d8","2.20071021028099","0.15","1e-10","0.042858","0.999999","1e-06","1e-10","-37.6257245873324","-23.3710831612156"
"ID316","5e505e8297da520a2f046a09","2.20071021028099","0.15","1e-10","0.042858","0.999999","1e-06","1e-10","-45.3535199478396","-31.0988785217227"
"ID317","5e510d0760dd0913e45370dc","2.20071021028099","0.01","1e-10","0.3","0.999999","1e-06","1e-10","-67.3934374271912","-52.4217284718641"
"ID318","5e516283779c71000b8e4493","0.106583155826692","0.01","1e-10","0.042858","0.999999","1e-06","1e-10","-27.2336941554527","-12.5520422997905"
"ID319","5e54041653ecf1405f8b228c","1.03239118471","0.01","1e-10","0.085715","0.999999","1e-06","1e-10","-57.7211192891658","-42.9994644408393"
"ID320","5e58333d4b439f04b1069026","2.20071021028099","0.43","1e-10","0.3","0.999999","1e-06","1e-10","-39.1781201722824","-25.2589084013521"
"ID321","5e59a78652cf771b84dc6da7","4.69117278543542","0.29","1e-10","0.3","0.999999","1e-06","1e-10","-51.132195876104","-36.0646045482283"
"ID322","5e5a5cff514eb6000d5c5354","4.69117278543542","0.43","1e-10","0.3","0.999999","1e-06","1e-10","-53.4434336619977","-38.2433515631655"
"ID323","5e5ad8d315b8d42db10b84ce","10","0.43","1e-10","0.3","0.999999","1e-06","1e-10","-70.7443500857639","-51.7873576345346"
"ID324","5e5bb20d6551fe38c99ede03","2.20071021028099","0.15","1e-10","0.042858","0.999999","1e-06","1e-10","-46.0659071782123","-31.8112657520955"
"ID325","5e5fc346cf3e300453d01cde","4.69117278543542","0.15","1e-10","0.085715","0.999999","1e-06","1e-10","-64.3427179535534","-48.9690377226097"
"ID326","5e662ebd5c28e1000c543cab","2.20071021028099","0.15","1e-10","0.042858","0.999999","1e-06","1e-10","-36.3349950484522","-22.0803536223353"
"ID327","5e6684fbad227705baafcd27","2.20071021028099","0.15","1e-10","0.171429","0.999999","1e-06","1e-10","-42.5303434178896","-28.5862088994611"
"ID328","5e67d165cbb37e037909c20f","4.69117278543542","0.15","1e-10","0.042858","0.999999","1e-06","1e-10","-75.3471609607269","-59.8116492067082"
"ID329","5e68e37d1f156a187d75e7b8","1.03239118471","0.01","1e-10","0.3","0.999999","1e-06","1e-10","-70.0163568965709","-55.5411252060438"
"ID330","5e6a53649dae0e000cbe6857","1.03239118471","0.15","1e-10","0.042858","0.999999","1e-06","1e-10","-35.3151297721662","-21.5569656108494"
"ID331","5e6e37cf6c47283eaa39ceeb","1.03239118471","0.01","1e-10","0.085715","0.999999","1e-06","1e-10","-63.4416195155522","-48.7199646672257"
"ID332","5e6e5193add3930009257bb0","2.20071021028099","0.43","1e-10","1e-06","0.999999","1e-06","1e-10","-41.1082098164056","-24.1252820930502"
"ID333","5e6ec0b3b0939647aa5cfd10","1.03239118471","0.01","1e-10","0.085715","0.999999","1e-06","1e-10","-72.1395983812802","-57.4179435329537"
"ID334","5e70af30559b240008daeae3","2.20071021028099","0.01","1e-10","0.3","0.999999","1e-06","1e-10","-77.7922291243995","-62.8205201690724"
"ID335","5e70dca90e26b505a29430ba","2.20071021028099","0.01","1e-10","0.042858","0.999999","1e-06","1e-10","-81.2809069019509","-65.9009432657493"
"ID336","5e7119565b050e0255fc4577","2.20071021028099","0.01","1e-10","0.042858","0.999999","1e-06","1e-10","-79.572737935106","-64.1927742989045"
"ID337","5e713a14dcb6a904c303ade8","4.69117278543542","0.01","1e-10","0.042858","0.999999","1e-06","1e-10","-82.9387903634131","-66.2779563993097"
"ID338","5e722d54811ec3046b5defbd","2.20071021028099","0.01","1e-10","0.3","0.999999","1e-06","1e-10","-76.4354758101307","-61.4637668548036"
"ID339","5e7257649b289e07c047155f","4.69117278543542","0.15","1e-10","0.3","0.999999","1e-06","1e-10","-63.8650797929365","-48.7378227197923"
"ID340","5e7412a64f333138fb44c599","2.20071021028099","0.15","1e-10","0.042858","0.999999","1e-06","1e-10","-40.3411968402038","-26.086555414087"
"ID341","5e7772003da1362dc44fdea9","0.484312542963499","0.57","1e-10","1e-06","0.999999","1e-06","1e-10","-25.8745975621472","-9.28697882112343"
"ID342","5e77733a2e31442cbf638265","0.106583155826692","0.01","1e-10","0.042858","0.999999","1e-06","1e-10","-44.3409825896557","-29.6593307339935"
"ID343","5e7921fcbd76c94d6b4fac57","0.484312542963499","0.01","1e-10","0.042858","0.999999","1e-06","1e-10","-60.7225014098199","-46.0196979080909"
"ID344","5e7c7bf3ca18002bd9cf6eca","1.03239118471","0.15","1e-10","0.042858","0.999999","1e-06","1e-10","-32.5816129569403","-18.8234487956236"
"ID345","5e7c94cc23469b0172ccdb3f","4.69117278543542","0.01","1e-10","0.042858","0.999999","1e-06","1e-10","-82.9073791001086","-66.2465451360052"
"ID346","5e804dbf2962d37261e58004","4.69117278543542","0.29","1e-10","0.3","0.999999","1e-06","1e-10","-61.9803705290728","-46.9127792011972"
"ID347","5e808eb795fdc17626bcc164","10","0.29","1e-10","0.042858","0.999999","1e-06","1e-10","-79.2469932868817","-60.0142369257345"
"ID348","5e8237491699ef955427c59a","4.69117278543542","0.15","1e-10","0.042858","0.999999","1e-06","1e-10","-73.3656702113681","-57.8301584573494"
"ID349","5e83b9e3e3a9da1163fdd0dc","4.69117278543542","0.43","1e-10","1e-06","0.999999","1e-06","1e-10","-71.0334110560864","-52.7696130048291"
"ID350","5e850a7b45c5ca0ec7b99507","1.03239118471","0.01","1e-10","0.042858","0.999999","1e-06","1e-10","-67.0433979715537","-52.1599116001523"
"ID351","5e870beea13e700009960abe","4.69117278543542","0.29","1e-10","0.042858","0.999999","1e-06","1e-10","-67.4959720608516","-52.0201260521015"
"ID352","5e87c4c242701c45712423d9","4.69117278543542","0.29","1e-10","0.042858","0.999999","1e-06","1e-10","-64.789275706089","-49.313429697339"
"ID353","5e87ef6eec9b3347e5eae408","2.20071021028099","0.43","1e-10","1e-06","0.999999","1e-06","1e-10","-41.0384188746494","-24.0554911512939"
"ID354","5e89f8a5141e8b69bf1ee867","1.03239118471","0.01","1e-10","0.085715","0.999999","1e-06","1e-10","-63.7010207789623","-48.9793659306358"
"ID355","5e8b2835da38297d4e63e3cc","4.69117278543542","0.15","1e-10","0.042858","0.999999","1e-06","1e-10","-59.67299418819","-44.1374824341713"
"ID356","5e8b765e88065404c4d50fe2","1.03239118471","0.01","1e-10","0.3","0.999999","1e-06","1e-10","-45.5645800982141","-31.0893484076871"
"ID357","5e8cb846e94a4406307d6da2","1.03239118471","0.15","1e-10","1e-06","0.999999","1e-06","1e-10","-49.2180658299247","-32.8044403970574"
"ID358","5e8d2e6df549ba100a770cba","4.69117278543542","0.29","1e-10","0.257143","0.999999","1e-06","1e-10","-58.3037444780001","-43.2124714260973"
"ID359","5e8d804740aaf4000a51d9e9","10","0.29","1e-10","0.3","0.999999","1e-06","1e-10","-73.6707876875029","-54.8462860072302"
"ID360","5e8e053e16b8100a136c871a","2.20071021028099","0.01","1e-10","0.042858","0.999999","1e-06","1e-10","-80.5724266525372","-65.1924630163357"
"ID361","5e8f4b597ec957073a4ea143","2.20071021028099","0.15","1e-10","0.042858","0.999999","1e-06","1e-10","-49.180327304018","-34.9256858779011"
"ID362","5e8f8c171bd6f70ea39197d9","2.20071021028099","0.29","1e-10","0.257143","0.999999","1e-06","1e-10","-45.4664202876917","-31.6560175636907"
"ID363","5e90c561bdeaf60737085250","1.03239118471","0.01","1e-10","0.042858","0.999999","1e-06","1e-10","-69.4301027908032","-54.5466164194017"
"ID364","5e91c2c8cc3d6c4f2e8e8c30","4.69117278543542","0.15","1e-10","0.042858","0.999999","1e-06","1e-10","-56.3081227613915","-40.7726110073728"
"ID365","5e93f6b64d246b73073c3ba1","4.69117278543542","0.15","1e-10","0.085715","0.999999","1e-06","1e-10","-66.4576903833053","-51.0840101523616"
"ID366","5e96df278f41320009c08d70","0.227199382119539","0.29","1e-10","0.171429","0.999999","1e-06","1e-10","-30.3437198072678","-17.1785188605968"
"ID367","5e97f51d048d682c884ae09b","4.69117278543542","0.15","1e-10","0.042858","0.999999","1e-06","1e-10","-69.3796189658559","-53.8441072118372"
"ID368","5e998401c38a2e1b542531e2","4.69117278543542","0.15","1e-10","0.042858","0.999999","1e-06","1e-10","-52.1551973378212","-36.6196855838025"
"ID369","5e99ad97cdf86a000855cea7","4.69117278543542","0.43","1e-10","0.042858","0.999999","1e-06","1e-10","-44.7819443381662","-29.1736075584595"
"ID370","5e9eb7feae5c8e27ada35b9e","0.484312542963499","0.01","1e-10","0.128572","0.999999","1e-06","1e-10","-44.8994527471534","-30.4478437998919"
"ID371","5e9ec50dee2ccf0009319b7c","4.69117278543542","0.43","1e-10","0.3","0.999999","1e-06","1e-10","-61.5754662645831","-46.3753841657509"
"ID372","5e9eca0cd09bbd0008c315bc","1.03239118471","0.01","1e-10","0.171429","0.999999","1e-06","1e-10","-66.8499662434195","-52.2769867797064"
"ID373","5e9f383061281c0c4c598dc9","4.69117278543542","0.15","1e-10","0.042858","0.999999","1e-06","1e-10","-78.9491915813319","-63.4136798273132"
"ID374","5e9ffcf4db51941ad78e04f3","4.69117278543542","0.29","1e-10","0.3","0.999999","1e-06","1e-10","-49.7292466840296","-34.661655356154"
"ID375","5ea01b4b2d7b4d0243d93f78","2.20071021028099","0.01","1e-10","0.042858","0.999999","1e-06","1e-10","-79.2963218009545","-63.9163581647529"
"ID376","5ea03ed29cb1f00672af3eda","1.03239118471","0.01","1e-10","0.085715","0.999999","1e-06","1e-10","-72.0052744554728","-57.2836196071463"
"ID377","5ea04f7f43bc6507508c9aba","2.20071021028099","0.29","1e-10","1e-06","0.999999","1e-06","1e-10","-60.607751146576","-43.7573141941773"
"ID378","5ea0516dee594a000932857a","2.20071021028099","0.43","1e-10","0.3","0.999999","1e-06","1e-10","-57.4907334771196","-43.5715217061893"
"ID379","5ea0619b737ba601d76cc9ff","4.69117278543542","0.29","1e-10","0.3","0.999999","1e-06","1e-10","-71.5637895216829","-56.4961981938073"
"ID380","5ea06914c2b73202ae7a3f29","4.69117278543542","0.15","1e-10","0.128572","0.999999","1e-06","1e-10","-66.5158309692033","-51.2315137696521"
"ID381","5ea0a23a2c66d008a96313a8","2.20071021028099","0.43","1e-10","1e-06","0.999999","1e-06","1e-10","-44.4210108170909","-27.4380830937355"
"ID382","5ea14bf64f71e2000acbc618","4.69117278543542","0.15","1e-10","0.042858","0.999999","1e-06","1e-10","-66.047370158846","-50.5118584048273"
"ID383","5ea15f2e173fb7000932a6ff","4.69117278543542","0.15","1e-10","0.3","0.999999","1e-06","1e-10","-50.6968690703764","-35.5696119972321"
"ID384","5ea16f92a2f503017ada93dc","4.69117278543542","0.43","1e-10","1e-06","0.999999","1e-06","1e-10","-62.022170755338","-43.7583727040808"
"ID385","5ea1950819664f04542a50bf","2.20071021028099","0.15","1e-10","0.042858","0.999999","1e-06","1e-10","-40.9311046162854","-26.6764631901685"
"ID386","5ea19c748809ad05af2d33d1","4.69117278543542","0.15","1e-10","0.042858","0.999999","1e-06","1e-10","-69.6807857764813","-54.1452740224626"
"ID387","5ea31e2cfe333e274552c8d6","10","0.29","1e-10","0.3","0.999999","1e-06","1e-10","-74.3744239367683","-55.5499222564956"
"ID388","5ea343dd9b066613c3804f6e","4.69117278543542","0.15","1e-10","0.214286","0.999999","1e-06","1e-10","-54.4900226766861","-39.307526008591"
"ID389","5ea350945df820104602e2d0","4.69117278543542","0.15","1e-10","0.257143","0.999999","1e-06","1e-10","-55.8941423032465","-40.743203506075"
"ID390","5ea35c4c1d36a81597d48873","0.227199382119539","0.01","1e-10","1e-06","0.999999","1e-06","1e-10","-70.5803368591026","-53.2641797778392"
"ID391","5ea4864445b9ce057f270e90","4.69117278543542","0.15","1e-10","0.042858","0.999999","1e-06","1e-10","-71.2137879855413","-55.6782762315226"
"ID392","5ea4886d2da60f057634cabc","2.20071021028099","0.01","1e-10","0.042858","0.999999","1e-06","1e-10","-82.4151907589494","-67.0352271227479"
"ID393","5ea4a9cac3872a06b560229f","4.69117278543542","0.29","1e-10","0.042858","0.999999","1e-06","1e-10","-62.1978002376533","-46.7219542289032"
"ID394","5ea5cf998366db5d39a2dcb0","2.20071021028099","0.01","1e-10","0.3","0.999999","1e-06","1e-10","-78.9828761757623","-64.0111672204352"
"ID395","5ea611dda778214a5e89fbf2","2.20071021028099","0.01","1e-10","0.042858","0.999999","1e-06","1e-10","-79.1449068395984","-63.7649432033969"
"ID396","5ea69195ed92c0000a285a1d","2.20071021028099","0.15","1e-10","0.042858","0.999999","1e-06","1e-10","-47.0677307710798","-32.813089344963"
"ID397","5ea721158bfde70ca3b31580","2.20071021028099","0.15","1e-10","0.085715","0.999999","1e-06","1e-10","-37.5319006771899","-23.439090774148"
"ID398","5ea824f580b9ef228f589930","0.227199382119539","0.43","1e-10","0.3","0.999999","1e-06","1e-10","-30.3751229031257","-17.1751789586841"
"ID399","5ea85f0ccbdc9b0aaa815e39","4.69117278543542","0.29","1e-10","0.3","0.999999","1e-06","1e-10","-53.4149009578014","-38.3473096299258"
"ID400","5ea889bc80b9ef2d0e1fda83","10","0.43","1e-10","0.3","0.999999","1e-06","1e-10","-71.5320314895231","-52.5750390382938"
"ID401","5ea96eb7083ea5057fd3003c","2.20071021028099","0.29","1e-10","0.214286","0.999999","1e-06","1e-10","-36.754061478686","-22.9121008837614"
"ID402","5ea97f82f47d1e074f75a5b2","4.69117278543542","0.15","1e-10","0.042858","0.999999","1e-06","1e-10","-67.2275945754789","-51.6920828214602"
"ID403","5ea9d6ef7223d915f9157284","4.69117278543542","0.43","1e-10","0.3","0.999999","1e-06","1e-10","-54.0594153015542","-38.859333202722"
"ID404","5eaa8fa180e800012e13e9b8","2.20071021028099","0.43","1e-10","1e-06","0.999999","1e-06","1e-10","-35.3351409389638","-18.3522132156084"
"ID405","5eaaa1f09980ee025a0e1f12","2.20071021028099","0.01","1e-10","0.042858","0.999999","1e-06","1e-10","-81.8087088787805","-66.428745242579"
"ID406","5eaabd69a768fc01c972b6ea","1.03239118471","0.43","1e-10","1e-06","0.999999","1e-06","1e-10","-30.6096780943079","-14.1232276357526"
"ID407","5eab1f263437620e2c6909eb","2.20071021028099","0.15","1e-10","0.042858","0.999999","1e-06","1e-10","-59.9367059051591","-45.6820644790423"
"ID408","5eab3a9bfec73d10dc9291f7","4.69117278543542","0.15","1e-10","0.042858","0.999999","1e-06","1e-10","-68.730853377452","-53.1953416234333"
"ID409","5eac2efe4efbe80621541711","2.20071021028099","0.01","1e-10","0.085715","0.999999","1e-06","1e-10","-78.104033462884","-62.8859013497574"
"ID410","5eac70db94edd22d57fa00c4","2.20071021028099","0.15","1e-10","0.3","0.999999","1e-06","1e-10","-47.61592132441","-33.7695345791676"
"ID411","5ead4a2f13f83a3cf7f69d13","2.20071021028099","0.29","1e-10","1e-06","0.999999","1e-06","1e-10","-47.9359318515199","-31.0854948991211"
"ID412","5eb1ad7d6e2f922d409a33f4","2.20071021028099","0.15","1e-10","0.042858","0.999999","1e-06","1e-10","-45.0153188056816","-30.7606773795648"
"ID413","5eb2796f11e9d21ccfc58b17","2.20071021028099","0.29","1e-10","0.171429","0.999999","1e-06","1e-10","-46.705866693768","-32.8213979206082"
"ID414","5eb2ced773246705b92e0774","4.69117278543542","0.15","1e-10","0.3","0.999999","1e-06","1e-10","-64.0178146563194","-48.8905575831751"
"ID415","5eb2e35ef11f47099b68d077","2.20071021028099","0.15","1e-10","0.042858","0.999999","1e-06","1e-10","-45.022108758235","-30.7674673321181"
"ID416","5eb2e570f2dbc909af1e16f7","1.03239118471","0.29","1e-10","1e-06","0.999999","1e-06","1e-10","-25.7127754893551","-9.35881580175637"
"ID417","5eb415e40b324a222db46f01","0.484312542963499","0.15","1e-10","1e-06","0.999999","1e-06","1e-10","-29.8357737985264","-13.6028312353315"
"ID418","5eb4564d7b27a029949eaf25","4.69117278543542","0.15","1e-10","0.085715","0.999999","1e-06","1e-10","-66.461328878102","-51.0876486471582"
"ID419","5eb66b661cf74d55c169abec","4.69117278543542","0.15","1e-10","0.085715","0.999999","1e-06","1e-10","-73.8951015892426","-58.5214213582988"
"ID420","5eb68960ff9bef0113d27eb6","0.106583155826692","0.01","1e-10","1e-06","0.999999","1e-06","1e-10","-28.3954800020068","-11.058366874794"
"ID421","5eb70f4db9918d630f1beefd","4.69117278543542","0.15","1e-10","0.042858","0.999999","1e-06","1e-10","-66.1598046542857","-50.624292900267"
"ID422","5eb741079eb7cb65f0f82a91","4.69117278543542","0.15","1e-10","0.085715","0.999999","1e-06","1e-10","-69.0028530205226","-53.6291727895788"
"ID423","5eb83d26efe062062ae82412","4.69117278543542","0.15","1e-10","0.042858","0.999999","1e-06","1e-10","-61.6230678301576","-46.0875560761389"
"ID424","5eb8c16a3a7a17837b2d1828","2.20071021028099","0.15","1e-10","0.3","0.999999","1e-06","1e-10","-37.7565163654925","-23.9101296202501"
"ID425","5eb9199609a0310174592940","0.484312542963499","0.01","1e-10","0.257143","0.999999","1e-06","1e-10","-56.2612815880147","-41.943051043133"
"ID426","5eb9423c28bc6300099852af","0.484312542963499","0.15","1e-10","1e-06","0.999999","1e-06","1e-10","-26.4509639272534","-10.2180213640585"
"ID427","5eb9697b651aca0436adfe9d","2.20071021028099","0.15","1e-10","0.085715","0.999999","1e-06","1e-10","-35.7729344548976","-21.6801245518556"
"ID428","5eba076ccf8a3114d759fdd0","4.69117278543542","0.29","1e-10","0.3","0.999999","1e-06","1e-10","-53.4961386145727","-38.4285472866971"
"ID429","5eba5cf82cbf431a3276c90b","4.69117278543542","0.15","1e-10","0.128572","0.999999","1e-06","1e-10","-55.9001702432924","-40.6158530437411"
"ID430","5eba9c85d1130507bd1a6219","1.03239118471","0.01","1e-10","0.042858","0.999999","1e-06","1e-10","-74.1338981632761","-59.2504117918747"
"ID431","5ebaec011a7d64080694fe74","4.69117278543542","0.43","1e-10","1e-06","0.999999","1e-06","1e-10","-65.3969218102811","-47.1331237590239"
"ID432","5ebd3dae8c3ef3000b5b1b2d","4.69117278543542","0.15","1e-10","0.3","0.999999","1e-06","1e-10","-55.6330084922417","-40.5057514190974"
"ID433","5ebd9047a4e2fc0ab05b2e40","2.20071021028099","0.29","1e-10","0.085715","0.999999","1e-06","1e-10","-31.7841795346659","-17.7510353768927"
"ID434","5ebde7d4e24d0b12e9d60d7d","4.69117278543542","0.15","1e-10","0.085715","0.999999","1e-06","1e-10","-71.375838226068","-56.0021579951243"
"ID435","5ebe945956bdfc202ececb1b","4.69117278543542","0.15","1e-10","0.171429","0.999999","1e-06","1e-10","-69.269371301238","-54.0443664549077"
"ID436","5ebfa2c519a604383366f3e8","2.20071021028099","0.15","1e-10","0.042858","0.999999","1e-06","1e-10","-49.9007597583352","-35.6461183322183"
"ID437","5ec2683e7bf5d7035f84ddf8","4.69117278543542","0.15","1e-10","0.171429","0.999999","1e-06","1e-10","-59.7585154792713","-44.533510632941"
"ID438","5ec28a6332a7510637436a57","4.69117278543542","0.15","1e-10","0.3","0.999999","1e-06","1e-10","-57.2259738061606","-42.0987167330164"
"ID439","5ec2eb1fdb44d61155191d85","2.20071021028099","0.29","1e-10","0.042858","0.999999","1e-06","1e-10","-44.0475521906033","-29.8525765097551"
"ID440","5ec57069f264da556b3f1cfa","1.03239118471","0.01","1e-10","0.257143","0.999999","1e-06","1e-10","-64.4001011512994","-49.9011877367452"
"ID441","5ec6563b04e80f030b94e03c","0.227199382119539","0.43","1e-10","0.3","0.999999","1e-06","1e-10","-30.373997384291","-17.1740534398494"
"ID442","5ec681f642084e07c117dcba","4.69117278543542","0.43","1e-10","0.042858","0.999999","1e-06","1e-10","-56.2758977038795","-40.6675609241728"
"ID443","5ec875255c6a2700081554ac","2.20071021028099","0.01","1e-10","0.3","0.999999","1e-06","1e-10","-71.6980209505276","-56.7263119952005"
"ID444","5ec92a99d799ae417aa9c71c","2.20071021028099","0.15","1e-10","0.042858","0.999999","1e-06","1e-10","-49.9230132542536","-35.6683718281368"
"ID445","5ec93926ce905a051f5704f3","4.69117278543542","0.15","1e-10","0.042858","0.999999","1e-06","1e-10","-67.5555423075239","-52.0200305535052"
"ID446","5ec96c05d06880489cae0e85","4.69117278543542","0.15","1e-10","0.042858","0.999999","1e-06","1e-10","-75.6108240390657","-60.075312285047"
"ID447","5ec9adfa68f3910f2f3b0fde","0.484312542963499","0.01","1e-10","0.042858","0.999999","1e-06","1e-10","-65.1493740219558","-50.4465705202268"
"ID448","5ecbe220d068807a5425c4de","0.106583155826692","0.01","1e-10","0.042858","0.999999","1e-06","1e-10","-26.7992405376001","-12.1175886819379"
"ID449","5ece6c76c501a121bb6add41","4.69117278543542","0.43","1e-10","0.3","0.999999","1e-06","1e-10","-68.2832266477638","-53.0831445489316"
"ID450","5ece8a3c088813259ffc1e0f","4.69117278543542","0.29","1e-10","0.3","0.999999","1e-06","1e-10","-59.0478313749259","-43.9802400470503"
"ID451","5eceba5be22abb2ca0077349","2.20071021028099","0.15","1e-10","0.042858","0.999999","1e-06","1e-10","-36.3326678778237","-22.0780264517069"
"ID452","5ecfd28bb14b1c05751f178c","4.69117278543542","0.01","1e-10","0.042858","0.999999","1e-06","1e-10","-82.1627110717294","-65.501877107626"
"ID453","5ecfd2be11216004c17c6b26","4.69117278543542","0.29","1e-10","1e-06","0.999999","1e-06","1e-10","-73.5716853350195","-55.4403780547189"
"ID454","5ed0c66875039f000b4e3897","1.03239118471","0.15","1e-10","0.042858","0.999999","1e-06","1e-10","-29.8511041589806","-16.0929399976638"
"ID455","5ed0d82c81c0bd1bccc8ceea","0.227199382119539","0.43","1e-10","0.3","0.999999","1e-06","1e-10","-35.8628201541517","-22.6628762097101"
"ID456","5ed14d3bc71f86079de10d13","2.20071021028099","0.15","1e-10","0.042858","0.999999","1e-06","1e-10","-57.87060230743","-43.6159608813131"
"ID457","5ed2b2478e4b7b10b7f4a529","10","0.29","1e-10","0.257143","0.999999","1e-06","1e-10","-72.848280445193","-54.0000970408931"
"ID458","5ed358aab6ee6f2e2885eddf","4.69117278543542","0.15","1e-10","0.042858","0.999999","1e-06","1e-10","-70.5015118747132","-54.9660001206945"
"ID459","5ed38829fff60d32fb95a117","2.20071021028099","0.29","1e-10","1e-06","0.999999","1e-06","1e-10","-41.7534320915462","-24.9029951391474"
"ID460","5ed3f7a0f387a109b6580537","2.20071021028099","0.01","1e-10","0.042858","0.999999","1e-06","1e-10","-81.5584884268226","-66.1785247906211"
"ID461","5ed43096f615650c8fb1b1ea","4.69117278543542","0.15","1e-10","0.3","0.999999","1e-06","1e-10","-61.5452289680756","-46.4179718949313"
"ID462","5ed4fa5969acac03603380a0","1.03239118471","0.15","1e-10","1e-06","0.999999","1e-06","1e-10","-41.9201101659931","-25.5064847331258"
"ID463","5ed507ce0760de048fc356bd","2.20071021028099","0.01","1e-10","0.042858","0.999999","1e-06","1e-10","-79.8372213411103","-64.4572577049087"
"ID464","5ed6a937eb466b1029493c39","2.20071021028099","0.01","1e-10","0.085715","0.999999","1e-06","1e-10","-79.4589592812544","-64.2408271681278"
"ID465","5ed7578ef05e671db283844e","2.20071021028099","0.29","1e-10","1e-06","0.999999","1e-06","1e-10","-66.5735183210792","-49.7230813686804"
"ID466","5ed8e10357f9623ee2f603e7","4.69117278543542","0.15","1e-10","0.042858","0.999999","1e-06","1e-10","-71.1423272617978","-55.6068155077792"
"ID467","5ed8f853923c0941e1238299","4.69117278543542","0.29","1e-10","0.3","0.999999","1e-06","1e-10","-68.7841592384722","-53.7165679105966"
"ID468","5ed90e1ff2a1840a177877d3","0.227199382119539","0.43","1e-10","0.3","0.999999","1e-06","1e-10","-30.3723938145088","-17.1724498700672"
"ID469","5ed97291fac0cc510c9bb3f2","2.20071021028099","0.01","1e-10","0.042858","0.999999","1e-06","1e-10","-80.666111867078","-65.2861482308765"
"ID470","5eda9f7c460b766ded73bdb7","4.69117278543542","0.15","1e-10","0.085715","0.999999","1e-06","1e-10","-65.4531123836283","-50.0794321526845"
"ID471","5edb6534fd7ffe7e4b7d065a","4.69117278543542","0.15","1e-10","0.085715","0.999999","1e-06","1e-10","-55.9021058741987","-40.5284256432549"
"ID472","5edbf6a29a8d508920c14f6c","2.20071021028099","0.15","1e-10","0.042858","0.999999","1e-06","1e-10","-39.9689602358097","-25.7143188096928"
"ID473","5edcfb851ba1889e083e218e","4.69117278543542","0.29","1e-10","0.042858","0.999999","1e-06","1e-10","-68.4405405970831","-52.964694588333"
"ID474","5edd630ac419bf0ed18c99b5","0.05","0.01","1e-10","1e-06","0.999999","1e-06","1e-10","-19.1099677988393","-1.7227269272099"
"ID475","5ede3fcf6b821907836e01fc","2.20071021028099","0.01","1e-10","0.042858","0.999999","1e-06","1e-10","-80.9631239635687","-65.5831603273672"
"ID476","5ede976d873bba121db3fe20","0.227199382119539","0.29","1e-10","0.3","0.999999","1e-06","1e-10","-29.1425256863058","-16.0750725128208"
"ID477","5edf50e72ef80a1fe0267aeb","0.484312542963499","0.01","1e-10","0.214286","0.999999","1e-06","1e-10","-47.7999492024342","-33.4501607866288"
"ID478","5ee107a76411e40e242da7f1","4.69117278543542","0.15","1e-10","0.085715","0.999999","1e-06","1e-10","-56.5145158442501","-41.1408356133063"
"ID479","5ee131f793ab7b12e4b525fb","2.20071021028099","0.15","1e-10","0.042858","0.999999","1e-06","1e-10","-48.1441744547497","-33.8895330286329"
"ID480","5ee21a32d4c762283a96e624","4.69117278543542","0.01","1e-10","0.042858","0.999999","1e-06","1e-10","-83.433502474101","-66.7726685099976"
"ID481","5ee27217fd7c7c72eb755cbe","4.69117278543542","0.01","1e-10","0.042858","0.999999","1e-06","1e-10","-83.2213360537662","-66.5605020896628"
"ID482","5ee277d2e7dae975727d3985","4.69117278543542","0.15","1e-10","0.085715","0.999999","1e-06","1e-10","-67.1761633478559","-51.8024831169121"
"ID483","5ee40191f8b4750f5e7a5474","4.69117278543542","0.15","1e-10","0.085715","0.999999","1e-06","1e-10","-65.1154786288969","-49.7417983979531"
"ID484","5ee531ca5f4c6f0be142ded4","2.20071021028099","0.29","1e-10","0.3","0.999999","1e-06","1e-10","-39.7441560814523","-25.9574350814786"
"ID485","5ee53fa05b6d910eb9ea2df8","4.69117278543542","0.15","1e-10","0.042858","0.999999","1e-06","1e-10","-66.5937158013748","-51.0582040473561"
"ID486","5ee64d0bf796cb3b252a8c99","2.20071021028099","0.57","1e-10","1e-06","0.999999","1e-06","1e-10","-31.5520493647318","-14.2872704892354"
"ID487","5ee655f6137975087129de08","4.69117278543542","0.15","1e-10","0.171429","0.999999","1e-06","1e-10","-47.637508371326","-32.4125035249957"
"ID488","5ee7a8ab87d5560568bc2dca","4.69117278543542","0.15","1e-10","0.042858","0.999999","1e-06","1e-10","-76.0046531690472","-60.4691414150285"
"ID489","5ee7c7df09973e09bb653014","1.03239118471","0.01","1e-10","0.3","0.999999","1e-06","1e-10","-48.9315185764275","-34.4562868859005"
"ID490","5ee7ccc7e257390912a8101e","4.69117278543542","0.01","1e-10","0.3","0.999999","1e-06","1e-10","-82.1745981135935","-65.9220188303646"
"ID491","5ee8e3de1c649a215bae3e59","4.69117278543542","0.15","1e-10","0.042858","0.999999","1e-06","1e-10","-70.6523470319173","-55.1168352778986"
"ID492","5ee91ec1ef56832aa7947169","1.03239118471","0.43","1e-10","0.042858","0.999999","1e-06","1e-10","-39.4709277739378","-25.6399385869331"
"ID493","5ee9e9c1496265000a792544","4.69117278543542","0.15","1e-10","0.085715","0.999999","1e-06","1e-10","-58.4849115207811","-43.1112312898373"
"ID494","5eea8c81e1959f14a3999921","2.20071021028099","0.01","1e-10","0.171429","0.999999","1e-06","1e-10","-74.5032780187452","-59.433821290232"
"ID495","5eeb621a7c83c62d2473afb1","2.20071021028099","0.15","1e-10","0.3","0.999999","1e-06","1e-10","-48.5395336342964","-34.693146889054"
"ID496","5eeb6f6cff37eb08003590e8","0.484312542963499","0.01","1e-10","0.3","0.999999","1e-06","1e-10","-50.2374303621899","-35.9428815413354"
"ID497","5eec977365b56a02f54f7bcd","2.20071021028099","0.01","1e-10","0.214286","0.999999","1e-06","1e-10","-72.0226242927895","-56.9956757425115"
"ID498","5eecdb2f8343cb0aa4ed34c6","2.20071021028099","0.01","1e-10","0.042858","0.999999","1e-06","1e-10","-80.6247461692665","-65.2447825330649"
"ID499","5eed184c2c93d51212cf04e2","1.03239118471","0.01","1e-10","0.042858","0.999999","1e-06","1e-10","-78.3792793371557","-63.4957929657542"
"ID500","5eee89a6c00bfb337a3c54a8","4.69117278543542","0.43","1e-10","0.3","0.999999","1e-06","1e-10","-52.0413939459755","-36.8413118471432"
"ID501","5ef0c9b95817dc145532fcee","2.20071021028099","0.01","1e-10","0.042858","0.999999","1e-06","1e-10","-80.3780817794716","-64.99811814327"
"ID502","5ef1bb10c673fd7d2d14e439","4.69117278543542","0.01","1e-10","0.042858","0.999999","1e-06","1e-10","-84.1835117429769","-67.5226777788735"
"ID503","5ef22304270c550357f4dd5d","1.03239118471","0.01","1e-10","0.3","0.999999","1e-06","1e-10","-63.0320316457128","-48.5567999551858"
"ID504","5ef241253eb63511d02451e6","4.69117278543542","0.29","1e-10","0.257143","0.999999","1e-06","1e-10","-55.3310171132754","-40.2397440613726"
"ID505","5ef329d8cfbdc00379011819","2.20071021028099","0.15","1e-10","0.3","0.999999","1e-06","1e-10","-44.0059975705463","-30.1596108253039"
"ID506","5ef360348e5e520a532e67c8","4.69117278543542","0.43","1e-10","0.3","0.999999","1e-06","1e-10","-41.1891757928232","-25.989093693991"
"ID507","5ef4ba6145dfc00b3f7224a6","4.69117278543542","0.15","1e-10","0.042858","0.999999","1e-06","1e-10","-62.9049475195244","-47.3694357655057"
"ID508","5ef52a87f04c781600ae4114","4.69117278543542","0.15","1e-10","0.042858","0.999999","1e-06","1e-10","-72.2347558871468","-56.6992441331281"
"ID509","5ef5cef8548fce031f1ceca4","0.484312542963499","0.29","1e-10","1e-06","0.999999","1e-06","1e-10","-23.1407071478093","-6.96743032988306"
"ID510","5ef5d41822b3c903597a9309","4.69117278543542","0.01","1e-10","0.042858","0.999999","1e-06","1e-10","-82.637811237348","-65.9769772732446"
"ID511","5ef71356f4d5414121333bac","4.69117278543542","0.29","1e-10","0.085715","0.999999","1e-06","1e-10","-56.5125022062331","-41.198487720558"
"ID512","5ef722c333956242acf17935","10","0.15","1e-10","0.3","0.999999","1e-06","1e-10","-82.1662138132093","-63.2820463876679"
"ID513","5ef7ad0882b7740c33fe20cc","2.20071021028099","0.15","1e-10","0.257143","0.999999","1e-06","1e-10","-40.0262924194852","-26.1562239502156"
"ID514","5ef8eeb63f6343097030fd37","4.69117278543542","0.29","1e-10","0.042858","0.999999","1e-06","1e-10","-53.5752534256494","-38.0994074168994"
"ID515","5ef91678cd20bc6a46a34d6e","4.69117278543542","0.01","1e-10","0.042858","0.999999","1e-06","1e-10","-83.7521204724107","-67.0912865083073"
"ID516","5ef92a8979cf2c6b9ca11f99","0.484312542963499","0.01","1e-10","1e-06","0.999999","1e-06","1e-10","-73.8207474535231","-56.4624826802435"
"ID517","5ef9ae64e14ff874891401b6","2.20071021028099","0.01","1e-10","0.085715","0.999999","1e-06","1e-10","-78.8028730303823","-63.5847409172557"
"ID518","5ef9be1c61ecb401ef5be7b4","1.03239118471","0.29","1e-10","1e-06","0.999999","1e-06","1e-10","-37.6437652203527","-21.289805532754"
"ID519","5ef9eeaccb96bd7aee3120ec","4.69117278543542","0.15","1e-10","0.042858","0.999999","1e-06","1e-10","-78.3172386667122","-62.7817269126935"
"ID520","5efa02a5f512b17ea54f360a","2.20071021028099","0.01","1e-10","0.085715","0.999999","1e-06","1e-10","-78.7743259384559","-63.5561938253293"
"ID521","5efa2a8948fdb90f5ba612c7","0.227199382119539","0.43","1e-10","0.3","0.999999","1e-06","1e-10","-31.4702898220366","-18.270345877595"
"ID522","5efae8f0156229941fcf363e","4.69117278543542","0.15","1e-10","0.042858","0.999999","1e-06","1e-10","-60.8101380857911","-45.2746263317724"
"ID523","5efb14b20602b4024585eec6","4.69117278543542","0.15","1e-10","0.042858","0.999999","1e-06","1e-10","-60.9111532239219","-45.3756414699032"
"ID524","5efb934059dba21145bee143","2.20071021028099","0.01","1e-10","0.042858","0.999999","1e-06","1e-10","-80.2040870703006","-64.824123434099"
"ID525","5efc9f18c573ed060f50cd68","0.484312542963499","0.01","1e-10","0.3","0.999999","1e-06","1e-10","-47.1688904944951","-32.8743416736406"
"ID526","5efcbb97df2a840990b0da94","2.20071021028099","0.43","1e-10","1e-06","0.999999","1e-06","1e-10","-52.4834130688099","-35.5004853454545"
"ID527","5efd048628bf7f13e1c89fe5","4.69117278543542","0.29","1e-10","0.042858","0.999999","1e-06","1e-10","-50.3665571233172","-34.8907111145672"
"ID528","5efd138927b6ba154b29d7e0","2.20071021028099","0.01","1e-10","0.085715","0.999999","1e-06","1e-10","-74.7295224409406","-59.511390327814"
"ID529","5efd3f336893231898d7baf4","4.69117278543542","0.15","1e-10","0.042858","0.999999","1e-06","1e-10","-63.330325030896","-47.7948132768773"
"ID530","5efdb59031628202f67defe6","4.69117278543542","0.15","1e-10","0.085715","0.999999","1e-06","1e-10","-64.8168028561667","-49.443122625223"
"ID531","5efe04e9e399372b1b7ca8c0","4.69117278543542","0.15","1e-10","0.042858","0.999999","1e-06","1e-10","-59.6164306227528","-44.0809188687342"
"ID532","5efe1017a220682cb76fd5f0","1.03239118471","0.01","1e-10","0.3","0.999999","1e-06","1e-10","-51.0137039852419","-36.5384722947149"
"ID533","5efe4cb9c5fa3134b8ca9fbb","4.69117278543542","0.15","1e-10","0.085715","0.999999","1e-06","1e-10","-71.9145161077569","-56.5408358768132"
"ID534","5eff17d115ba87434ab3829b","1.03239118471","0.01","1e-10","0.085715","0.999999","1e-06","1e-10","-68.9858405205802","-54.2641856722536"
"ID535","5eff423e0edf450b7e5e90ea","1.03239118471","0.01","1e-10","0.3","0.999999","1e-06","1e-10","-50.2333811313183","-35.7581494407913"
"ID536","5eff7df90aede705593e92d7","1.03239118471","0.01","1e-10","0.171429","0.999999","1e-06","1e-10","-56.0695593702338","-41.4965799065207"
"ID537","5f00350508190111df898b16","2.20071021028099","0.43","1e-10","1e-06","0.999999","1e-06","1e-10","-54.8894583622758","-37.9065306389204"
"ID538","5f01c985f119a1317aa68d30","2.20071021028099","0.01","1e-10","0.085715","0.999999","1e-06","1e-10","-77.3626080140494","-62.1444759009228"
"ID539","5f022bbeaaa45a0d1377a965","1.03239118471","0.29","1e-10","1e-06","0.999999","1e-06","1e-10","-44.453467492279","-28.0995078046803"
"ID540","5f03183c2e1a9e4bcee3177d","0.227199382119539","0.43","1e-10","0.3","0.999999","1e-06","1e-10","-33.672025535628","-20.4720815911864"
"ID541","5f034e4e4e80ca2344b11ae1","4.69117278543542","0.15","1e-10","0.085715","0.999999","1e-06","1e-10","-65.4641755525362","-50.0904953215925"
"ID542","5f04348a0f815501257f51f2","2.20071021028099","0.43","1e-10","1e-06","0.999999","1e-06","1e-10","-56.9544555844754","-39.97152786112"
"ID543","5f0487b0cde3b70a5ec02b22","2.20071021028099","0.15","1e-10","0.042858","0.999999","1e-06","1e-10","-38.2797663931879","-24.025124967071"
"ID544","5f05ebf3f060ae0d5e6a3c8e","4.69117278543542","0.15","1e-10","0.042858","0.999999","1e-06","1e-10","-79.9249932251313","-64.3894814711126"
"ID545","5f070c04c2cb9f29c87ca982","2.20071021028099","0.15","1e-10","0.042858","0.999999","1e-06","1e-10","-43.1449450919066","-28.8903036657897"
"ID546","5f07601a8515d13515268f96","4.69117278543542","0.43","1e-10","0.3","0.999999","1e-06","1e-10","-67.183641593441","-51.9835594946088"
"ID547","5f086d2cb09ff006bde079f5","1.03239118471","0.15","1e-10","0.042858","0.999999","1e-06","1e-10","-31.9400763502593","-18.1819121889426"
"ID548","5f0898d879ce1f0c6ffae5e4","2.20071021028099","0.15","1e-10","0.128572","0.999999","1e-06","1e-10","-35.3859195635893","-21.38247269194"
"ID549","5f0c40ce134b8f062eda439f","1.03239118471","0.71","1e-10","1e-06","0.999999","1e-06","1e-10","-27.7023159163677","-10.4529721817142"
"ID550","5f0c5f689c6dab0745d30097","4.69117278543542","0.29","1e-10","0.3","0.999999","1e-06","1e-10","-57.1420688376584","-42.0744775097828"
"ID551","5f0d75595c3a52000819b39c","2.20071021028099","0.15","1e-10","0.042858","0.999999","1e-06","1e-10","-45.027499597656","-30.7728581715391"
"ID552","5f0da340554d3d01c4aa512a","4.69117278543542","0.15","1e-10","0.042858","0.999999","1e-06","1e-10","-59.6842834367856","-44.1487716827669"
"ID553","5f0dc15ace21a50008f6c7a7","2.20071021028099","0.29","1e-10","1e-06","0.999999","1e-06","1e-10","-55.4037273660847","-38.5532904136859"
"ID554","5f0e293207ba641591b3a0d6","4.69117278543542","0.15","1e-10","0.214286","0.999999","1e-06","1e-10","-54.050043387409","-38.8675467193139"
"ID555","5f0ea9746afc8c073073cc94","1.03239118471","0.01","1e-10","0.085715","0.999999","1e-06","1e-10","-67.9115710869973","-53.1899162386707"
"ID556","5f10282c5c490e276c9a75e7","4.69117278543542","0.01","1e-10","0.042858","0.999999","1e-06","1e-10","-81.6624477986919","-65.0016138345885"
"ID557","5f103e2a914f5e000826e6f1","4.69117278543542","0.15","1e-10","0.042858","0.999999","1e-06","1e-10","-67.8722185366266","-52.3367067826079"
"ID558","5f104232adba66000a8eddfb","4.69117278543542","0.29","1e-10","0.042858","0.999999","1e-06","1e-10","-48.1088492931646","-32.6330032844145"
"ID559","5f10620fbc10dd02e56ce013","4.69117278543542","0.15","1e-10","0.214286","0.999999","1e-06","1e-10","-53.4995934373033","-38.3170967692083"
"ID560","5f107507408f603232383b27","2.20071021028099","0.29","1e-10","0.042858","0.999999","1e-06","1e-10","-50.9049057090947","-36.7099300282465"
"ID561","5f10d3f1be1cf9403317378c","4.69117278543542","0.01","1e-10","0.042858","0.999999","1e-06","1e-10","-83.2158180570349","-66.5549840929315"
"ID562","5f12e48a0e816727e429bc3d","2.20071021028099","0.01","1e-10","0.085715","0.999999","1e-06","1e-10","-79.3116970661385","-64.0935649530119"
"ID563","5f155e9d426b2a6028c0a80d","4.69117278543542","0.15","1e-10","0.042858","0.999999","1e-06","1e-10","-72.4521384811836","-56.916626727165"
"ID564","5f1594305688f5654fe92691","2.20071021028099","0.01","1e-10","0.128572","0.999999","1e-06","1e-10","-79.8530546818134","-64.7242856000794"
"ID565","5f15c46a19912324313effa0","4.69117278543542","0.43","1e-10","0.3","0.999999","1e-06","1e-10","-51.2561524770693","-36.0560703782371"
"ID566","5f16a5057185b3397ea67287","4.69117278543542","0.15","1e-10","0.257143","0.999999","1e-06","1e-10","-66.5534538754594","-51.402515078288"
"ID567","5f180933704e8402d4d9cc26","4.69117278543542","0.15","1e-10","0.042858","0.999999","1e-06","1e-10","-69.640700727591","-54.1051889735723"
"ID568","5f181092bc89f00dc2e577a2","4.69117278543542","0.15","1e-10","0.042858","0.999999","1e-06","1e-10","-66.1740283805111","-50.6385166264924"
"ID569","5f18362e7f876d064235cd4d","2.20071021028099","0.01","1e-10","0.042858","0.999999","1e-06","1e-10","-81.1128422283057","-65.7328785921041"
"ID570","5f188417c5b3a405f3ccaf42","4.69117278543542","0.15","1e-10","0.042858","0.999999","1e-06","1e-10","-70.8925382715702","-55.3570265175515"
"ID571","5f197913958d110428c74dc3","4.69117278543542","0.15","1e-10","0.3","0.999999","1e-06","1e-10","-57.1293039695206","-42.0020468963764"
"ID572","5f1992235bab3d018fea7199","4.69117278543542","0.43","1e-10","0.3","0.999999","1e-06","1e-10","-66.9550657461731","-51.7549836473409"
"ID573","5f1cbc000b408b58e8d2799d","4.69117278543542","0.29","1e-10","0.3","0.999999","1e-06","1e-10","-44.6229074816801","-29.5553161538045"
"ID574","5f1dbd03e2aa49719e42be44","2.20071021028099","0.15","1e-10","0.085715","0.999999","1e-06","1e-10","-47.0342936113527","-32.9414837083107"
"ID575","5f1e8c0cff2a66849b622c3f","10","0.29","1e-10","0.257143","0.999999","1e-06","1e-10","-77.3075680090477","-58.4593846047478"
"ID576","5f1ec05b39c51401c9816f75","2.20071021028099","0.15","1e-10","0.214286","0.999999","1e-06","1e-10","-43.1930600664864","-29.2914337262931"
"ID577","5f1ecb5f19d0160009650698","1.03239118471","0.43","1e-10","1e-06","0.999999","1e-06","1e-10","-39.0995486686981","-22.6130982101428"
"ID578","5f2022e9b0c712068b39881d","2.20071021028099","0.43","1e-10","1e-06","0.999999","1e-06","1e-10","-50.7777748044409","-33.7948470810855"
"ID579","5f219544dd502e57a6fbc1ea","1.03239118471","0.15","1e-10","1e-06","0.999999","1e-06","1e-10","-47.0843241931567","-30.6706987602893"
"ID580","5f22d64ea30b70011ef0c798","1.03239118471","0.01","1e-10","0.3","0.999999","1e-06","1e-10","-55.6892874241426","-41.2140557336156"
"ID581","5f230a01e84721061b991468","4.69117278543542","0.29","1e-10","0.171429","0.999999","1e-06","1e-10","-64.4799204291235","-49.3145813280618"
"ID582","5f23f14e2ecae8011ec4021f","4.69117278543542","0.15","1e-10","0.042858","0.999999","1e-06","1e-10","-74.5095765221729","-58.9740647681542"
"ID583","5f241d0b45dc8a000bf6598e","4.69117278543542","0.15","1e-10","0.042858","0.999999","1e-06","1e-10","-70.083396653612","-54.5478848995933"
"ID584","5f2458749912ad00087e5677","2.20071021028099","0.15","1e-10","0.042858","0.999999","1e-06","1e-10","-47.9972648221814","-33.7426233960646"
"ID585","5f248b5e85d14607869bf0b1","4.69117278543542","0.15","1e-10","0.042858","0.999999","1e-06","1e-10","-59.4140417283618","-43.8785299743431"
"ID586","5f259a37b31f0a24d246592c","2.20071021028099","0.01","1e-10","0.042858","0.999999","1e-06","1e-10","-81.640071950442","-66.2601083142405"
"ID587","5f26f8c4865df449da96eb01","10","0.29","1e-10","0.214286","0.999999","1e-06","1e-10","-73.7764675459469","-54.8967262707233"
"ID588","5f27f1cb93d6b104aba364b7","4.69117278543542","0.15","1e-10","0.042858","0.999999","1e-06","1e-10","-64.143694507165","-48.6081827531463"
"ID589","5f2855353350fe14fdf0e5ed","2.20071021028099","0.01","1e-10","0.042858","0.999999","1e-06","1e-10","-81.4863009315712","-66.1063372953697"
"ID590","5f2923126e0e8f000bf30b5e","4.69117278543542","0.29","1e-10","0.257143","0.999999","1e-06","1e-10","-45.1016572176076","-30.0103841657048"
"ID591","5f29771a02125b079dfbd06f","1.03239118471","0.01","1e-10","0.128572","0.999999","1e-06","1e-10","-60.0772238005388","-45.4449319836049"
"ID592","5f2ada2a200d1e3e9055a672","1.03239118471","0.01","1e-10","0.085715","0.999999","1e-06","1e-10","-62.3644633765836","-47.6428085282571"
"ID593","5f2aeb4488d9b2432bb9e1c0","4.69117278543542","0.15","1e-10","0.214286","0.999999","1e-06","1e-10","-49.1740260755185","-33.9915294074235"
"ID594","5f2afb53c46fc647c2340fd1","1.03239118471","0.01","1e-10","0.3","0.999999","1e-06","1e-10","-62.6643820285617","-48.1891503380347"
"ID595","5f2b24337bf4715276306315","4.69117278543542","0.15","1e-10","0.042858","0.999999","1e-06","1e-10","-68.2913549719207","-52.755843217902"
"ID596","5f2b24c4224df7527baee383","4.69117278543542","0.15","1e-10","0.085715","0.999999","1e-06","1e-10","-67.8607113244222","-52.4870310934784"
"ID597","5f2bc8528a626e67a97c0aa1","4.69117278543542","0.01","1e-10","1e-06","0.999999","1e-06","1e-10","-86.377082613684","-67.06078737803"
"ID598","5f2bca23a5b07c67ada7968a","4.69117278543542","0.15","1e-10","0.085715","0.999999","1e-06","1e-10","-70.0717370369314","-54.6980568059877"
"ID599","5f2be26ccab8eb00086d40b5","0.484312542963499","0.01","1e-10","0.042858","0.999999","1e-06","1e-10","-61.3667657522899","-46.6639622505609"
"ID600","5f2be5fbd7e754013893eb59","4.69117278543542","0.15","1e-10","0.257143","0.999999","1e-06","1e-10","-57.3754708243775","-42.224532027206"
"ID601","5f2bee3fa37b0b0132970ddc","2.20071021028099","0.29","1e-10","1e-06","0.999999","1e-06","1e-10","-47.1828922520644","-30.3324552996656"
"ID602","5f2bffa8d4f0d601244ab240","1.03239118471","0.01","1e-10","0.3","0.999999","1e-06","1e-10","-54.2636738931038","-39.7884422025768"
"ID603","5f2c05948726de01f9bf6a7c","2.20071021028099","0.01","1e-10","0.3","0.999999","1e-06","1e-10","-69.2971693536623","-54.3254603983352"
"ID604","5f2c07c53622f2034a40db50","0.106583155826692","0.01","1e-10","0.171429","0.999999","1e-06","1e-10","-21.2069116305074","-6.83576668253357"
"ID605","5f2c10bad876b704a0759fd6","4.69117278543542","0.15","1e-10","0.3","0.999999","1e-06","1e-10","-56.7161712915026","-41.5889142183584"
"ID606","5f2d10d8f5f28c000afb87d3","4.69117278543542","0.15","1e-10","0.085715","0.999999","1e-06","1e-10","-56.5870277873438","-41.2133475564001"
"ID607","5f2d9e2afb4a950991d2a14b","2.20071021028099","0.01","1e-10","0.042858","0.999999","1e-06","1e-10","-81.4776825789989","-66.0977189427974"
"ID608","5f2dc640c29b7f0fed3683e3","2.20071021028099","0.29","1e-10","0.042858","0.999999","1e-06","1e-10","-35.7893676714888","-21.5943919906406"
"ID609","5f2e9b642839112147fe5f2f","2.20071021028099","0.01","1e-10","0.3","0.999999","1e-06","1e-10","-63.0066709137086","-48.0349619583815"
"ID610","5f2f142ffcfbc32f12925bec","2.20071021028099","0.01","1e-10","0.085715","0.999999","1e-06","1e-10","-79.6466728129173","-64.4285406997907"
"ID611","5f2ffd95ce0c0c061b06a0f5","4.69117278543542","0.29","1e-10","0.042858","0.999999","1e-06","1e-10","-49.1385517598733","-33.6627057511232"
"ID612","5f312ec0687725067ffd15e9","0.106583155826692","0.01","1e-10","1e-06","0.999999","1e-06","1e-10","-60.6665373518259","-43.3294242246131"
"ID613","5f31a239e7ed2f09f2b4a4ef","1.03239118471","0.15","1e-10","0.085715","0.999999","1e-06","1e-10","-30.9746521192781","-17.3783194810363"
"ID614","5f31b2bf1b0c420c2954969c","2.20071021028099","0.15","1e-10","0.171429","0.999999","1e-06","1e-10","-40.583149188903","-26.6390146704745"
"ID615","5f324e1c83c53019f9fa5da0","0.227199382119539","0.01","1e-10","1e-06","0.999999","1e-06","1e-10","-67.2249472833091","-49.9087902020458"
"ID616","5f32a30554a2e308e31e66ff","1.03239118471","0.01","1e-10","0.3","0.999999","1e-06","1e-10","-63.6300667518871","-49.1548350613601"
"ID617","5f32f1f9f2bc330b8351c3dd","4.69117278543542","0.15","1e-10","0.042858","0.999999","1e-06","1e-10","-75.7005892724746","-60.165077518456"
"ID618","5f32f439eab77d0cb4bc38a5","4.69117278543542","0.15","1e-10","0.042858","0.999999","1e-06","1e-10","-70.501276653932","-54.9657648999133"
"ID619","5f32fa63575cf50db8d2cc90","4.69117278543542","0.15","1e-10","0.214286","0.999999","1e-06","1e-10","-60.7305854871357","-45.5480888190407"
"ID620","5f33cac684d9d9065dad86a8","4.69117278543542","0.29","1e-10","0.3","0.999999","1e-06","1e-10","-46.2700078257003","-31.2024164978247"
"ID621","5f3503018f696042ee147b91","2.20071021028099","0.01","1e-10","0.3","0.999999","1e-06","1e-10","-77.1390149464024","-62.1673059910753"
"ID622","5f355c9e7109cd4e6dd38250","4.69117278543542","0.43","1e-10","0.042858","0.999999","1e-06","1e-10","-54.2989504667483","-38.6906136870416"
"ID623","5f3570450db2f81214468db6","2.20071021028099","0.01","1e-10","0.085715","0.999999","1e-06","1e-10","-78.2625033693837","-63.0443712562571"
"ID624","5f382871f94c8830854a5bdb","2.20071021028099","0.01","1e-10","0.042858","0.999999","1e-06","1e-10","-80.2090323210179","-64.8290686848164"
"ID625","5f397d0428b373506d9a6fc7","2.20071021028099","0.15","1e-10","1e-06","0.999999","1e-06","1e-10","-60.9201545785151","-44.0100518808476"
"ID626","5f39a2fd2d394917284dd66f","2.20071021028099","0.15","1e-10","0.042858","0.999999","1e-06","1e-10","-53.8436108095834","-39.5889693834666"
"ID627","5f3a500d8741a5616ef6374e","4.69117278543542","0.15","1e-10","0.085715","0.999999","1e-06","1e-10","-61.3259751534854","-45.9522949225417"
"ID628","5f3ab128c4b6921312f28237","2.20071021028099","0.15","1e-10","1e-06","0.999999","1e-06","1e-10","-65.5376599821296","-48.6275572844622"
"ID629","5f3c36f298f6eb481d1bd2f4","2.20071021028099","0.15","1e-10","0.214286","0.999999","1e-06","1e-10","-49.5349598104459","-35.6333334702526"
"ID630","5f3d3d4f57b8fe07798fd8b3","4.69117278543542","0.15","1e-10","0.128572","0.999999","1e-06","1e-10","-61.0945219558083","-45.8102047562571"
"ID631","5f3e3c158d08ce0008cc9deb","4.69117278543542","0.15","1e-10","0.042858","0.999999","1e-06","1e-10","-63.4263197586907","-47.890808004672"
"ID632","5f3e72de0306de0838b6ec09","4.69117278543542","0.15","1e-10","0.042858","0.999999","1e-06","1e-10","-68.3480188039765","-52.8125070499578"
"ID633","5f404333140cfe16fe3c195c","1.03239118471","0.29","1e-10","1e-06","0.999999","1e-06","1e-10","-33.371668114747","-17.0177084271483"
"ID634","5f417faa35eb0a31e9dad9da","2.20071021028099","0.29","1e-10","1e-06","0.999999","1e-06","1e-10","-47.2875813913704","-30.4371444389716"
"ID635","5f4283d149962e4746b32a38","4.69117278543542","0.15","1e-10","0.171429","0.999999","1e-06","1e-10","-54.0023272969204","-38.7773224505901"
"ID636","5f438581427f575c562c573e","1.03239118471","0.01","1e-10","0.3","0.999999","1e-06","1e-10","-49.9049269975152","-35.4296953069882"
"ID637","5f46d480bf76700acde7784d","1.03239118471","0.01","1e-10","0.085715","0.999999","1e-06","1e-10","-67.5283754799966","-52.8067206316701"
"ID638","5f48b1cdd8963d367b20dee9","1.03239118471","0.01","1e-10","0.085715","0.999999","1e-06","1e-10","-62.2335425277272","-47.5118876794007"
"ID639","5f490c36e860a4403193a1ca","2.20071021028099","0.15","1e-10","0.042858","0.999999","1e-06","1e-10","-54.93099261045","-40.6763511843332"
"ID640","5f4a274f21ec8a5971fbb33f","1.03239118471","0.15","1e-10","0.042858","0.999999","1e-06","1e-10","-30.7156989805905","-16.9575348192738"
"ID641","5f4abba4eae118551d4dc244","4.69117278543542","0.15","1e-10","0.042858","0.999999","1e-06","1e-10","-74.3531208025988","-58.8176090485801"
"ID642","5f4b519ca3fbc100080a4a2f","2.20071021028099","0.15","1e-10","0.085715","0.999999","1e-06","1e-10","-41.4929512103917","-27.4001413073498"
"ID643","5f4b8e6bb7e5b374f9798c6d","2.20071021028099","0.01","1e-10","0.128572","0.999999","1e-06","1e-10","-78.0177015341267","-62.8889324523926"
"ID644","5f4ba7007200c9762cc4c708","2.20071021028099","0.01","1e-10","0.085715","0.999999","1e-06","1e-10","-79.3137564721286","-64.095624359002"
"ID645","5f4d3240377d051139514820","4.69117278543542","0.15","1e-10","0.042858","0.999999","1e-06","1e-10","-63.3699471625668","-47.8344354085481"
"ID646","5f4e117dbfcaa83f1b418976","4.69117278543542","0.29","1e-10","0.085715","0.999999","1e-06","1e-10","-51.6119516555262","-36.2979371698511"
"ID647","5f4ea2ec9ecd220c1fa71341","4.69117278543542","0.15","1e-10","0.257143","0.999999","1e-06","1e-10","-68.8871066167864","-53.736167819615"
"ID648","5f4f5d8a9468440009ed7a67","0.484312542963499","0.01","1e-10","0.042858","0.999999","1e-06","1e-10","-67.3459008223556","-52.6430973206267"
"ID649","5f4f69faf3505f0109ed9e75","4.69117278543542","0.15","1e-10","0.042858","0.999999","1e-06","1e-10","-72.1252726327626","-56.5897608787439"
"ID650","5f4fc5a17fc3a50dafd67169","2.20071021028099","0.01","1e-10","0.3","0.999999","1e-06","1e-10","-62.2747321974484","-47.3030232421213"
"ID651","5f507cd87b38b81fa565ea20","4.69117278543542","0.15","1e-10","0.042858","0.999999","1e-06","1e-10","-74.1218530392193","-58.5863412852006"
"ID652","5f50d6ff81dfe726a0f8343d","2.20071021028099","0.15","1e-10","0.042858","0.999999","1e-06","1e-10","-50.6544328515782","-36.3997914254614"
"ID653","5f50e3d60305bb088998b766","4.69117278543542","0.15","1e-10","0.042858","0.999999","1e-06","1e-10","-72.5373039275567","-57.001792173538"
"ID654","5f515531aa39c237f49f7ecf","1.03239118471","0.01","1e-10","0.3","0.999999","1e-06","1e-10","-55.7313155111731","-41.256083820646"
"ID655","5f5179be2213ce3c39045019","2.20071021028099","0.01","1e-10","0.085715","0.999999","1e-06","1e-10","-78.2850920075901","-63.0669598944635"
"ID656","5f5355baad423e66676c1bd3","1.03239118471","0.15","1e-10","1e-06","0.999999","1e-06","1e-10","-61.0190898430279","-44.6054644101606"
"ID657","5f55f193f3459e9b8c434f9d","2.20071021028099","0.29","1e-10","1e-06","0.999999","1e-06","1e-10","-55.428599022616","-38.5781620702172"
"ID658","5f5621a094f947a067745a4e","4.69117278543542","0.29","1e-10","0.171429","0.999999","1e-06","1e-10","-52.2415351028166","-37.076196001755"
"ID659","5f5668cf2db7050961fce434","2.20071021028099","0.01","1e-10","0.042858","0.999999","1e-06","1e-10","-80.8641119620576","-65.4841483258561"
"ID660","5f572d1df9f7d019f3e042d3","4.69117278543542","0.15","1e-10","0.042858","0.999999","1e-06","1e-10","-60.5902824331831","-45.0547706791644"
"ID661","5f57b64bfa53f7294eb06880","2.20071021028099","0.29","1e-10","0.042858","0.999999","1e-06","1e-10","-37.947549668096","-23.7525739872478"
"ID662","5f58e8f22846f809fda94bda","0.484312542963499","0.15","1e-10","0.042858","0.999999","1e-06","1e-10","-23.4265457334167","-9.84906444177238"
"ID663","5f58ef9874dddc0b064b50cc","4.69117278543542","0.15","1e-10","0.085715","0.999999","1e-06","1e-10","-54.2939074284667","-38.9202271975229"
"ID664","5f5907f245fc450e98b98aec","1.03239118471","0.01","1e-10","0.042858","0.999999","1e-06","1e-10","-71.8073338694963","-56.9238474980948"
"ID665","5f59132a01e50c10a2d3a64d","2.20071021028099","0.15","1e-10","0.042858","0.999999","1e-06","1e-10","-47.3581236484723","-33.1034822223555"
"ID666","5f59ea191a6180011ed70ef8","4.69117278543542","0.15","1e-10","0.042858","0.999999","1e-06","1e-10","-76.8072557555286","-61.2717440015099"
"ID667","5f5a3cf246d1420a931da3cb","4.69117278543542","0.29","1e-10","0.042858","0.999999","1e-06","1e-10","-58.2675865399337","-42.7917405311836"
"ID668","5f5a546a9aa6fd0df887cf62","1.03239118471","0.01","1e-10","0.042858","0.999999","1e-06","1e-10","-69.9104951293386","-55.0270087579371"
"ID669","5f5a807de06d3515fa8d18d7","4.69117278543542","0.15","1e-10","0.128572","0.999999","1e-06","1e-10","-64.5204722587947","-49.2361550592435"
"ID670","5f5bc8914f166135a9937add","4.69117278543542","0.15","1e-10","0.042858","0.999999","1e-06","1e-10","-66.5050998298797","-50.969588075861"
"ID671","5f5e5def0093336f7d377473","4.69117278543542","0.15","1e-10","0.128572","0.999999","1e-06","1e-10","-57.4935254844104","-42.2092082848591"
"ID672","5f5e6259d39af56ebae15055","2.20071021028099","0.15","1e-10","0.042858","0.999999","1e-06","1e-10","-50.0586717684584","-35.8040303423415"
"ID673","5f5e825dfbf10672eb6658f2","0.227199382119539","0.43","1e-10","0.3","0.999999","1e-06","1e-10","-40.2566870239757","-27.0567430795341"
"ID674","5f5f381a671929022832eef6","4.69117278543542","0.43","1e-10","0.3","0.999999","1e-06","1e-10","-61.082803245131","-45.8827211462988"
"ID675","5f5f4c36cc787c0009e4d19c","10","0.29","1e-10","0.3","0.999999","1e-06","1e-10","-71.0059459749732","-52.1814442947005"
"ID676","5f6090c94a605503233dd65d","2.20071021028099","0.43","1e-10","0.3","0.999999","1e-06","1e-10","-54.6524344145762","-40.7332226436458"
"ID677","5f61d3f558002d17d3729c45","2.20071021028099","0.01","1e-10","0.3","0.999999","1e-06","1e-10","-66.7841502825655","-51.8124413272384"
"ID678","5f61f1b0a760f01b705abdd3","2.20071021028099","0.15","1e-10","1e-06","0.999999","1e-06","1e-10","-61.4805310767519","-44.5704283790845"
"ID679","5f61f5de5de7611af9be165e","4.69117278543542","0.01","1e-10","0.042858","0.999999","1e-06","1e-10","-82.5639733753596","-65.9031394112562"
"ID680","5f61f7f59df6ca1bfe6a8a89","2.20071021028099","0.01","1e-10","0.3","0.999999","1e-06","1e-10","-74.2493675547357","-59.2776585994086"
"ID681","5f632eba01d0853da2464c44","4.69117278543542","0.15","1e-10","0.042858","0.999999","1e-06","1e-10","-68.6649126187384","-53.1294008647197"
"ID682","5f63505cdfc6934188269b3d","4.69117278543542","0.15","1e-10","0.042858","0.999999","1e-06","1e-10","-69.7722059817941","-54.2366942277754"
"ID683","5f63571470efad0009c8f1c7","4.69117278543542","0.15","1e-10","0.257143","0.999999","1e-06","1e-10","-49.7010915106684","-34.550152713497"
"ID684","5f64a1291888be0324446d78","2.20071021028099","0.01","1e-10","0.042858","0.999999","1e-06","1e-10","-80.5942683936105","-65.2143047574089"
"ID685","5f6639cfe9f1191e9fc18418","2.20071021028099","0.01","1e-10","0.171429","0.999999","1e-06","1e-10","-76.6373147830814","-61.5678580545682"
"ID686","5f666f67b647c2244363a64e","2.20071021028099","0.01","1e-10","0.3","0.999999","1e-06","1e-10","-77.9103676375922","-62.9386586822651"
"ID687","5f6715ea82fb7d302d0b6ae9","4.69117278543542","0.15","1e-10","0.042858","0.999999","1e-06","1e-10","-60.8378006560477","-45.3022889020291"
"ID688","5f687d93fd2d5b04432c4661","2.20071021028099","0.01","1e-10","0.085715","0.999999","1e-06","1e-10","-75.0049402957475","-59.7868081826209"
"ID689","5f688f49cd4c0e4e0a84d9be","4.69117278543542","0.15","1e-10","0.042858","0.999999","1e-06","1e-10","-75.074623361429","-59.5391116074103"
"ID690","5f689679cc2af84fa2c57263","10","0.43","1e-10","0.3","0.999999","1e-06","1e-10","-71.2530308188004","-52.2960383675711"
"ID691","5f68f392486ed60a895fca53","4.69117278543542","0.15","1e-10","0.042858","0.999999","1e-06","1e-10","-68.0099800754764","-52.4744683214577"
