"","ID","tau","lrc","reset","sal","mem","zeta","lp","sumll"
"ID","54240de1fdf99b691fb383a8","0.227199382119539","0.01","0.99","0.085715","0.942856714285714","1e-06","-16.7096297472837","-15.0263428524366"
"ID1","54b60d74fdf99b1ce0367ab5","0.227199382119539","0.01","0.99","0.3","0.985713428571429","1e-06","-16.6196679471292","-15.0486251585475"
"ID2","55780ee6fdf99b4cbc0aef95","1.03239118471","0.01","0.99","0.085715","0.9","1e-06","-51.0575007234782","-49.2027321396299"
"ID3","559cdad9fdf99b66f54b7794","2.20071021028099","0.71","0.29","1e-06","0.9","1e-06","-31.3769042076833","-26.8014550583972"
"ID4","55a77810fdf99b444b9d255c","0.106583155826692","0.01","0.01","1e-06","0.9","1e-06","-17.5813941289714","-13.1111672662368"
"ID5","55b95e2ffdf99b469f622883","1.03239118471","0.01","0.15","0.128572","0.9","1e-06","-55.7179732087889","-54.2081258170788"
"ID6","55d6d91d69dbc30005b66ffe","1.03239118471","0.01","0.71","0.128572","0.971427857142857","1e-06","-56.6486244772547","-55.0690679379564"
"ID7","56051814e372c00011bd556a","1.03239118471","0.15","0.29","0.042858","0.999999","1e-06","-15.0211460792404","-13.2925971731627"
"ID8","560aef7d01c38a00127693d3","0.484312542963499","0.01","0.01","0.085715","0.9","1e-06","-42.3218115764047","-40.6477258622288"
"ID9","5687d434369319000c269c03","2.20071021028099","0.15","0.99","0.042858","0.971427857142857","1e-06","-34.4751620115764","-32.9697702774059"
"ID10","56c81007ba8e37000d7b211e","0.484312542963499","0.01","0.99","0.3","0.9","1e-06","-32.0584842825037","-30.6308217261274"
"ID11","56f699e876348f000c883bba","0.484312542963499","0.01","0.99","0.085715","0.9","1e-06","-43.298633258814","-41.6245475446382"
"ID12","571de7af13b1b70009be2f26","0.484312542963499","0.01","0.99","0.042858","0.9","1e-06","-43.6360807290754","-41.8001634918246"
"ID13","5744bbe15e549100063b08cb","4.69117278543542","0.43","0.15","0.3","0.985713428571429","1e-06","-39.0652463720215","-36.8021207741917"
"ID14","57611238eaf3f80007481e8e","4.69117278543542","0.15","0.43","0.042858","0.985713428571429","1e-06","-52.8324107697587","-50.299210509336"
"ID15","5778eeb20e49300001ba9ec0","4.69117278543542","0.15","0.71","0.042858","0.9","1e-06","-59.0235732937443","-56.6584333898931"
"ID16","577a6900f8f7ed00014b537b","0.106583155826692","0.01","0.71","1e-06","0.985713428571429","1e-06","-22.7535279439777","-18.4012987427109"
"ID17","5784d25070c76a00012427e0","0.484312542963499","0.01","0.99","0.085715","0.985713428571429","1e-06","-34.5754661485575","-32.7158925101601"
"ID18","579fb6f46475d400015ab855","2.20071021028099","0.29","0.01","1e-06","0.999999","1e-06","-35.8124222435925","-30.6881149607434"
"ID19","57f8a3ece480f5000136f588","2.20071021028099","0.15","0.43","0.042858","0.9","1e-06","-33.8411077504132","-32.7742657421138"
"ID20","5808ec7ff0740c0001789a1b","0.05","0.01","0.85","1e-06","0.957142285714286","1e-06","-23.4254750912567","-19.0821059217354"
"ID21","584726b8f063d30001161e6a","1.03239118471","0.01","0.99","0.085715","0.985713428571429","1e-06","-54.3987126447689","-52.3584561366991"
"ID22","58513454b9f14b000151795f","1.03239118471","0.15","0.71","1e-06","0.985713428571429","1e-06","-36.5917181650954","-33.162976658174"
"ID23","5870336cdb3e720001e230cd","2.20071021028099","0.15","0.71","0.042858","0.985713428571429","1e-06","-40.1071727545068","-38.8374152543359"
"ID24","587291591c35f20001955c45","2.20071021028099","0.01","0.43","0.3","0.9","1e-06","-64.4225169292359","-62.6386073917263"
"ID25","587388b9db3e720001e2320e","2.20071021028099","0.29","0.85","1e-06","0.9","1e-06","-46.4459202054594","-42.7179276782846"
"ID26","587620554254cb0001c15a23","2.20071021028099","0.01","0.71","0.085715","0.9","1e-06","-67.6664042954919","-65.6186440325327"
"ID27","5883d68d300c0b000113db56","1.03239118471","0.29","0.99","0.128572","0.9","1e-06","-23.9802619420555","-23.399844344953"
"ID28","58c3c197da66280001b3c6e8","2.20071021028099","0.15","0.71","0.042858","0.9","1e-06","-39.7480625535962","-38.6637929776469"
"ID29","58cef97d5e07b6000139fa16","2.20071021028099","0.01","0.85","0.3","0.9","1e-06","-64.696439466483","-62.8471749363799"
"ID30","58f364d67b2e410001c2ed1d","0.05","0.01","0.85","0.3","0.9","1e-06","-3.82794195985113","-2.62686146587069"
"ID31","58f89d1cedf274000143eb4e","0.05","0.01","0.85","0.3","0.9","1e-06","-3.10658744543724","-1.90550695145679"
"ID32","58fa6e1bd0055c0001dd838a","0.484312542963499","0.01","0.85","0.3","0.985713428571429","1e-06","-26.889733679157","-25.5321413593049"
"ID33","590f202eea0e130001039e1f","4.69117278543542","0.29","0.85","0.214286","0.971427857142857","1e-06","-43.4145376455979","-41.2965145754636"
"ID34","593ead9ea514380001e5cf86","2.20071021028099","0.57","0.15","1e-06","0.985713428571429","1e-06","-33.5845746727102","-29.2567522982162"
"ID35","595339f4ad2ce90001b88266","0.227199382119539","0.01","0.99","0.042858","0.9","1e-06","-23.4897349019787","-21.6959253567441"
"ID36","5953d37b3d663c00011d233c","4.69117278543542","0.15","0.43","0.042858","0.9","1e-06","-60.9589041576974","-58.6111918214963"
"ID37","598ab1ed19432500016fafa1","2.20071021028099","0.01","0.71","0.042858","0.9","1e-06","-66.8287993706482","-64.6192075846141"
"ID38","5991c4a8e339120001fb8c7e","1.03239118471","0.01","0.85","0.3","0.9","1e-06","-45.1053242944475","-43.7525370291444"
"ID39","5995ed90d1732a00013425c5","1.03239118471","0.01","0.15","0.128572","0.9","1e-06","-58.5871972484903","-57.0773498567803"
"ID40","599614af004c4f0001cc8642","1.03239118471","0.01","0.01","0.085715","0.985713428571429","1e-06","-45.2842551173242","-43.2439986092543"
"ID41","59c80c180aaf750001213cbf","1.03239118471","0.57","0.99","1e-06","0.9","1e-06","-29.7961269194155","-25.8947115731974"
"ID42","59d38d62323bd80001e200bc","2.20071021028099","0.01","0.99","0.3","0.957142285714286","1e-06","-60.2525379783866","-58.0691425644218"
"ID43","59d4b084115096000190dbce","2.20071021028099","0.43","0.99","1e-06","0.985713428571429","1e-06","-27.5027553502074","-23.2012259671087"
"ID44","59e5fd82e75b450001a691ec","2.20071021028099","0.57","0.71","1e-06","0.985713428571429","1e-06","-25.8615214495522","-21.5816265000018"
"ID45","59e8cb08bab73300016bd7f7","2.20071021028099","0.29","0.57","1e-06","0.971427857142857","1e-06","-49.6494281042252","-45.8691539971121"
"ID46","59e9d2c6c0d35a0001295448","0.484312542963499","0.01","0.99","0.3","0.914285571428571","1e-06","-23.1448678346526","-21.7033651970318"
"ID47","5a3996f6ae52e600010a0192","0.484312542963499","0.01","0.15","0.042858","0.9","1e-06","-51.2023966539638","-49.6220375774587"
"ID48","5a3a570307245d0001fc0692","1.03239118471","0.01","0.71","0.3","0.985713428571429","1e-06","-50.5125179390932","-49.0221701745122"
"ID49","5a3c0b842f91ec0001dc9bb4","1.03239118471","0.01","0.29","0.3","0.928571142857143","1e-06","-50.4748042643958","-49.1394228239545"
"ID50","5a4e26a8f4c9dc0001b7a1b5","2.20071021028099","0.15","0.43","0.042858","0.9","1e-06","-43.6363297488692","-42.5694877405698"
"ID51","5a5a3ec6ac5624000153e0f7","0.484312542963499","0.01","0.99","0.042858","0.9","1e-06","-46.8161069131622","-44.9801896759114"
"ID52","5a5d1194acc75b00017a7b8f","4.69117278543542","0.15","0.29","0.042858","0.9","1e-06","-57.3681686970249","-55.0030287931737"
"ID53","5a69d77a56585a0001633482","1.03239118471","0.01","0.57","0.257143","0.9","1e-06","-52.0195368834531","-50.7084228867164"
"ID54","5a6f7604ff6f2300013edcd8","4.69117278543542","0.15","0.15","0.042858","0.9","1e-06","-58.085929756327","-55.6728624275322"
"ID55","5a8b513317ef35000170b86f","2.20071021028099","0.15","0.85","0.214286","0.985713428571429","1e-06","-39.5644480068247","-38.5997781676339"
"ID56","5a8c78b0ae9a0b0001aa27fd","4.69117278543542","0.29","0.99","0.042858","0.9","1e-06","-51.7697985926406","-49.1608388483687"
"ID57","5a90460d1eda41000135f918","0.227199382119539","0.01","0.99","1e-06","0.985713428571429","1e-06","-44.9715003949162","-40.3367416539095"
"ID58","5a94a3344eecca0001dd3c52","1.03239118471","0.15","0.01","0.128572","0.999999","1e-06","-18.3263511983239","-16.5455112610244"
"ID59","5a9d68a3dbdb470001eefb79","4.69117278543542","0.15","0.15","0.085715","0.9","1e-06","-53.826775361563","-51.5755395558432"
"ID60","5aa696af6219a30001c75d2a","1.03239118471","0.15","0.85","0.171429","0.999999","1e-06","-25.6398051520347","-24.1738357287018"
"ID61","5aa9528235237b0001132675","4.69117278543542","0.15","0.71","0.042858","0.9","1e-06","-62.5739165897971","-60.2087766859459"
"ID62","5ab3bc131204f90001c965bd","0.05","0.01","0.99","0.3","0.971427857142857","1e-06","-5.77510302094686","-4.20082779368886"
"ID63","5ab4e55cf69e940001d8d3bf","2.20071021028099","0.15","0.85","0.214286","0.914285571428571","1e-06","-35.4031212622768","-34.6100992660631"
"ID64","5ab5509cf69e940001d8d954","4.69117278543542","0.29","0.85","0.3","0.9","1e-06","-55.0789827954798","-53.1338358928281"
"ID65","5ac3b825e734400001da2436","2.20071021028099","0.15","0.15","0.085715","0.999999","1e-06","-27.8852663467433","-25.7741442739969"
"ID66","5ad3bfc75b53cb0001f35839","0.484312542963499","0.01","0.85","0.042858","0.9","1e-06","-46.7708924927706","-45.1905334162655"
"ID67","5ad658e2a38d7b00013afe89","2.20071021028099","0.01","0.29","0.042858","0.9","1e-06","-68.9366969553144","-66.7271051692804"
"ID68","5adf629ddee8590001b05f7b","2.20071021028099","0.15","0.57","1e-06","0.942856714285714","1e-06","-57.2836973693627","-53.5100852168253"
"ID69","5ae1a263066c510001d48146","0.05","0.01","0.57","1e-06","0.999999","1e-06","-25.8765718951567","-20.5363738464164"
"ID70","5ae59bec7edeb000014a828c","0.484312542963499","0.15","0.29","0.042858","0.985713428571429","1e-06","-8.76395441686681","-8.1713570511685"
"ID71","5ae9f13b9b283d00017ee04d","2.20071021028099","0.01","0.43","0.042858","0.9","1e-06","-66.2767185737569","-64.0845543553729"
"ID72","5af344dfdf9933000161f47a","2.20071021028099","0.01","0.43","0.3","0.942856714285714","1e-06","-62.8248919468216","-60.9896735366246"
"ID73","5afc2d1f2406810001d625c0","0.484312542963499","0.15","0.71","1e-06","0.985713428571429","1e-06","-18.2957527264115","-15.0476940891626"
"ID74","5b1d5e16503f020001e684aa","0.227199382119539","0.01","0.71","1e-06","0.985713428571429","1e-06","-48.3604753843229","-44.0292022290055"
"ID75","5b1ed2783522660001b464eb","1.03239118471","0.01","0.85","0.085715","0.9","1e-06","-56.3843508837004","-54.7851404605978"
"ID76","5b1fe253b803da0001dfbc8d","0.227199382119539","0.01","0.99","0.085715","0.914285571428571","1e-06","-18.1718209990641","-16.52600289566"
"ID77","5b35bd1d532e3d00018e8b27","2.20071021028099","0.15","0.99","0.042858","0.985713428571429","1e-06","-31.780187431433","-30.2069443455728"
"ID78","5b491b4eac6f5a0001549493","2.20071021028099","0.15","0.85","0.042858","0.9","1e-06","-43.9204152158211","-42.7882182149282"
"ID79","5b49d3a519f8e70001b7df02","4.69117278543542","0.29","0.85","0.3","0.9","1e-06","-42.3710611416523","-40.4259142390006"
"ID80","5b5d4bfc4e945800017db533","4.69117278543542","0.29","0.85","0.042858","0.9","1e-06","-46.9279727107001","-44.574571127174"
"ID81","5b5dfd9c4e945800017dcd79","1.03239118471","0.01","0.99","0.3","0.942856714285714","1e-06","-36.1509608805211","-34.4913065817848"
"ID82","5b630cec6abdd90001d98c3f","4.69117278543542","0.15","0.85","0.085715","0.9","1e-06","-58.0649692672406","-55.8137334615208"
"ID83","5b707d214415ce0001b1fd78","2.20071021028099","0.57","0.57","1e-06","0.985713428571429","1e-06","-29.8886926390006","-25.6262252571002"
"ID84","5b72d8042aeef10001972da0","0.484312542963499","0.43","0.99","1e-06","0.9","1e-06","-14.1204118350802","-10.6815305106755"
"ID85","5b8fe19ae3a406000131f1a6","1.03239118471","0.29","0.01","1e-06","0.985713428571429","1e-06","-30.8598840477948","-27.1873227004527"
"ID86","5b97a1e083bd380001b92485","0.484312542963499","0.01","0.99","0.3","0.985713428571429","1e-06","-21.2343164351419","-19.621165954544"
"ID87","5b9e1e607b196f000195b599","0.227199382119539","0.01","0.85","0.171429","0.9","1e-06","-14.4640324925268","-13.2362880157263"
"ID88","5bb756696322c5000159756c","4.69117278543542","0.15","0.99","0.042858","0.985713428571429","1e-06","-55.1731851889428","-52.3190717751808"
"ID89","5bbe3c5cee6586000142be43","0.484312542963499","0.01","0.99","0.3","0.9","1e-06","-29.6319240050353","-28.204261448659"
"ID90","5bc08c345e8a950001892156","0.05","0.01","0.85","0.042858","0.942856714285714","1e-06","-6.3696832807788","-4.7090392332365"
"ID91","5bc642c0069008000139d18b","2.20071021028099","0.15","0.85","0.085715","0.971427857142857","1e-06","-31.3053861394688","-30.217384089119"
"ID92","5bdc3c8182698d0001f076c3","0.227199382119539","0.01","0.85","0.3","0.9","1e-06","-18.2663252677388","-17.1363285641244"
"ID93","5be1f75bd536990001a4410c","2.20071021028099","0.01","0.29","0.3","0.9","1e-06","-66.2995556879485","-64.4982185827889"
"ID94","5be2fadf5e9fd30001696162","0.05","0.01","0.15","0.128572","0.9","1e-06","-2.60639336284892","-1.24825274246151"
"ID95","5be415810241050001ca2318","2.20071021028099","0.01","0.15","0.3","0.914285571428571","1e-06","-66.5061324502374","-64.6430278388899"
"ID96","5bec2847ac6b780001fec122","0.227199382119539","0.29","0.99","1e-06","0.9","1e-06","-11.1315130609969","-7.86723019956503"
"ID97","5bec6a8b1209fb00011bb521","2.20071021028099","0.15","0.85","0.042858","0.9","1e-06","-40.2773991544954","-39.1452021536025"
"ID98","5beefb60e015710001cbb721","4.69117278543542","0.15","0.43","0.042858","0.9","1e-06","-58.6046321434892","-56.256919807288"
"ID99","5bf2f728bd9f150001f6cc42","0.106583155826692","0.01","0.85","0.3","0.9","1e-06","-8.99773838275711","-7.8467856331933"
"ID100","5bf4123e840310000124cfca","1.03239118471","0.01","0.85","0.3","0.9","1e-06","-56.4254455633169","-55.0726582980138"
"ID101","5bf44a04d7e7a70001d7a672","1.03239118471","0.15","0.85","1e-06","0.985713428571429","1e-06","-45.799574777338","-42.322905845473"
"ID102","5bf4584fabf94600013a9fa1","2.20071021028099","0.43","0.57","0.3","0.957142285714286","1e-06","-30.2927927702537","-29.482807694025"
"ID103","5bf5b2627ea49f0001ba9372","2.20071021028099","0.15","0.99","0.042858","0.985713428571429","1e-06","-41.766529921832","-40.1932868359718"
"ID104","5bf728483db90d0001f48ff7","2.20071021028099","0.15","0.15","0.042858","0.999999","1e-06","-31.5970998344033","-29.3241462385819"
"ID105","5bfed3f1aa5fa3000136a998","0.227199382119539","0.01","0.99","0.171429","0.942856714285714","1e-06","-17.688921882903","-16.1543103726693"
"ID106","5c081c45fd9c080001709937","10","0.43","0.15","0.3","0.971427857142857","1e-06","-64.7037728953247","-58.7515882967876"
"ID107","5c0843f24452300001df4ea0","0.227199382119539","0.01","0.85","0.128572","0.985713428571429","1e-06","-26.607855691447","-25.1353109372041"
"ID108","5c10377461df5c0001cb4906","2.20071021028099","0.01","0.85","0.3","0.985713428571429","1e-06","-61.6652233636673","-59.6304709093426"
"ID109","5c1129084be31a00014802fb","0.484312542963499","0.01","0.71","0.085715","0.9","1e-06","-43.0041766627844","-41.6335765342979"
"ID110","5c1a54257fa1590001b96070","0.227199382119539","0.01","0.85","0.085715","0.9","1e-06","-24.5753104230991","-23.1988905616852"
"ID111","5c1a9e323407be0001cf8165","0.484312542963499","0.01","0.85","0.085715","0.971427857142857","1e-06","-33.3207226130932","-31.7845584871313"
"ID112","5c23615d70d93a0001202ea2","4.69117278543542","0.15","0.85","0.042858","0.9","1e-06","-57.0887280265364","-54.6756606977416"
"ID113","5c28b31a0091e40001ca5030","0.05","0.01","0.99","1e-06","0.985713428571429","1e-06","-23.1076758915985","-18.4018333602258"
"ID114","5c296b31e9b1b20001b8ac77","2.20071021028099","0.15","0.01","0.042858","0.999999","1e-06","-41.1553374675672","-38.6268257110001"
"ID115","5c36776624643200010eb6e5","2.20071021028099","0.15","0.99","0.042858","0.9","1e-06","-46.1117972605277","-44.724042098889"
"ID116","5c377f1965e5c300013ee88a","4.69117278543542","0.15","0.15","0.085715","0.9","1e-06","-54.8605374702061","-52.6093016644863"
"ID117","5c3ce5cde0ea82000145f9f9","0.227199382119539","0.01","0.99","0.085715","0.957142285714286","1e-06","-13.8875924005905","-12.1770416553149"
"ID118","5c3d9334337ac90001a4d6cf","0.106583155826692","0.43","0.71","1e-06","0.999999","1e-06","-6.7557311841569","-2.50073049657989"
"ID119","5c3f7c6329966300010dce78","4.69117278543542","0.29","0.01","0.3","0.999999","1e-06","-51.9359167097486","-48.5944550514227"
"ID120","5c47260028cab20001a74aae","4.69117278543542","0.15","0.71","0.128572","0.9","1e-06","-65.0457659526614","-62.9318206032776"
"ID121","5c4783f5c41b2a000183a24d","0.484312542963499","0.01","0.99","0.042858","0.9","1e-06","-41.8577244623306","-40.0218072250797"
"ID122","5c48f116c41b2a000183e340","0.484312542963499","0.01","0.57","0.3","0.957142285714286","1e-06","-24.0341628060923","-22.8488406799394"
"ID123","5c4b6366c547dc0001934854","0.484312542963499","0.01","0.01","0.171429","0.9","1e-06","-34.7522417076266","-33.2268313780642"
"ID124","5c50ce81d99f9d0001b0f696","1.03239118471","0.29","0.99","1e-06","0.985713428571429","1e-06","-22.7545084034023","-19.0819470560602"
"ID125","5c56eb0e59095a0001bac969","0.484312542963499","0.01","0.99","0.3","0.9","1e-06","-25.9180775230852","-24.4904149667088"
"ID126","5c576413a7890b0001f59a92","4.69117278543542","0.29","0.71","0.128572","0.9","1e-06","-39.8798506506397","-37.8255710465246"
"ID127","5c5d4afe4cc94200016a4982","1.03239118471","0.01","0.71","0.085715","0.985713428571429","1e-06","-57.1190818596525","-55.3823109372719"
"ID128","5c634aca9d0d7000012479a0","0.227199382119539","0.01","0.85","0.3","0.985713428571429","1e-06","-28.8191924514344","-27.5037078235985"
"ID129","5c654e352f6d5e000174bae5","4.69117278543542","0.15","0.29","0.042858","0.9","1e-06","-63.4015296850015","-61.0363897811503"
"ID130","5c69be6ac3aaf50001c69311","2.20071021028099","0.01","0.71","0.214286","0.9","1e-06","-66.0211972349011","-64.1646205347906"
"ID131","5c6c08c5d9c1580001ce9aab","0.227199382119539","0.01","0.99","0.171429","0.9","1e-06","-15.1406074459561","-13.6573048084098"
"ID132","5c6c78c4f9951f0001db8bd5","1.03239118471","0.15","0.57","0.3","0.9","1e-06","-13.6278503521086","-13.4657402894838"
"ID133","5c6fc42118508b0001e1e711","0.484312542963499","0.01","0.85","0.128572","0.957142285714286","1e-06","-40.5515694629421","-39.1438322177887"
"ID134","5c7840493454d70001df81ee","0.484312542963499","0.01","0.85","0.042858","0.9","1e-06","-41.7425405057472","-40.1621814292422"
"ID135","5c790c7e8fbcb100146b6cd8","2.20071021028099","0.01","0.99","0.3","0.985713428571429","1e-06","-61.3044110947642","-59.0141004796937"
"ID136","5c7bc8ea5a669300172440fc","2.20071021028099","0.29","0.85","1e-06","0.9","1e-06","-41.5757429054524","-37.8477503782775"
"ID137","5c7e22dc6babcb0001850548","4.69117278543542","0.15","0.85","0.128572","0.9","1e-06","-52.022033141854","-49.8601603675268"
"ID138","5c7fa97a212cc800147dd154","2.20071021028099","0.15","0.85","0.042858","0.9","1e-06","-45.0666393025107","-43.9344423016178"
"ID139","5c80097d514b730001d662f4","2.20071021028099","0.01","0.71","0.042858","0.9","1e-06","-68.1196062370456","-65.9100144510115"
"ID140","5c8119441c40f30001b464b1","1.03239118471","0.01","0.01","0.128572","0.9","1e-06","-50.9059325751676","-49.1405270227118"
"ID141","5c823b094c3d3f000182fc57","4.69117278543542","0.15","0.29","0.171429","0.9","1e-06","-50.0358496999538","-47.9812167037909"
"ID142","5c8831d20d005a00131367d3","1.03239118471","0.15","0.99","1e-06","0.985713428571429","1e-06","-26.0057075875703","-22.2734804949596"
"ID143","5c8a65405abd6b0016767b56","1.03239118471","0.01","0.71","0.3","0.985713428571429","1e-06","-49.9502905909683","-48.4599428263873"
"ID144","5c8bdc00302d6c0016a70680","2.20071021028099","0.15","0.85","0.085715","0.942856714285714","1e-06","-32.4445761129561","-31.4229017624507"
"ID145","5c8cfc3772503f0001e9c965","2.20071021028099","0.01","0.15","0.042858","0.9","1e-06","-68.6470982859266","-66.389579074949"
"ID146","5c8e05e7aa473f00015e5fe7","1.03239118471","0.01","0.99","0.3","0.914285571428571","1e-06","-40.9454232722566","-39.3232377649634"
"ID147","5c915492399a770001aece93","1.03239118471","0.01","0.15","0.3","0.9","1e-06","-49.514888653176","-48.1621013878729"
"ID148","5c92a94f5983f5001664fe08","2.20071021028099","0.01","0.57","0.042858","0.9","1e-06","-69.8521747246718","-67.6600105062877"
"ID149","5c9776a67610c800126a37a5","4.69117278543542","0.29","0.57","0.171429","0.9","1e-06","-44.1410964736634","-42.1635567904193"
"ID150","5c9879aed87fc4000155f4ac","0.484312542963499","0.15","0.71","1e-06","0.999999","1e-06","-20.7492479420757","-16.5459206341199"
"ID151","5c9e119a881e9800147050da","0.484312542963499","0.01","0.01","0.171429","0.9","1e-06","-31.1311912989659","-29.6057809694035"
"ID152","5ca0de7d8001d50018c69031","2.20071021028099","0.01","0.71","0.3","0.985713428571429","1e-06","-63.7906408440283","-61.8038158146472"
"ID153","5ca1f3847a29720017ba6e03","0.227199382119539","0.01","0.01","1e-06","0.985713428571429","1e-06","-22.4430096249078","-17.808250883901"
"ID154","5ca3adc28618ca001742161b","4.69117278543542","0.15","0.85","0.042858","0.9","1e-06","-58.5281249923539","-56.1150576635591"
"ID155","5ca62ff267351c0001a652d4","2.20071021028099","0.29","0.85","0.085715","0.9","1e-06","-37.7139437983297","-36.8032440657804"
"ID156","5ca730801c2e7b0012af7c21","1.03239118471","0.01","0.85","0.3","0.985713428571429","1e-06","-48.4612130748837","-46.9229378853591"
"ID157","5ca86b3cb55c520017af9d7e","0.484312542963499","0.01","0.57","0.085715","0.985713428571429","1e-06","-44.5125185769315","-42.9738580918735"
"ID158","5cab2b8f1a90ba00141fb656","1.03239118471","0.01","0.15","0.171429","0.971427857142857","1e-06","-42.0732704170353","-40.5050988060144"
"ID159","5cade9a95baa830017900127","2.20071021028099","0.15","0.99","0.042858","0.9","1e-06","-46.7173801723816","-45.3296250107429"
"ID160","5cb1ffae6e3f2c001740dfdf","1.03239118471","0.01","0.71","0.042858","0.971427857142857","1e-06","-57.1427540902062","-55.3120029964405"
"ID161","5cb237be9d908d000120453a","0.484312542963499","0.01","0.99","0.3","0.9","1e-06","-23.0778843677791","-21.6502218114027"
"ID162","5cbf52b5bba52700168cbe22","0.484312542963499","0.01","0.29","0.171429","0.9","1e-06","-44.7586286414056","-43.5367038975325"
"ID163","5cc1a87f3e1f030016f31afe","4.69117278543542","0.29","0.85","0.3","0.9","1e-06","-55.1051235265234","-53.1599766238717"
"ID164","5cc4969c3b1b1c0018f9da36","4.69117278543542","0.15","0.15","0.257143","0.9","1e-06","-56.581250350168","-54.5527559782205"
"ID165","5cc8745ba94e300001fd9687","1.03239118471","0.29","0.57","0.085715","0.928571142857143","1e-06","-18.9918958510861","-18.6125067758487"
"ID166","5ccafdfd42a8970001f8081f","4.69117278543542","0.15","0.15","0.085715","0.985713428571429","1e-06","-55.2483121729795","-52.8115884430382"
"ID167","5ccdb020ed1c4f001649810e","0.05","0.01","0.99","1e-06","0.9","1e-06","-12.4863389352871","-7.96598432813588"
"ID168","5cd707bb2e50c90017583e61","1.03239118471","0.01","0.71","0.085715","0.942856714285714","1e-06","-59.979719618597","-58.3771277477506"
"ID169","5cd726aab1fa62001a8de584","4.69117278543542","0.15","0.85","0.3","0.9","1e-06","-49.6556266900588","-47.6508140421385"
"ID170","5cdc5fc0243827001706434f","2.20071021028099","0.15","0.85","0.085715","0.942856714285714","1e-06","-29.8125013588435","-28.7908270083382"
"ID171","5cdd35e1ffe01a001631cd78","1.03239118471","0.15","0.01","0.042858","0.999999","1e-06","-22.2684276809946","-20.2363931892276"
"ID172","5cdd8bb5fceec6001763f998","4.69117278543542","0.15","0.71","0.042858","0.9","1e-06","-60.327827484393","-57.9626875805418"
"ID173","5cdfb5e4b5dcb500011d0d07","0.106583155826692","0.01","0.01","1e-06","0.9","1e-06","-23.3105246697871","-18.8402978070525"
"ID174","5ce50e4054e33d0001189577","4.69117278543542","0.15","0.15","0.042858","0.942856714285714","1e-06","-51.3021070194303","-48.8377308179482"
"ID175","5ce56b5de9e85d00159a0174","2.20071021028099","0.29","0.85","0.3","0.9","1e-06","-25.909731283797","-25.2454547090472"
"ID176","5ce65aa96ad4e50001097566","0.05","0.01","0.57","0.3","0.985713428571429","1e-06","-3.53497550584944","-2.21376208024105"
"ID177","5cee4a172674040001d07c5b","0.484312542963499","0.01","0.99","0.128572","0.9","1e-06","-45.2014085099132","-43.6166858271299"
"ID178","5ceebfea7a3448001a6dd6ee","0.484312542963499","0.01","0.99","0.042858","0.9","1e-06","-44.2881887580136","-42.4522715207628"
"ID179","5cf03597beaebd001f0d73ab","1.03239118471","0.01","0.85","0.042858","0.9","1e-06","-51.4678517703037","-49.7068098241262"
"ID180","5cf0f45706fb120015ecfd2e","1.03239118471","0.29","0.29","0.171429","0.9","1e-06","-13.9192945644945","-13.7016749063022"
"ID181","5cf12ddbf17e370017a278c5","2.20071021028099","0.15","0.99","0.085715","0.985713428571429","1e-06","-32.6620266614006","-31.2506150986154"
"ID182","5cf656e90acc8f000147f643","0.106583155826692","0.01","0.99","0.3","0.9","1e-06","-8.21452757929713","-6.80801666898752"
"ID183","5cfe7e8bc2acc60001196300","0.484312542963499","0.01","0.29","0.085715","0.9","1e-06","-39.2386071933861","-37.8680070648996"
"ID184","5d0124a5b35d41000152ded3","1.03239118471","0.71","0.29","1e-06","0.999999","1e-06","-16.5868110139417","-11.3670825345272"
"ID185","5d0a345d8d7a4b000172fb93","1.03239118471","0.01","0.85","0.042858","0.9","1e-06","-62.9783658661702","-61.2173239199927"
"ID186","5d0b787c4d659a000139110b","0.484312542963499","0.01","0.99","0.214286","0.942856714285714","1e-06","-28.0798522952451","-26.5456412712304"
"ID187","5d0cc9b80622c6000144f1d6","2.20071021028099","0.15","0.15","0.042858","0.9","1e-06","-46.5026470374824","-45.3704500365895"
"ID188","5d124464019fa6000162bfdb","1.03239118471","0.01","0.57","0.042858","0.9","1e-06","-58.7055919403392","-57.0099049867553"
"ID189","5d1290103b20b0000102e8e3","1.03239118471","0.43","0.85","1e-06","0.985713428571429","1e-06","-21.6136132259677","-18.0641192684148"
"ID190","5d166c21e1c05200198b446d","0.484312542963499","0.01","0.85","0.3","0.9","1e-06","-49.7921106086989","-48.6200062130684"
"ID191","5d1bbbd63788ac0019ced5d9","0.484312542963499","0.01","0.85","0.257143","0.985713428571429","1e-06","-23.2349777821622","-21.8537037382829"
"ID192","5d1bcfd2e24a990001f327a3","0.106583155826692","0.29","0.29","0.128572","0.999999","1e-06","-16.4790050261258","-15.2631509355235"
"ID193","5d211227bdbc65001b7ace0a","1.03239118471","0.01","0.99","0.3","0.985713428571429","1e-06","-50.0810686872987","-48.2872353370283"
"ID194","5d24c2146dd2960016cef0b7","1.03239118471","0.43","0.99","1e-06","0.985713428571429","1e-06","-16.0885640948497","-12.283511976551"
"ID195","5d26c8bc341630001a250a2f","2.20071021028099","0.15","0.43","0.3","0.985713428571429","1e-06","-30.2272227623592","-29.3831475107128"
"ID196","5d279cd62c5700001b7ec29a","4.69117278543542","0.29","0.85","0.257143","0.9","1e-06","-35.9608871285128","-33.9920585018339"
"ID197","5d285eb5324974001908c626","2.20071021028099","0.15","0.85","0.042858","0.9","1e-06","-48.8476632598997","-47.7154662590068"
"ID198","5d2e2703a845b0001b439e08","1.03239118471","0.15","0.15","0.085715","0.985713428571429","1e-06","-21.5182538513821","-20.8588777141427"
"ID199","5d37763a3cedb40001afecf5","2.20071021028099","0.01","0.01","0.085715","0.985713428571429","1e-06","-66.0215036463822","-63.4847698735122"
"ID200","5d39bb499f4f3f00158298f2","0.484312542963499","0.01","0.71","0.085715","0.9","1e-06","-32.808925833614","-31.4383257051275"
"ID201","5d3e019693eb2d0015788062","2.20071021028099","0.15","0.15","0.042858","0.999999","1e-06","-31.3912922323566","-29.1183386365353"
"ID202","5d404c6a584cc80017e81001","2.20071021028099","0.43","0.99","0.3","0.9","1e-06","-21.4283364132182","-20.376010906766"
"ID203","5d442c09f7386b001a3c2477","0.05","0.01","0.99","0.214286","0.985713428571429","1e-06","-8.30785935239962","-6.61049317850104"
"ID204","5d45521afdaaad00010ec185","2.20071021028099","0.43","0.57","0.3","0.942856714285714","1e-06","-23.8948575410972","-23.1121363152969"
"ID205","5d4b334b1813250017d3c6cc","0.484312542963499","0.01","0.71","0.128572","0.9","1e-06","-39.1546955384204","-37.8734584413263"
"ID206","5d4b4d093574500018795f36","2.20071021028099","0.01","0.43","0.042858","0.985713428571429","1e-06","-66.8418994035256","-64.4642472609201"
"ID207","5d53346807e8740015e561ed","0.227199382119539","0.01","0.99","0.257143","0.971427857142857","1e-06","-13.3651190168111","-11.8382458558919"
"ID208","5d53b3d1e8e8960018276120","2.20071021028099","0.29","0.01","1e-06","0.999999","1e-06","-33.9313499140294","-28.8070426311804"
"ID209","5d53dbf16b0cf6001646dbf1","0.227199382119539","0.01","0.99","0.128572","0.9","1e-06","-18.9866455509421","-17.4440305601749"
"ID210","5d5402545aef9b000118fd50","2.20071021028099","0.29","0.43","0.3","0.9","1e-06","-27.3357545112864","-26.7368329291301"
"ID211","5d5560c71f535a00183d28e5","0.484312542963499","0.01","0.57","0.128572","0.9","1e-06","-37.6128175469568","-36.3490080175128"
"ID212","5d5582d5c20c10001aaba934","2.20071021028099","0.15","0.85","0.042858","0.985713428571429","1e-06","-25.4232958340284","-24.1056109089139"
"ID213","5d55a320d9450800172506d4","1.03239118471","0.01","0.85","0.085715","0.914285571428571","1e-06","-57.9376312466981","-56.3245807423512"
"ID214","5d55aa13b125380018b5562c","1.03239118471","0.43","0.15","0.3","0.999999","1e-06","-21.6731989483696","-20.2321522725348"
"ID215","5d55b289e04e1c0017f5e602","2.20071021028099","0.01","0.29","0.3","0.985713428571429","1e-06","-61.6543407169398","-59.6675156875587"
"ID216","5d5728471da7d10001a1a600","0.484312542963499","0.01","0.99","0.085715","0.9","1e-06","-40.2513103561282","-38.5772246419523"
"ID217","5d5c1fec3690e5000187b4fb","4.69117278543542","0.15","0.85","0.042858","0.9","1e-06","-58.9284350337696","-56.5153677049748"
"ID218","5d61aca9b242ef0001f125b3","0.227199382119539","0.01","0.15","0.085715","0.957142285714286","1e-06","-10.1116376753588","-8.65664509082911"
"ID219","5d62e42406ed5a001a2084f3","0.227199382119539","0.01","0.99","0.3","0.957142285714286","1e-06","-15.1690651847371","-13.7049375972611"
"ID220","5d643088609a430016a3d990","2.20071021028099","0.29","0.85","0.214286","0.9","1e-06","-35.3693091476807","-34.64979297798"
"ID221","5d654a1e855d77001b10dd92","0.484312542963499","0.15","0.57","1e-06","0.971427857142857","1e-06","-22.5611838487969","-19.3984041308878"
"ID222","5d692e475719130015a805cd","2.20071021028099","0.29","0.15","0.3","0.9","1e-06","-26.9801313498727","-26.3158547751229"
"ID223","5d6ae722c160f500175daa9b","0.227199382119539","0.01","0.99","0.3","0.985713428571429","1e-06","-16.5452943421112","-14.9742515535295"
"ID224","5d6eb1ba1c79b20001fa0386","0.484312542963499","0.01","0.99","0.085715","0.9","1e-06","-35.3743592467017","-33.7002735325258"
"ID225","5d73e916515c8b001bed0c5d","2.20071021028099","0.15","0.01","0.257143","0.999999","1e-06","-25.0550736129929","-22.9111348132731"
"ID226","5d756ce093a94500163ea6a2","0.484312542963499","0.29","0.99","1e-06","0.985713428571429","1e-06","-10.6708073609261","-7.17892888325646"
"ID227","5d7693e9e8e18a0001f28996","1.03239118471","0.01","0.43","0.085715","0.9","1e-06","-60.9538930651381","-59.4200376346291"
"ID228","5d78a675b04edb001a089150","2.20071021028099","0.15","0.15","0.042858","0.9","1e-06","-39.3919884943522","-38.2597914934593"
"ID229","5d7e1d2db5bd580017d11cec","2.20071021028099","0.01","0.43","0.042858","0.9","1e-06","-68.4957470714405","-66.3035828530565"
"ID230","5d8154a847a45600189e8f35","2.20071021028099","0.01","0.43","0.042858","0.9","1e-06","-69.556758546679","-67.3645943282949"
"ID231","5d825b9b812e1e001556261f","1.03239118471","0.01","0.99","0.128572","0.971427857142857","1e-06","-46.3159205257298","-44.4328784007422"
"ID232","5d85994fbbc0800019390cd4","1.03239118471","0.29","0.43","0.257143","0.9","1e-06","-15.017177388771","-14.8910513473876"
"ID233","5d87eff52447650001f822cc","1.03239118471","0.01","0.43","0.042858","0.971427857142857","1e-06","-63.4235018719868","-61.610178345871"
"ID234","5d893e68f58b17000184839f","0.227199382119539","0.43","0.01","0.3","0.999999","1e-06","-23.0902952599199","-21.616480985028"
"ID235","5d8f59c15231090015a7ae08","2.20071021028099","0.01","0.29","0.085715","0.9","1e-06","-67.0794105926093","-65.0316503296501"
"ID236","5d91a7c336017c00192a6755","0.106583155826692","0.01","0.99","0.3","0.985713428571429","1e-06","-8.38898162678366","-6.79698279225254"
"ID237","5d921a2e34fc500016df8e5f","1.03239118471","0.43","0.57","0.3","0.985713428571429","1e-06","-15.9380601162052","-15.5176371036709"
"ID238","5d9d0791f03a95001726799d","2.20071021028099","0.15","0.43","0.042858","0.971427857142857","1e-06","-49.6601667272076","-48.4756881463765"
"ID239","5d9e1929203419001625df07","1.03239118471","0.29","0.15","1e-06","0.971427857142857","1e-06","-20.7591987808983","-17.4100469459918"
"ID240","5da1eb441b927a00168d2a30","0.227199382119539","0.01","0.99","0.042858","0.985713428571429","1e-06","-28.5912325729291","-26.611935103473"
"ID241","5da4ae83fa7abd0016ddd461","4.69117278543542","0.29","0.85","0.171429","0.9","1e-06","-46.2567063161336","-44.2138116402959"
"ID242","5db1b1b6cd3329000ba29566","2.20071021028099","0.29","0.15","0.3","0.9","1e-06","-25.8656713599858","-25.201394785236"
"ID243","5db1f2b6dd5fa3000a552ede","1.03239118471","0.01","0.71","0.085715","0.9","1e-06","-55.8860184180984","-54.3347354199393"
"ID244","5db4ab7dc8f993000c9d2c5f","1.03239118471","0.01","0.85","0.257143","0.9","1e-06","-58.2029005460162","-56.826431556686"
"ID245","5db6ec97d9b41d000b2464eb","1.03239118471","0.29","0.57","1e-06","0.9","1e-06","-30.9207134428464","-27.7545531730652"
"ID246","5db8a8831d5c1a000e5bc4dc","1.03239118471","0.01","0.15","0.042858","0.985713428571429","1e-06","-63.8575837244338","-61.9110538540348"
"ID247","5db92f4d8e9761000d7d7a8b","2.20071021028099","0.15","0.99","0.042858","0.9","1e-06","-40.6571818595383","-39.2694266978996"
"ID248","5dba043b732f4c0607595ec5","2.20071021028099","0.15","0.99","0.042858","0.942856714285714","1e-06","-44.8587545095588","-43.4196904752327"
"ID249","5dbab43dfbc6bc0d009d6c6e","4.69117278543542","0.29","0.99","0.171429","0.985713428571429","1e-06","-40.3992248597892","-37.9152840989842"
"ID250","5dbc7bb351b13c22d8df0fe8","2.20071021028099","0.01","0.29","0.3","0.9","1e-06","-66.2817850228389","-64.4804479176793"
"ID251","5dc486da84799a35fbede98d","0.106583155826692","0.29","0.15","0.3","0.985713428571429","1e-06","-12.7384196095418","-12.5869668911098"
"ID252","5dc6eadc4d2b664e2ce6d319","4.69117278543542","0.15","0.85","0.085715","0.9","1e-06","-52.385129529551","-50.1338937238312"
"ID253","5dcb2bb4ae3b3b814b5fe27d","4.69117278543542","0.29","0.29","0.128572","0.9","1e-06","-42.1961069617932","-40.1418273576781"
"ID254","5dcd4ccd0ee193016c26409f","1.03239118471","0.01","0.43","0.214286","0.957142285714286","1e-06","-53.0208777151649","-51.5996331243887"
"ID255","5dcd9694f6695d000b53f502","2.20071021028099","0.01","0.43","0.3","0.9","1e-06","-67.083939206257","-65.3000296687474"
"ID256","5dce556e93729c0dd37e570c","2.20071021028099","0.01","0.85","0.3","0.985713428571429","1e-06","-59.2211713937352","-57.1864189394105"
"ID257","5dceb951381b67000e06113d","4.69117278543542","0.15","0.29","0.042858","0.985713428571429","1e-06","-49.6717191064201","-47.1210912783474"
"ID258","5dcfe05d1228d90e53724347","0.227199382119539","0.01","0.15","1e-06","0.985713428571429","1e-06","-28.3361896172357","-23.9569890369747"
"ID259","5dd28e64cf08aa2982532314","2.20071021028099","0.01","0.85","0.085715","0.9","1e-06","-67.0419112350571","-64.9462235471545"
"ID260","5dd5b7e718beb657ad00c313","1.03239118471","0.01","0.15","0.3","0.9","1e-06","-56.7883512029622","-55.4355639376591"
"ID261","5ddcf7679dac7cc5e395cd35","2.20071021028099","0.01","0.71","0.3","0.9","1e-06","-65.0563372823213","-63.2550001771617"
"ID262","5ddd9d0e40460ecfff653cb5","0.484312542963499","0.01","0.99","0.3","0.9","1e-06","-31.5006134312832","-30.0729508749068"
"ID263","5de1868db28cf71e8fd77007","4.69117278543542","0.15","0.43","0.3","0.9","1e-06","-51.8713287376627","-49.9318710823359"
"ID264","5de25cb38fde1c290dfa32a6","0.484312542963499","0.01","0.85","0.085715","0.9","1e-06","-45.4880936444404","-44.0695660910103"
"ID265","5de960efa71cf402386bfe40","0.484312542963499","0.01","0.99","0.3","0.985713428571429","1e-06","-33.0239810630332","-31.4108305824354"
"ID266","5deaabae61513d1d56c7e52a","4.69117278543542","0.15","0.01","0.085715","0.971427857142857","1e-06","-47.7074323231613","-45.083001784164"
"ID267","5dead046603cf720024181d8","2.20071021028099","0.15","0.43","0.214286","0.9","1e-06","-31.0759803478011","-30.3621534254253"
"ID268","5dece22f8b5f8b3a80ab3f54","2.20071021028099","0.01","0.15","0.214286","0.9","1e-06","-65.2393697413652","-63.3348656163112"
"ID269","5def763ea484415fecd02221","0.106583155826692","0.01","0.71","0.171429","0.928571142857143","1e-06","-8.59698235517645","-7.36568765728835"
"ID270","5df77c5f69a11751a9e8c6d7","2.20071021028099","0.01","0.15","0.3","0.985713428571429","1e-06","-62.6336433147395","-60.5988908604148"
"ID271","5dfa688379f2fa7b1cdf180f","2.20071021028099","0.01","0.29","0.3","0.9","1e-06","-65.1949903685755","-63.3936532634159"
"ID272","5dfa781efa3d107cc08854a9","2.20071021028099","0.01","0.85","0.042858","0.985713428571429","1e-06","-63.5238744641763","-61.0808673289771"
"ID273","5e0125d4c12a36d0d6b84b93","2.20071021028099","0.15","0.29","0.042858","0.999999","1e-06","-28.4342092779697","-26.2091831070919"
"ID274","5e06174335a7a5006aa0df98","1.03239118471","0.29","0.71","1e-06","0.9","1e-06","-24.6530433977044","-21.4694555602731"
"ID275","5e067f13e632e10594734ab5","1.03239118471","0.01","0.43","0.3","0.9","1e-06","-61.4972000892904","-60.2097678165809"
"ID276","5e0b3cf40db89237cdbd9e31","1.03239118471","0.01","0.57","0.042858","0.9","1e-06","-64.6842124338777","-62.9885254802937"
"ID277","5e0f26b63ccda26295505f0d","4.69117278543542","0.29","0.85","0.3","0.999999","1e-06","-41.2776306236503","-38.1917271260703"
"ID278","5e0f5f8658a5c768bf461df8","4.69117278543542","0.15","0.15","0.3","0.985713428571429","1e-06","-44.0794271546769","-41.8891265825351"
"ID279","5e1339cd11d87998afeb8825","4.69117278543542","0.43","0.85","0.3","0.9","1e-06","-40.5415934772163","-38.463955803608"
"ID280","5e13a1381e2e589db94cd20b","2.20071021028099","0.29","0.71","0.042858","0.9","1e-06","-32.8502554789938","-31.825651648313"
"ID281","5e14c7c3cbfadc000d032ddf","10","0.29","0.57","0.3","0.928571142857143","1e-06","-65.0756472453832","-59.4084233828463"
"ID282","5e15da8a805a30bcd2ed796d","0.484312542963499","0.01","0.99","0.128572","0.9","1e-06","-35.7467838514787","-34.1620611686954"
"ID283","5e185c397eeb87000d989683","0.227199382119539","0.01","0.99","0.3","0.9","1e-06","-13.3306501982027","-11.9450953338426"
"ID284","5e18c4dd21c2a7000c60f8cf","4.69117278543542","0.43","0.01","0.3","0.942856714285714","1e-06","-47.4950919749141","-45.1105872678726"
"ID285","5e18ca0eba65e719f09679ba","10","0.29","0.85","0.3","0.9","1e-06","-61.0166409562263","-55.3145837011775"
"ID286","5e1ceadb86880807648d5ec0","1.03239118471","0.01","0.43","0.3","0.9","1e-06","-57.6068656547245","-56.319433382015"
"ID287","5e21d5235f39764b9b58af17","2.20071021028099","0.43","0.85","1e-06","0.985713428571429","1e-06","-38.6259884080285","-34.5800171856755"
"ID288","5e222f8048ea75061f1eb5c7","2.20071021028099","0.57","0.01","1e-06","0.985713428571429","1e-06","-28.4392422835133","-23.8558617482735"
"ID289","5e26e486fcf95e90fcc7c175","1.03239118471","0.01","0.71","0.3","0.971427857142857","1e-06","-47.3778631057297","-45.9553666928384"
"ID290","5e2c2d3a8800e72590334bdb","4.69117278543542","0.43","0.15","0.3","0.9","1e-06","-42.1275742937731","-40.0499366201648"
"ID291","5e2c96a6ec357b2b16b15d31","1.03239118471","0.01","0.85","0.3","0.9","1e-06","-48.6763214151733","-47.3235341498702"
"ID292","5e3012c68dc3120111433304","0.05","0.01","0.71","0.3","0.9","1e-06","-2.99774173874934","-1.84458866971242"
"ID293","5e30492697a58001749fce6b","2.20071021028099","0.29","0.15","1e-06","0.985713428571429","1e-06","-37.9400966922208","-34.0266162408245"
"ID294","5e317e93287816155e5ac60d","1.03239118471","0.01","0.71","0.3","0.9","1e-06","-47.1575564881122","-45.8526966477526"
"ID295","5e32c95c87b8ef28e5aff6ea","1.03239118471","0.01","0.43","0.3","0.985713428571429","1e-06","-46.8377161377223","-45.3647959407913"
"ID296","5e32d8909af66c000b4d8a82","0.484312542963499","0.01","0.85","0.128572","0.985713428571429","1e-06","-25.5244339032676","-24.0097814570085"
"ID297","5e33190a5a41122e93c40989","2.20071021028099","0.01","0.71","0.085715","0.985713428571429","1e-06","-66.3280684441954","-64.0948202570147"
"ID298","5e3326095a41122f66244612","1.03239118471","0.01","0.43","0.085715","0.971427857142857","1e-06","-53.3154908446949","-51.6639988416541"
"ID299","5e34a2c2f1319b4763f82289","4.69117278543542","0.15","0.85","0.042858","0.971427857142857","1e-06","-54.0377479351717","-51.5070440338452"
"ID300","5e360848a42bce5c5fce0b89","0.227199382119539","0.01","0.01","1e-06","0.985713428571429","1e-06","-54.1736386359285","-49.5388798949218"
"ID301","5e3aa9e1764672000d62723d","0.227199382119539","0.01","0.99","0.171429","0.9","1e-06","-16.4082844232616","-14.9249817857154"
"ID302","5e3b07fddc4a3431fbcc6235","2.20071021028099","0.57","0.01","1e-06","0.985713428571429","1e-06","-31.0474589445934","-26.4640784093537"
"ID303","5e3b0defeab8663234a735c0","1.03239118471","0.29","0.99","0.042858","0.9","1e-06","-18.6209750307617","-17.7893628791917"
"ID304","5e3c595d955ce604ac669fcb","0.484312542963499","0.01","0.99","0.128572","0.9","1e-06","-26.7839495640249","-25.1992268812416"
"ID305","5e43e3fdb58b932646448d07","0.484312542963499","0.01","0.99","0.085715","0.9","1e-06","-36.2737695295833","-34.5996838154075"
"ID306","5e443478b58b932c06d95bbf","1.03239118471","0.15","0.85","1e-06","0.9","1e-06","-30.4766475499753","-27.1854665423319"
"ID307","5e44375e6294c22ba48ef3b7","0.106583155826692","0.43","0.29","0.171429","0.999999","1e-06","-19.8420368168151","-18.5530043084771"
"ID308","5e4503cbc031dd370fd4aae3","2.20071021028099","0.15","0.99","0.257143","0.999999","1e-06","-27.3901486581615","-25.2462098584416"
"ID309","5e4554f745ab32032eb5205b","0.484312542963499","0.01","0.99","0.214286","0.985713428571429","1e-06","-44.7793844263569","-43.1109943508081"
"ID310","5e45c6a821fc4a089b895774","0.484312542963499","0.01","0.99","0.3","0.985713428571429","1e-06","-39.9135409676432","-38.3003904870453"
"ID311","5e4721a7eab94f1f27d57fe0","2.20071021028099","0.29","0.43","0.128572","0.9","1e-06","-21.8133947237476","-21.0574130151843"
"ID312","5e47ad846c3d4425c60ccbe5","1.03239118471","0.01","0.85","0.3","0.985713428571429","1e-06","-40.5380288406949","-38.9997536511703"
"ID313","5e4c1b96d4ca7604f95231e0","1.03239118471","0.01","0.71","0.3","0.9","1e-06","-42.4300487217876","-41.125188881428"
"ID314","5e4feb8037713502e9ed364b","2.20071021028099","0.15","0.99","0.085715","0.9","1e-06","-43.2504543305411","-42.0245306919773"
"ID315","5e5024d8b0c66e06d4d4c5d8","0.227199382119539","0.01","0.85","0.3","0.985713428571429","1e-06","-17.9224755432654","-16.6069909154295"
"ID316","5e505e8297da520a2f046a09","1.03239118471","0.15","0.99","0.042858","0.985713428571429","1e-06","-24.7394582911592","-23.662692470099"
"ID317","5e510d0760dd0913e45370dc","1.03239118471","0.01","0.71","0.085715","0.985713428571429","1e-06","-52.0247182020478","-50.2879472796672"
"ID318","5e516283779c71000b8e4493","0.106583155826692","0.01","0.01","0.042858","0.957142285714286","1e-06","-14.5717484702918","-12.6784101559919"
"ID319","5e54041653ecf1405f8b228c","0.484312542963499","0.01","0.15","0.042858","0.9","1e-06","-44.5430332236147","-42.9626741471096"
"ID320","5e58333d4b439f04b1069026","1.03239118471","0.43","0.99","1e-06","0.9","1e-06","-25.607697288615","-21.9881330945378"
"ID321","5e59a78652cf771b84dc6da7","2.20071021028099","0.29","0.85","0.214286","0.9","1e-06","-27.9608306167699","-27.2413144470693"
"ID322","5e5a5cff514eb6000d5c5354","2.20071021028099","0.29","0.99","1e-06","0.985713428571429","1e-06","-36.2986912245864","-32.1296526124442"
"ID323","5e5ad8d315b8d42db10b84ce","1.03239118471","0.01","0.85","0.085715","0.9","1e-06","-53.5809641755553","-51.9817537524527"
"ID324","5e5bb20d6551fe38c99ede03","2.20071021028099","0.15","0.85","0.042858","0.985713428571429","1e-06","-32.3290417806688","-31.0113568555544"
"ID325","5e5fc346cf3e300453d01cde","0.484312542963499","0.01","0.71","0.042858","0.9","1e-06","-42.2040395295529","-40.6716078779914"
"ID326","5e662ebd5c28e1000c543cab","0.106583155826692","0.01","0.99","0.171429","0.957142285714286","1e-06","-8.59978237701164","-7.01695097040013"
"ID327","5e6684fbad227705baafcd27","2.20071021028099","0.15","0.85","0.214286","0.971427857142857","1e-06","-28.5064701368516","-27.6096516493506"
"ID328","5e67d165cbb37e037909c20f","4.69117278543542","0.15","0.85","0.042858","0.9","1e-06","-58.4153438783542","-56.0022765495595"
"ID329","5e68e37d1f156a187d75e7b8","0.106583155826692","0.01","0.85","1e-06","0.9","1e-06","-42.3219450191936","-38.1072763172047"
"ID330","5e6a53649dae0e000cbe6857","0.227199382119539","0.01","0.99","0.3","0.9","1e-06","-20.8352527287776","-19.4496978644174"
"ID331","5e6e37cf6c47283eaa39ceeb","1.03239118471","0.01","0.01","0.085715","0.999999","1e-06","-51.7885018933635","-48.7929767145867"
"ID332","5e6e5193add3930009257bb0","0.484312542963499","0.01","0.57","0.171429","0.9","1e-06","-25.9810159684192","-24.7765187921961"
"ID333","5e6ec0b3b0939647aa5cfd10","1.03239118471","0.01","0.29","0.085715","0.985713428571429","1e-06","-59.4347038730253","-57.6979329506447"
"ID334","5e70af30559b240008daeae3","2.20071021028099","0.01","0.57","0.3","0.971427857142857","1e-06","-63.7653380737047","-61.8637919636633"
"ID335","5e70dca90e26b505a29430ba","2.20071021028099","0.01","0.29","0.042858","0.9","1e-06","-68.0096301478796","-65.8000383618456"
"ID336","5e7119565b050e0255fc4577","2.20071021028099","0.01","0.29","0.128572","0.9","1e-06","-65.8240951562965","-63.8656979247299"
"ID337","5e713a14dcb6a904c303ade8","2.20071021028099","0.01","0.71","0.042858","0.9","1e-06","-68.2729507128018","-66.0633589267677"
"ID338","5e722d54811ec3046b5defbd","2.20071021028099","0.01","0.15","0.3","0.985713428571429","1e-06","-63.4692548142368","-61.4345023599122"
"ID339","5e7257649b289e07c047155f","4.69117278543542","0.29","0.43","0.3","0.9","1e-06","-46.7264346353207","-44.8466427252625"
"ID340","5e7412a64f333138fb44c599","0.05","0.01","0.99","0.3","0.9","1e-06","-4.03292736761186","-2.57628871288562"
"ID341","5e7772003da1362dc44fdea9","0.05","0.01","0.71","1e-06","0.985713428571429","1e-06","-14.0654339680145","-9.66307702233103"
"ID342","5e77733a2e31442cbf638265","0.05","0.01","0.29","1e-06","0.9","1e-06","-25.910473869399","-21.6936048479371"
"ID343","5e7921fcbd76c94d6b4fac57","0.484312542963499","0.01","0.85","0.085715","0.9","1e-06","-41.6216758327239","-40.2031482792938"
"ID344","5e7c7bf3ca18002bd9cf6eca","0.227199382119539","0.01","0.99","0.171429","0.9","1e-06","-17.8345367315001","-16.3512340939538"
"ID345","5e7c94cc23469b0172ccdb3f","2.20071021028099","0.01","0.85","0.3","0.9","1e-06","-67.4459363025872","-65.5966717724841"
"ID346","5e804dbf2962d37261e58004","4.69117278543542","0.29","0.15","0.3","0.9","1e-06","-46.7173358814475","-44.7721889787958"
"ID347","5e808eb795fdc17626bcc164","0.227199382119539","0.01","0.71","1e-06","0.9","1e-06","-66.3475076012613","-62.2017223701654"
"ID348","5e8237491699ef955427c59a","4.69117278543542","0.15","0.99","0.085715","0.971427857142857","1e-06","-57.0316554351658","-54.4072248961685"
"ID349","5e83b9e3e3a9da1163fdd0dc","1.03239118471","0.01","0.99","0.3","0.985713428571429","1e-06","-46.4156785148001","-44.6218451645298"
"ID350","5e850a7b45c5ca0ec7b99507","0.484312542963499","0.01","0.99","0.042858","0.9","1e-06","-45.6308511007695","-43.7949338635187"
"ID351","5e870beea13e700009960abe","1.03239118471","0.01","0.99","0.3","0.957142285714286","1e-06","-39.5888631142436","-37.9019449650788"
"ID352","5e87c4c242701c45712423d9","0.484312542963499","0.01","0.99","0.042858","0.9","1e-06","-44.0758181243085","-42.2399008870577"
"ID353","5e87ef6eec9b3347e5eae408","0.106583155826692","0.01","0.99","0.3","0.942856714285714","1e-06","-6.95063383737759","-5.49281405438056"
"ID354","5e89f8a5141e8b69bf1ee867","0.484312542963499","0.01","0.85","0.042858","0.914285571428571","1e-06","-44.9762701736046","-43.3820710158552"
"ID355","5e8b2835da38297d4e63e3cc","1.03239118471","0.01","0.99","0.3","0.971427857142857","1e-06","-39.3765851047657","-37.6506031061851"
"ID356","5e8b765e88065404c4d50fe2","0.106583155826692","0.01","0.85","0.3","0.9","1e-06","-9.8401126058154","-8.68915985625158"
"ID357","5e8cb846e94a4406307d6da2","0.484312542963499","0.29","0.99","1e-06","0.9","1e-06","-14.5784039839161","-11.272013430468"
"ID358","5e8d2e6df549ba100a770cba","2.20071021028099","0.15","0.85","0.128572","0.9","1e-06","-38.5184674770724","-37.637465030647"
"ID359","5e8d804740aaf4000a51d9e9","0.484312542963499","0.01","0.99","0.3","0.9","1e-06","-25.4357668363564","-24.00810427998"
"ID360","5e8e053e16b8100a136c871a","2.20071021028099","0.01","0.85","0.128572","0.9","1e-06","-65.1275255154108","-63.1212008589007"
"ID361","5e8f4b597ec957073a4ea143","0.484312542963499","0.01","0.57","0.3","0.9","1e-06","-35.3622944412622","-34.2555450382251"
"ID362","5e8f8c171bd6f70ea39197d9","0.484312542963499","0.85","0.99","1e-06","0.957142285714286","1e-06","-21.0660584259571","-15.8868283487364"
"ID363","5e90c561bdeaf60737085250","1.03239118471","0.01","0.85","0.042858","0.985713428571429","1e-06","-54.579394668641","-52.632864798242"
"ID364","5e91c2c8cc3d6c4f2e8e8c30","0.484312542963499","0.01","0.85","0.128572","0.985713428571429","1e-06","-37.0193751805356","-35.5047227342765"
"ID365","5e93f6b64d246b73073c3ba1","4.69117278543542","0.15","0.85","0.214286","0.9","1e-06","-47.7829872714278","-45.7229350285566"
"ID366","5e96df278f41320009c08d70","0.484312542963499","0.29","0.01","0.171429","0.999999","1e-06","-19.0409620362095","-17.5597830670719"
"ID367","5e97f51d048d682c884ae09b","1.03239118471","0.01","0.85","0.085715","0.9","1e-06","-53.1500863891073","-51.5508759660047"
"ID368","5e998401c38a2e1b542531e2","0.484312542963499","0.01","0.99","0.085715","0.971427857142857","1e-06","-28.5995658066338","-26.8078435199261"
"ID369","5e99ad97cdf86a000855cea7","2.20071021028099","0.15","0.99","0.042858","0.985713428571429","1e-06","-28.2964702938618","-26.7232272080016"
"ID370","5e9eb7feae5c8e27ada35b9e","0.484312542963499","0.01","0.29","0.171429","0.9","1e-06","-26.0346966365884","-24.8127718927153"
"ID371","5e9ec50dee2ccf0009319b7c","4.69117278543542","0.43","0.01","0.3","0.999999","1e-06","-49.9116791010217","-46.4377266717393"
"ID372","5e9eca0cd09bbd0008c315bc","0.484312542963499","0.01","0.71","0.042858","0.985713428571429","1e-06","-49.5659395640554","-47.8480199882724"
"ID373","5e9f383061281c0c4c598dc9","4.69117278543542","0.15","0.43","0.042858","0.9","1e-06","-64.1308821413784","-61.7831698051772"
"ID374","5e9ffcf4db51941ad78e04f3","2.20071021028099","0.15","0.57","0.085715","0.914285571428571","1e-06","-33.3916290545768","-32.472778488108"
"ID375","5ea01b4b2d7b4d0243d93f78","2.20071021028099","0.01","0.85","0.085715","0.957142285714286","1e-06","-64.5181742507665","-62.343913839748"
"ID376","5ea03ed29cb1f00672af3eda","1.03239118471","0.01","0.29","0.085715","0.985713428571429","1e-06","-58.66608709487","-56.9293161724894"
"ID377","5ea04f7f43bc6507508c9aba","2.20071021028099","0.29","0.71","1e-06","0.957142285714286","1e-06","-44.7358297864292","-40.9771919610821"
"ID378","5ea0516dee594a000932857a","2.20071021028099","0.43","0.71","0.3","0.971427857142857","1e-06","-42.7721053369265","-41.9056288436319"
"ID379","5ea0619b737ba601d76cc9ff","4.69117278543542","0.43","0.71","0.3","0.9","1e-06","-51.3487878136063","-49.3190775649416"
"ID380","5ea06914c2b73202ae7a3f29","4.69117278543542","0.43","0.85","0.3","0.9","1e-06","-46.5528431371755","-44.4752054635673"
"ID381","5ea0a23a2c66d008a96313a8","1.03239118471","0.29","0.85","1e-06","0.985713428571429","1e-06","-25.8937921027788","-22.4767889161825"
"ID382","5ea14bf64f71e2000acbc618","1.03239118471","0.01","0.85","0.085715","0.9","1e-06","-49.9840127634768","-48.3848023403742"
"ID383","5ea15f2e173fb7000932a6ff","4.69117278543542","0.29","0.15","0.257143","0.985713428571429","1e-06","-38.1502708568628","-35.9959543059625"
"ID384","5ea16f92a2f503017ada93dc","0.05","0.01","0.99","0.085715","0.9","1e-06","-8.22727966835999","-6.52421785583426"
"ID385","5ea1950819664f04542a50bf","1.03239118471","0.15","0.99","1e-06","0.985713428571429","1e-06","-22.5919580120284","-18.8597309194177"
"ID386","5ea19c748809ad05af2d33d1","4.69117278543542","0.15","0.99","0.042858","0.971427857142857","1e-06","-52.148738893323","-49.3624768312507"
"ID387","5ea31e2cfe333e274552c8d6","4.69117278543542","0.29","0.99","0.042858","0.9","1e-06","-49.1703158213079","-46.561356077036"
"ID388","5ea343dd9b066613c3804f6e","2.20071021028099","0.15","0.85","0.042858","0.942856714285714","1e-06","-38.1923563886707","-37.0088505150904"
"ID389","5ea350945df820104602e2d0","0.484312542963499","0.01","0.85","0.042858","0.9","1e-06","-43.4416225302568","-41.8612634537518"
"ID390","5ea35c4c1d36a81597d48873","0.227199382119539","0.01","0.29","1e-06","0.985713428571429","1e-06","-58.1530947213482","-53.8218215660307"
"ID391","5ea4864445b9ce057f270e90","4.69117278543542","0.15","0.29","0.042858","0.9","1e-06","-56.1897877388855","-53.8246478350343"
"ID392","5ea4886d2da60f057634cabc","2.20071021028099","0.01","0.43","0.042858","0.9","1e-06","-68.4072033058278","-66.2150390874438"
"ID393","5ea4a9cac3872a06b560229f","4.69117278543542","0.29","0.43","0.3","0.9","1e-06","-46.2548543163516","-44.3750624062935"
"ID394","5ea5cf998366db5d39a2dcb0","2.20071021028099","0.01","0.01","0.3","0.985713428571429","1e-06","-67.0692417103882","-64.7789310953178"
"ID395","5ea611dda778214a5e89fbf2","2.20071021028099","0.01","0.71","0.3","0.914285571428571","1e-06","-65.0035113349784","-63.1883341485743"
"ID396","5ea69195ed92c0000a285a1d","0.484312542963499","0.01","0.71","0.3","0.9","1e-06","-30.1215697820139","-28.9973928113269"
"ID397","5ea721158bfde70ca3b31580","0.484312542963499","0.01","0.85","0.3","0.9","1e-06","-21.1889561359962","-20.0168517403656"
"ID398","5ea824f580b9ef228f589930","0.05","0.01","0.85","0.128572","0.928571142857143","1e-06","-5.85710292584467","-4.46844070537552"
"ID399","5ea85f0ccbdc9b0aaa815e39","1.03239118471","0.29","0.99","0.085715","0.999999","1e-06","-25.5104723359729","-23.6999351125494"
"ID400","5ea889bc80b9ef2d0e1fda83","0.106583155826692","0.01","0.99","1e-06","0.9","1e-06","-49.5460781225109","-45.0758512597763"
"ID401","5ea96eb7083ea5057fd3003c","2.20071021028099","0.29","0.85","0.214286","0.985713428571429","1e-06","-22.7892813986023","-21.8842773046801"
"ID402","5ea97f82f47d1e074f75a5b2","4.69117278543542","0.15","0.29","0.085715","0.9","1e-06","-52.1357671190475","-49.9324587382713"
"ID403","5ea9d6ef7223d915f9157284","0.484312542963499","0.01","0.85","0.128572","0.9","1e-06","-38.4469153048427","-37.1177507828052"
"ID404","5eaa8fa180e800012e13e9b8","0.106583155826692","0.01","0.99","0.214286","0.985713428571429","1e-06","-14.2973110738566","-12.6500726443746"
"ID405","5eaaa1f09980ee025a0e1f12","1.03239118471","0.01","0.71","0.042858","0.9","1e-06","-66.5008875177631","-64.7877729965292"
"ID406","5eaabd69a768fc01c972b6ea","0.227199382119539","0.01","0.85","0.128572","0.9","1e-06","-14.8340179476249","-13.5469611176036"
"ID407","5eab1f263437620e2c6909eb","0.484312542963499","0.01","0.99","0.085715","0.985713428571429","1e-06","-40.7997471023808","-38.9401734639834"
"ID408","5eab3a9bfec73d10dc9291f7","1.03239118471","0.01","0.15","0.3","0.9","1e-06","-55.5780219342805","-54.2252346689774"
"ID409","5eac2efe4efbe80621541711","1.03239118471","0.01","0.99","0.042858","0.957142285714286","1e-06","-57.6897925797625","-55.5946197497234"
"ID410","5eac70db94edd22d57fa00c4","2.20071021028099","0.15","0.15","0.042858","0.985713428571429","1e-06","-35.9140462334136","-34.5963613082992"
"ID411","5ead4a2f13f83a3cf7f69d13","0.484312542963499","0.01","0.99","0.3","0.985713428571429","1e-06","-21.1496599318324","-19.5365094512345"
"ID412","5eb1ad7d6e2f922d409a33f4","0.227199382119539","0.01","0.99","0.042858","0.971427857142857","1e-06","-29.4152667497222","-27.5038206319558"
"ID413","5eb2796f11e9d21ccfc58b17","0.227199382119539","0.01","0.99","0.042858","0.9","1e-06","-33.4862111141152","-31.6924015688806"
"ID414","5eb2ced773246705b92e0774","0.484312542963499","0.01","0.85","0.042858","0.9","1e-06","-44.8298163696253","-43.2494572931203"
"ID415","5eb2e35ef11f47099b68d077","2.20071021028099","0.15","0.01","0.042858","0.999999","1e-06","-33.3380488454033","-30.8095370888362"
"ID416","5eb2e570f2dbc909af1e16f7","0.106583155826692","0.01","0.71","0.257143","0.985713428571429","1e-06","-9.61704514463937","-8.30485017177038"
"ID417","5eb415e40b324a222db46f01","0.227199382119539","0.01","0.85","0.3","0.985713428571429","1e-06","-15.0805748435783","-13.7650902157424"
"ID418","5eb4564d7b27a029949eaf25","4.69117278543542","0.15","0.71","0.085715","0.971427857142857","1e-06","-52.9503462096781","-50.62940125637"
"ID419","5eb66b661cf74d55c169abec","4.69117278543542","0.15","0.85","0.3","0.9","1e-06","-54.4936312304232","-52.4888185825029"
"ID420","5eb68960ff9bef0113d27eb6","0.106583155826692","0.01","0.29","1e-06","0.9","1e-06","-15.2968300467016","-11.1300887696563"
"ID421","5eb70f4db9918d630f1beefd","4.69117278543542","0.15","0.01","0.042858","0.985713428571429","1e-06","-53.8972126043275","-51.0430991905655"
"ID422","5eb741079eb7cb65f0f82a91","0.484312542963499","0.01","0.85","0.042858","0.9","1e-06","-47.5452956523284","-45.9649365758234"
"ID423","5eb83d26efe062062ae82412","4.69117278543542","0.15","0.85","0.085715","0.914285571428571","1e-06","-48.0227465008644","-45.7576706139002"
"ID424","5eb8c16a3a7a17837b2d1828","1.03239118471","0.15","0.71","0.3","0.985713428571429","1e-06","-23.3397652721255","-22.9747397176292"
"ID425","5eb9199609a0310174592940","0.484312542963499","0.01","0.71","0.257143","0.9","1e-06","-42.8162170277853","-41.6683583330711"
"ID426","5eb9423c28bc6300099852af","0.05","0.01","0.71","0.042858","0.9","1e-06","-8.60927762053537","-7.04786987062402"
"ID427","5eb9697b651aca0436adfe9d","2.20071021028099","0.15","0.01","0.085715","0.999999","1e-06","-24.0631011113135","-21.6964208778213"
"ID428","5eba076ccf8a3114d759fdd0","2.20071021028099","0.29","0.85","0.214286","0.9","1e-06","-32.2700105180605","-31.5504943483598"
"ID429","5eba5cf82cbf431a3276c90b","4.69117278543542","0.15","0.85","0.171429","0.985713428571429","1e-06","-41.8627095741075","-39.5746612287797"
"ID430","5eba9c85d1130507bd1a6219","1.03239118471","0.01","0.85","0.085715","0.9","1e-06","-54.5469241384905","-52.947713715388"
"ID431","5ebaec011a7d64080694fe74","0.106583155826692","0.01","0.99","0.042858","0.9","1e-06","-20.4834868456634","-18.6687212544793"
"ID432","5ebd3dae8c3ef3000b5b1b2d","2.20071021028099","0.15","0.99","0.171429","0.9","1e-06","-34.4261783191469","-33.3489300651966"
"ID433","5ebd9047a4e2fc0ab05b2e40","0.227199382119539","0.01","0.99","0.214286","0.9","1e-06","-13.6084181585094","-12.1676236991984"
"ID434","5ebde7d4e24d0b12e9d60d7d","4.69117278543542","0.29","0.43","0.042858","0.9","1e-06","-54.2905409881483","-52.0024943972157"
"ID435","5ebe945956bdfc202ececb1b","1.03239118471","0.15","0.99","1e-06","0.9","1e-06","-26.5888237419962","-23.042084573607"
"ID436","5ebfa2c519a604383366f3e8","2.20071021028099","0.29","0.15","1e-06","0.985713428571429","1e-06","-36.432373500169","-32.5188930487726"
"ID437","5ec2683e7bf5d7035f84ddf8","4.69117278543542","0.15","0.71","0.3","0.9","1e-06","-42.3779211273445","-40.4210359043677"
"ID438","5ec28a6332a7510637436a57","4.69117278543542","0.15","0.85","0.3","0.9","1e-06","-39.8533443856949","-37.8485317377746"
"ID439","5ec2eb1fdb44d61155191d85","2.20071021028099","0.29","0.43","0.3","0.9","1e-06","-25.4385248361703","-24.8396032540141"
"ID440","5ec57069f264da556b3f1cfa","0.227199382119539","0.01","0.29","1e-06","0.985713428571429","1e-06","-50.8346428698392","-46.5033697145218"
"ID441","5ec6563b04e80f030b94e03c","0.484312542963499","0.15","0.99","1e-06","0.9","1e-06","-12.2088141445471","-8.84275784583041"
"ID442","5ec681f642084e07c117dcba","2.20071021028099","0.15","0.85","0.042858","0.9","1e-06","-39.0988228005981","-37.9666257997052"
"ID443","5ec875255c6a2700081554ac","1.03239118471","0.01","0.99","0.3","0.928571142857143","1e-06","-47.5283010704359","-45.8894340443053"
"ID444","5ec92a99d799ae417aa9c71c","2.20071021028099","0.15","0.85","0.042858","0.9","1e-06","-32.0500965136286","-30.9178995127357"
"ID445","5ec93926ce905a051f5704f3","1.03239118471","0.01","0.57","0.3","0.928571142857143","1e-06","-52.5557391404272","-51.2377852676359"
"ID446","5ec96c05d06880489cae0e85","4.69117278543542","0.15","0.85","0.042858","0.9","1e-06","-59.285570668655","-56.8725033398603"
"ID447","5ec9adfa68f3910f2f3b0fde","1.03239118471","0.01","0.85","0.3","0.9","1e-06","-45.4992454376622","-44.1464581723591"
"ID448","5ecbe220d068807a5425c4de","0.106583155826692","0.01","0.01","0.042858","0.985713428571429","1e-06","-14.2355847541135","-12.235331238708"
"ID449","5ece6c76c501a121bb6add41","1.03239118471","0.29","0.99","1e-06","0.9","1e-06","-23.2690031672126","-19.7819297440921"
"ID450","5ece8a3c088813259ffc1e0f","1.03239118471","0.01","0.85","0.3","0.928571142857143","1e-06","-45.4092400037665","-44.0259311383817"
"ID451","5eceba5be22abb2ca0077349","0.227199382119539","0.01","0.99","0.085715","0.9","1e-06","-19.3156587879953","-17.6836807658356"
"ID452","5ecfd28bb14b1c05751f178c","2.20071021028099","0.01","0.85","0.128572","0.9","1e-06","-65.5354366085968","-63.5291119520867"
"ID453","5ecfd2be11216004c17c6b26","1.03239118471","0.01","0.99","0.3","0.928571142857143","1e-06","-37.431209662528","-35.7923426363974"
"ID454","5ed0c66875039f000b4e3897","1.03239118471","0.57","0.43","1e-06","0.999999","1e-06","-16.8669354197724","-12.1456766319652"
"ID455","5ed0d82c81c0bd1bccc8ceea","1.03239118471","0.57","0.71","1e-06","0.985713428571429","1e-06","-17.6504786615605","-13.8670609768102"
"ID456","5ed14d3bc71f86079de10d13","2.20071021028099","0.15","0.85","0.042858","0.928571142857143","1e-06","-40.3835823975834","-39.2208637966088"
"ID457","5ed2b2478e4b7b10b7f4a529","4.69117278543542","0.29","0.85","0.042858","0.9","1e-06","-50.833895250803","-48.4804936672769"
"ID458","5ed358aab6ee6f2e2885eddf","4.69117278543542","0.15","0.71","0.085715","0.9","1e-06","-55.8197906732205","-53.6164822924442"
"ID459","5ed38829fff60d32fb95a117","0.227199382119539","0.01","0.99","0.128572","0.957142285714286","1e-06","-21.3492865794128","-19.7280988655298"
"ID460","5ed3f7a0f387a109b6580537","2.20071021028099","0.01","0.57","0.085715","0.9","1e-06","-66.907082278327","-64.8767495830179"
"ID461","5ed43096f615650c8fb1b1ea","0.484312542963499","0.01","0.99","0.3","0.9","1e-06","-31.7561576099036","-30.3284950535272"
"ID462","5ed4fa5969acac03603380a0","0.484312542963499","0.01","0.57","0.3","0.985713428571429","1e-06","-25.6033693800241","-24.3111320527656"
"ID463","5ed507ce0760de048fc356bd","2.20071021028099","0.01","0.99","0.3","0.957142285714286","1e-06","-62.5837377493595","-60.4003423353947"
"ID464","5ed6a937eb466b1029493c39","4.69117278543542","0.15","0.71","0.042858","0.9","1e-06","-64.2736339406849","-61.9084940368337"
"ID465","5ed7578ef05e671db283844e","2.20071021028099","0.29","0.71","1e-06","0.985713428571429","1e-06","-52.1308476664676","-48.2652946400148"
"ID466","5ed8e10357f9623ee2f603e7","4.69117278543542","0.15","0.15","0.042858","0.9","1e-06","-56.7130298322373","-54.2999625034425"
"ID467","5ed8f853923c0941e1238299","4.69117278543542","0.43","0.01","0.3","0.985713428571429","1e-06","-56.848725696251","-54.3300419376754"
"ID468","5ed90e1ff2a1840a177877d3","0.106583155826692","0.01","0.99","0.085715","0.985713428571429","1e-06","-14.0583227398035","-12.2199007474729"
"ID469","5ed97291fac0cc510c9bb3f2","2.20071021028099","0.01","0.15","0.085715","0.9","1e-06","-67.2648998365978","-65.1692121486951"
"ID470","5eda9f7c460b766ded73bdb7","4.69117278543542","0.15","0.85","0.042858","0.985713428571429","1e-06","-52.5162983695375","-49.9177431165213"
"ID471","5edb6534fd7ffe7e4b7d065a","4.69117278543542","0.15","0.01","0.085715","0.985713428571429","1e-06","-43.9159240869061","-41.2236421962189"
"ID472","5edbf6a29a8d508920c14f6c","0.484312542963499","0.01","0.57","0.3","0.9","1e-06","-26.7229056065229","-25.6161562034858"
"ID473","5edcfb851ba1889e083e218e","4.69117278543542","0.29","0.85","0.085715","0.9","1e-06","-45.9732739536193","-43.7817038931681"
"ID474","5edd630ac419bf0ed18c99b5","0.05","0.01","0.29","1e-06","0.9","1e-06","-5.94307573368436","-1.72620671222242"
"ID475","5ede3fcf6b821907836e01fc","2.20071021028099","0.01","0.29","0.3","0.9","1e-06","-64.8415138244499","-63.0401767192903"
"ID476","5ede976d873bba121db3fe20","0.05","0.01","0.85","0.257143","0.9","1e-06","-6.15625387019024","-4.93149165218261"
"ID477","5edf50e72ef80a1fe0267aeb","0.484312542963499","0.01","0.15","0.3","0.985713428571429","1e-06","-34.2993619903669","-32.9417696705148"
"ID478","5ee107a76411e40e242da7f1","2.20071021028099","0.15","0.85","0.042858","0.9","1e-06","-38.4477669003053","-37.3155698994124"
"ID479","5ee131f793ab7b12e4b525fb","2.20071021028099","0.15","0.85","0.042858","0.999999","1e-06","-31.9429478714908","-29.6699942756694"
"ID480","5ee21a32d4c762283a96e624","2.20071021028099","0.01","0.29","0.042858","0.9","1e-06","-69.1474817454746","-66.9378899594406"
"ID481","5ee27217fd7c7c72eb755cbe","2.20071021028099","0.01","0.43","0.042858","0.9","1e-06","-69.0193784624761","-66.827214244092"
"ID482","5ee277d2e7dae975727d3985","1.03239118471","0.01","0.99","0.171429","0.9","1e-06","-50.7372883439283","-49.0311951446934"
"ID483","5ee40191f8b4750f5e7a5474","4.69117278543542","0.15","0.85","0.257143","0.9","1e-06","-48.4937889670782","-46.4652945951307"
"ID484","5ee531ca5f4c6f0be142ded4","2.20071021028099","0.43","0.85","0.3","0.999999","1e-06","-22.0320698919974","-20.0945459513626"
"ID485","5ee53fa05b6d910eb9ea2df8","4.69117278543542","0.15","0.85","0.042858","0.957142285714286","1e-06","-51.6827566949985","-49.1911166430879"
"ID486","5ee64d0bf796cb3b252a8c99","2.20071021028099","0.57","0.15","1e-06","0.999999","1e-06","-19.7964500803644","-14.5133590351636"
"ID487","5ee655f6137975087129de08","2.20071021028099","0.15","0.99","0.128572","0.999999","1e-06","-22.5523578023039","-20.2750406002043"
"ID488","5ee7a8ab87d5560568bc2dca","0.484312542963499","0.01","0.85","0.042858","0.9","1e-06","-51.3159685787311","-49.7356095022261"
"ID489","5ee7c7df09973e09bb653014","0.484312542963499","0.01","0.29","0.3","0.9","1e-06","-34.3599865295481","-33.235809558861"
"ID490","5ee7ccc7e257390912a8101e","2.20071021028099","0.01","0.57","0.3","0.9","1e-06","-67.3937965529035","-65.6098870153939"
"ID491","5ee8e3de1c649a215bae3e59","1.03239118471","0.01","0.85","0.171429","0.9","1e-06","-53.7537305247777","-52.3031954862885"
"ID492","5ee91ec1ef56832aa7947169","1.03239118471","0.43","0.57","0.3","0.971427857142857","1e-06","-23.7548729388709","-23.4023012780264"
"ID493","5ee9e9c1496265000a792544","4.69117278543542","0.15","0.15","0.085715","0.985713428571429","1e-06","-45.973062423916","-43.5363386939747"
"ID494","5eea8c81e1959f14a3999921","1.03239118471","0.01","0.01","0.042858","0.985713428571429","1e-06","-62.0903558701302","-59.8882678389854"
"ID495","5eeb621a7c83c62d2473afb1","2.20071021028099","0.15","0.29","0.3","0.985713428571429","1e-06","-35.6327132040411","-34.7712103847447"
"ID496","5eeb6f6cff37eb08003590e8","0.227199382119539","0.01","0.99","0.214286","0.985713428571429","1e-06","-22.2732459408832","-20.6469635573507"
"ID497","5eec977365b56a02f54f7bcd","1.03239118471","0.01","0.29","0.171429","0.9","1e-06","-57.0945733792452","-55.6919657656996"
"ID498","5eecdb2f8343cb0aa4ed34c6","1.03239118471","0.01","0.57","0.042858","0.9","1e-06","-65.9115602108385","-64.2158732572545"
"ID499","5eed184c2c93d51212cf04e2","1.03239118471","0.01","0.85","0.128572","0.9","1e-06","-60.0118109964966","-58.5019636047866"
"ID500","5eee89a6c00bfb337a3c54a8","0.484312542963499","0.01","0.99","0.3","0.914285571428571","1e-06","-30.1651742169791","-28.7236715793583"
"ID501","5ef0c9b95817dc145532fcee","1.03239118471","0.01","0.71","0.085715","0.9","1e-06","-63.9701775299371","-62.418894531778"
"ID502","5ef1bb10c673fd7d2d14e439","4.69117278543542","0.01","0.43","0.042858","0.9","1e-06","-71.0385338082773","-67.5654992619914"
"ID503","5ef22304270c550357f4dd5d","0.484312542963499","0.01","0.57","0.042858","0.9","1e-06","-45.1670274261261","-43.6520233422147"
"ID504","5ef241253eb63511d02451e6","4.69117278543542","0.29","0.85","0.3","0.9","1e-06","-37.7258059199914","-35.7806590173397"
"ID505","5ef329d8cfbdc00379011819","2.20071021028099","0.43","0.15","0.3","0.928571142857143","1e-06","-29.4994355477786","-28.6721466019905"
"ID506","5ef360348e5e520a532e67c8","0.05","0.01","0.99","0.3","0.985713428571429","1e-06","-7.17624581776712","-5.53411923881937"
"ID507","5ef4ba6145dfc00b3f7224a6","1.03239118471","0.01","0.85","0.3","0.9","1e-06","-48.705559140433","-47.3527718751299"
"ID508","5ef52a87f04c781600ae4114","1.03239118471","0.01","0.99","0.171429","0.9","1e-06","-47.1088435102029","-45.4027503109679"
"ID509","5ef5cef8548fce031f1ceca4","0.106583155826692","0.01","0.99","0.3","0.9","1e-06","-7.25010396243366","-5.84359305212405"
"ID510","5ef5d41822b3c903597a9309","2.20071021028099","0.01","0.43","0.042858","0.9","1e-06","-68.1759771259081","-65.9838129075241"
"ID511","5ef71356f4d5414121333bac","2.20071021028099","0.29","0.85","0.042858","0.914285571428571","1e-06","-36.6442739058303","-35.5579025689616"
"ID512","5ef722c333956242acf17935","2.20071021028099","0.01","0.85","0.3","0.9","1e-06","-65.1229807908131","-63.27371626071"
"ID513","5ef7ad0882b7740c33fe20cc","2.20071021028099","0.15","0.01","0.257143","0.999999","1e-06","-28.3287552929692","-26.1848164932493"
"ID514","5ef8eeb63f6343097030fd37","2.20071021028099","0.29","0.99","0.042858","0.9","1e-06","-31.6002950711662","-30.2722056547961"
"ID515","5ef91678cd20bc6a46a34d6e","4.69117278543542","0.01","0.15","0.3","0.9","1e-06","-69.9525253208494","-66.8223904628444"
"ID516","5ef92a8979cf2c6b9ca11f99","0.484312542963499","0.01","0.01","1e-06","0.999999","1e-06","-62.1099230477145","-56.4777879439847"
"ID517","5ef9ae64e14ff874891401b6","2.20071021028099","0.01","0.85","0.128572","0.957142285714286","1e-06","-63.8411532342645","-61.7562558546385"
"ID518","5ef9be1c61ecb401ef5be7b4","0.227199382119539","0.01","0.85","0.3","0.9","1e-06","-19.0974717522885","-17.9674750486741"
"ID519","5ef9eeaccb96bd7aee3120ec","4.69117278543542","0.15","0.85","0.042858","0.9","1e-06","-59.3764473180539","-56.9633799892591"
"ID520","5efa02a5f512b17ea54f360a","2.20071021028099","0.01","0.15","0.3","0.914285571428571","1e-06","-65.3104138740033","-63.4473092626558"
"ID521","5efa2a8948fdb90f5ba612c7","0.227199382119539","0.43","0.57","0.3","0.999999","1e-06","-17.9196656951495","-16.7667645735969"
"ID522","5efae8f0156229941fcf363e","0.484312542963499","0.01","0.85","0.042858","0.928571142857143","1e-06","-43.8491937950849","-42.2383131184981"
"ID523","5efb14b20602b4024585eec6","1.03239118471","0.01","0.85","0.3","0.928571142857143","1e-06","-42.9649066866189","-41.5815978212341"
"ID524","5efb934059dba21145bee143","2.20071021028099","0.01","0.43","0.3","0.9","1e-06","-64.3548529199195","-62.5709433824099"
"ID525","5efc9f18c573ed060f50cd68","0.484312542963499","0.01","0.15","0.3","0.999999","1e-06","-35.3479327788038","-33.0350717882448"
"ID526","5efcbb97df2a840990b0da94","2.20071021028099","0.43","0.85","1e-06","0.9","1e-06","-35.8400410340517","-31.9795577359202"
"ID527","5efd048628bf7f13e1c89fe5","2.20071021028099","0.15","0.85","0.042858","0.985713428571429","1e-06","-34.0474546622382","-32.7297697371238"
"ID528","5efd138927b6ba154b29d7e0","1.03239118471","0.01","0.43","0.042858","0.985713428571429","1e-06","-61.041520663322","-59.1603457855166"
"ID529","5efd3f336893231898d7baf4","2.20071021028099","0.15","0.85","0.042858","0.9","1e-06","-47.0124013073474","-45.8802043064545"
"ID530","5efdb59031628202f67defe6","1.03239118471","0.01","0.85","0.3","0.914285571428571","1e-06","-49.1770638920333","-47.8104365454858"
"ID531","5efe04e9e399372b1b7ca8c0","0.484312542963499","0.01","0.99","0.3","0.957142285714286","1e-06","-39.8094918652183","-38.303256585726"
"ID532","5efe1017a220682cb76fd5f0","0.106583155826692","0.01","0.85","1e-06","0.971427857142857","1e-06","-35.4107003027872","-31.0783950282666"
"ID533","5efe4cb9c5fa3134b8ca9fbb","2.20071021028099","0.15","0.99","0.042858","0.9","1e-06","-36.8961542419935","-35.5083990803548"
"ID534","5eff17d115ba87434ab3829b","0.484312542963499","0.01","0.15","0.042858","0.9","1e-06","-48.1422626986527","-46.5619036221477"
"ID535","5eff423e0edf450b7e5e90ea","1.03239118471","0.01","0.15","0.3","0.985713428571429","1e-06","-37.6941856535729","-36.1559104640483"
"ID536","5eff7df90aede705593e92d7","0.484312542963499","0.01","0.43","0.171429","0.9","1e-06","-35.4152769167184","-34.2107797404953"
"ID537","5f00350508190111df898b16","2.20071021028099","0.43","0.15","1e-06","0.957142285714286","1e-06","-40.1121618999647","-36.1731058787174"
"ID538","5f01c985f119a1317aa68d30","1.03239118471","0.01","0.85","0.042858","0.957142285714286","1e-06","-57.445321659498","-55.6057069902047"
"ID539","5f022bbeaaa45a0d1377a965","1.03239118471","0.29","0.01","1e-06","0.999999","1e-06","-32.7831183099266","-28.1552882918776"
"ID540","5f03183c2e1a9e4bcee3177d","0.484312542963499","0.01","0.71","0.3","0.9","1e-06","-22.0145085367248","-20.8903315660378"
"ID541","5f034e4e4e80ca2344b11ae1","0.484312542963499","0.01","0.99","0.042858","0.9","1e-06","-44.1323674733305","-42.2964502360797"
"ID542","5f04348a0f815501257f51f2","2.20071021028099","0.29","0.99","1e-06","0.985713428571429","1e-06","-39.5049507284734","-35.3359121163312"
"ID543","5f0487b0cde3b70a5ec02b22","0.106583155826692","0.01","0.99","0.042858","0.9","1e-06","-17.9703294744598","-16.1555638832758"
"ID544","5f05ebf3f060ae0d5e6a3c8e","1.03239118471","0.01","0.85","0.042858","0.9","1e-06","-63.151957375914","-61.3909154297365"
"ID545","5f070c04c2cb9f29c87ca982","0.484312542963499","0.01","0.71","0.171429","0.9","1e-06","-25.6968952568615","-24.4749705129884"
"ID546","5f07601a8515d13515268f96","2.20071021028099","0.15","0.99","0.042858","0.9","1e-06","-36.0737068565444","-34.6859516949057"
"ID547","5f086d2cb09ff006bde079f5","0.106583155826692","0.01","0.99","0.214286","0.957142285714286","1e-06","-6.77959084712697","-5.23926761875068"
"ID548","5f0898d879ce1f0c6ffae5e4","1.03239118471","0.15","0.85","0.042858","0.971427857142857","1e-06","-20.8660197168754","-20.1126634082509"
"ID549","5f0c40ce134b8f062eda439f","0.106583155826692","0.43","0.99","1e-06","0.971427857142857","1e-06","-8.23683622520653","-4.70146997433684"
"ID550","5f0c5f689c6dab0745d30097","2.20071021028099","0.29","0.85","0.042858","0.9","1e-06","-37.2669150610479","-36.1943838054236"
"ID551","5f0d75595c3a52000819b39c","2.20071021028099","0.15","0.29","0.085715","0.9","1e-06","-30.4267490966675","-29.504311043793"
"ID552","5f0da340554d3d01c4aa512a","4.69117278543542","0.15","0.01","0.042858","0.985713428571429","1e-06","-47.949074856488","-45.094961442726"
"ID553","5f0dc15ace21a50008f6c7a7","2.20071021028099","0.29","0.01","1e-06","0.985713428571429","1e-06","-43.5396535672501","-39.3706149551079"
"ID554","5f0e293207ba641591b3a0d6","4.69117278543542","0.15","0.85","0.214286","0.985713428571429","1e-06","-39.9408923101664","-37.6953521430737"
"ID555","5f0ea9746afc8c073073cc94","0.484312542963499","0.01","0.43","0.042858","0.9","1e-06","-50.5527210864023","-49.0377170024909"
"ID556","5f10282c5c490e276c9a75e7","2.20071021028099","0.01","0.57","0.085715","0.9","1e-06","-67.0354194089714","-65.0050867136623"
"ID557","5f103e2a914f5e000826e6f1","1.03239118471","0.01","0.85","0.3","0.9","1e-06","-52.6753236145542","-51.3225363492511"
"ID558","5f104232adba66000a8eddfb","0.227199382119539","0.01","0.99","0.214286","0.971427857142857","1e-06","-21.7346430706933","-20.1762120388505"
"ID559","5f10620fbc10dd02e56ce013","2.20071021028099","0.15","0.85","0.171429","0.9","1e-06","-30.2071852405066","-29.3854951473021"
"ID560","5f107507408f603232383b27","2.20071021028099","0.29","0.85","0.042858","0.9","1e-06","-31.2128937791217","-30.1403625234975"
"ID561","5f10d3f1be1cf9403317378c","2.20071021028099","0.01","0.29","0.042858","0.9","1e-06","-68.4948494236698","-66.2852576376357"
"ID562","5f12e48a0e816727e429bc3d","1.03239118471","0.01","0.99","0.128572","0.9","1e-06","-60.1709016907834","-58.4054961383276"
"ID563","5f155e9d426b2a6028c0a80d","4.69117278543542","0.15","0.71","0.042858","0.914285571428571","1e-06","-57.3535387964812","-54.9745588113856"
"ID564","5f1594305688f5654fe92691","1.03239118471","0.01","0.15","0.085715","0.9","1e-06","-65.7453133166929","-64.1461028935904"
"ID565","5f15c46a19912324313effa0","2.20071021028099","0.43","0.85","1e-06","0.942856714285714","1e-06","-33.3919839827762","-29.4801918119574"
"ID566","5f16a5057185b3397ea67287","0.227199382119539","0.01","0.99","0.214286","0.9","1e-06","-12.0262406573785","-10.5854461980675"
"ID567","5f180933704e8402d4d9cc26","0.484312542963499","0.01","0.85","0.042858","0.9","1e-06","-49.2219338540042","-47.6415747774991"
"ID568","5f181092bc89f00dc2e577a2","4.69117278543542","0.29","0.15","0.042858","0.9","1e-06","-52.2628561621697","-49.9094545786436"
"ID569","5f18362e7f876d064235cd4d","2.20071021028099","0.01","0.85","0.085715","0.9","1e-06","-66.6513993033446","-64.5557116154419"
"ID570","5f188417c5b3a405f3ccaf42","1.03239118471","0.01","0.85","0.3","0.9","1e-06","-53.1263333299356","-51.7735460646325"
"ID571","5f197913958d110428c74dc3","4.69117278543542","0.29","0.71","0.3","0.928571142857143","1e-06","-42.4677537466958","-40.5400126689059"
"ID572","5f1992235bab3d018fea7199","4.69117278543542","0.43","0.85","0.3","0.9","1e-06","-48.0171733904965","-45.9395357168882"
"ID573","5f1cbc000b408b58e8d2799d","0.484312542963499","0.01","0.99","0.3","0.9","1e-06","-21.3525771500267","-19.9249145936503"
"ID574","5f1dbd03e2aa49719e42be44","2.20071021028099","0.15","0.43","0.171429","0.9","1e-06","-28.8246627446607","-28.0683276440498"
"ID575","5f1e8c0cff2a66849b622c3f","2.20071021028099","0.01","0.43","0.3","0.9","1e-06","-62.7416726642255","-60.9577631267159"
"ID576","5f1ec05b39c51401c9816f75","2.20071021028099","0.15","0.15","0.257143","0.985713428571429","1e-06","-30.6978550873547","-29.7647431190875"
"ID577","5f1ecb5f19d0160009650698","1.03239118471","0.29","0.85","1e-06","0.957142285714286","1e-06","-23.0016328292271","-19.6915448437365"
"ID578","5f2022e9b0c712068b39881d","0.484312542963499","0.01","0.15","0.128572","0.9","1e-06","-35.0905596414872","-33.7613951194497"
"ID579","5f219544dd502e57a6fbc1ea","1.03239118471","0.15","0.43","1e-06","0.9","1e-06","-28.9342054382862","-25.7083794232364"
"ID580","5f22d64ea30b70011ef0c798","0.484312542963499","0.01","0.99","0.085715","0.985713428571429","1e-06","-35.1760292066387","-33.3164555682413"
"ID581","5f230a01e84721061b991468","4.69117278543542","0.29","0.29","0.171429","0.9","1e-06","-48.9901384206052","-46.9951711697109"
"ID582","5f23f14e2ecae8011ec4021f","1.03239118471","0.01","0.99","0.171429","0.9","1e-06","-49.6245274203989","-47.918434221164"
"ID583","5f241d0b45dc8a000bf6598e","4.69117278543542","0.15","0.71","0.042858","0.985713428571429","1e-06","-56.8637977743602","-54.3131699462875"
"ID584","5f2458749912ad00087e5677","0.227199382119539","0.01","0.99","0.042858","0.985713428571429","1e-06","-29.64719263671","-27.6678951672539"
"ID585","5f248b5e85d14607869bf0b1","4.69117278543542","0.15","0.43","0.085715","0.985713428571429","1e-06","-46.3560018600396","-43.9846331226918"
"ID586","5f259a37b31f0a24d246592c","2.20071021028099","0.01","0.43","0.042858","0.957142285714286","1e-06","-68.6445060589719","-66.373769117472"
"ID587","5f26f8c4865df449da96eb01","4.69117278543542","0.15","0.29","0.085715","0.9","1e-06","-58.7268939089489","-56.5235855281726"
"ID588","5f27f1cb93d6b104aba364b7","0.484312542963499","0.01","0.71","0.042858","0.9","1e-06","-45.7533082190911","-44.2208765675296"
"ID589","5f2855353350fe14fdf0e5ed","1.03239118471","0.01","0.85","0.042858","0.914285571428571","1e-06","-66.6734340295323","-64.8985520021104"
"ID590","5f2923126e0e8f000bf30b5e","2.20071021028099","0.15","0.85","0.3","0.957142285714286","1e-06","-31.8258002117146","-31.0232851685803"
"ID591","5f29771a02125b079dfbd06f","1.03239118471","0.01","0.29","0.3","0.985713428571429","1e-06","-46.4910814958114","-45.0007337312304"
"ID592","5f2ada2a200d1e3e9055a672","0.484312542963499","0.01","0.15","0.042858","0.9","1e-06","-47.2858111516364","-45.7054520751314"
"ID593","5f2aeb4488d9b2432bb9e1c0","0.227199382119539","0.01","0.85","0.042858","0.985713428571429","1e-06","-26.6694797768041","-24.9457404680937"
"ID594","5f2afb53c46fc647c2340fd1","0.484312542963499","0.01","0.85","0.3","0.9","1e-06","-41.5379205096899","-40.3658161140593"
"ID595","5f2b24337bf4715276306315","0.484312542963499","0.01","0.71","0.085715","0.9","1e-06","-51.572447636969","-50.2018475084824"
"ID596","5f2b24c4224df7527baee383","0.484312542963499","0.01","0.99","0.042858","0.9","1e-06","-48.3614295310333","-46.5255122937825"
"ID597","5f2bc8528a626e67a97c0aa1","2.20071021028099","0.01","0.57","1e-06","0.9","1e-06","-72.9739089788238","-68.1262834888891"
"ID598","5f2bca23a5b07c67ada7968a","4.69117278543542","0.15","0.15","0.085715","0.9","1e-06","-53.5648124403543","-51.3135766346345"
"ID599","5f2be26ccab8eb00086d40b5","0.484312542963499","0.01","0.71","0.085715","0.9","1e-06","-41.2810744478705","-39.910474319384"
"ID600","5f2be5fbd7e754013893eb59","4.69117278543542","0.15","0.85","0.3","0.928571142857143","1e-06","-42.9574567315622","-40.9221224835601"
"ID601","5f2bee3fa37b0b0132970ddc","0.484312542963499","0.01","0.99","0.3","0.9","1e-06","-17.6519112683496","-16.2242487119732"
"ID602","5f2bffa8d4f0d601244ab240","0.484312542963499","0.01","0.85","0.085715","0.914285571428571","1e-06","-36.1118064966556","-34.6794388619811"
"ID603","5f2c05948726de01f9bf6a7c","0.227199382119539","0.01","0.99","0.085715","0.9","1e-06","-23.0201664389937","-21.388188416834"
"ID604","5f2c07c53622f2034a40db50","0.106583155826692","0.01","0.43","0.085715","0.957142285714286","1e-06","-7.95705990323688","-6.54646626535128"
"ID605","5f2c10bad876b704a0759fd6","4.69117278543542","0.43","0.15","0.257143","0.957142285714286","1e-06","-43.3844314608944","-41.2045393401431"
"ID606","5f2d10d8f5f28c000afb87d3","0.484312542963499","0.01","0.85","0.042858","0.9","1e-06","-38.5657463225581","-36.9853872460531"
"ID607","5f2d9e2afb4a950991d2a14b","2.20071021028099","0.01","0.71","0.085715","0.9","1e-06","-66.766799453697","-64.7190391907379"
"ID608","5f2dc640c29b7f0fed3683e3","2.20071021028099","0.29","0.01","0.042858","0.985713428571429","1e-06","-23.4271024312961","-21.9135250907046"
"ID609","5f2e9b642839112147fe5f2f","0.484312542963499","0.01","0.99","0.042858","0.9","1e-06","-40.5923698150666","-38.7564525778158"
"ID610","5f2f142ffcfbc32f12925bec","1.03239118471","0.01","0.71","0.042858","0.914285571428571","1e-06","-64.9367691446704","-63.209814542192"
"ID611","5f2ffd95ce0c0c061b06a0f5","2.20071021028099","0.15","0.57","0.085715","0.9","1e-06","-29.8112519866849","-28.9062415014605"
"ID612","5f312ec0687725067ffd15e9","0.106583155826692","0.01","0.85","1e-06","0.985713428571429","1e-06","-37.869908651249","-33.4697520250387"
"ID613","5f31a239e7ed2f09f2b4a4ef","0.484312542963499","0.29","0.99","1e-06","0.9","1e-06","-17.7664927305767","-14.4601021771286"
"ID614","5f31b2bf1b0c420c2954969c","2.20071021028099","0.15","0.01","0.171429","0.971427857142857","1e-06","-27.7129199394881","-26.518035113006"
"ID615","5f324e1c83c53019f9fa5da0","0.227199382119539","0.01","0.71","1e-06","0.914285571428571","1e-06","-52.0307175632589","-47.8710922509186"
"ID616","5f32a30554a2e308e31e66ff","0.484312542963499","0.01","0.71","0.042858","0.9","1e-06","-47.860833680679","-46.3284020291175"
"ID617","5f32f1f9f2bc330b8351c3dd","4.69117278543542","0.15","0.85","0.085715","0.9","1e-06","-60.2227346480403","-57.9714988423205"
"ID618","5f32f439eab77d0cb4bc38a5","1.03239118471","0.01","0.57","0.128572","0.9","1e-06","-54.1985392651373","-52.7540468660208"
"ID619","5f32fa63575cf50db8d2cc90","4.69117278543542","0.15","0.15","0.257143","0.9","1e-06","-44.66488611066","-42.6363917387125"
"ID620","5f33cac684d9d9065dad86a8","0.484312542963499","0.01","0.99","0.3","0.9","1e-06","-23.5335703132165","-22.1059077568401"
"ID621","5f3503018f696042ee147b91","2.20071021028099","0.01","0.29","0.3","0.942856714285714","1e-06","-63.5043294595197","-61.6516834816727"
"ID622","5f355c9e7109cd4e6dd38250","2.20071021028099","0.15","0.71","0.042858","0.9","1e-06","-38.3233587496094","-37.2390891736601"
"ID623","5f3570450db2f81214468db6","1.03239118471","0.01","0.71","0.042858","0.957142285714286","1e-06","-62.8683322161301","-61.0766449717803"
"ID624","5f382871f94c8830854a5bdb","2.20071021028099","0.01","0.71","0.3","0.9","1e-06","-65.7936878683209","-63.9923507631613"
"ID625","5f397d0428b373506d9a6fc7","1.03239118471","0.01","0.57","0.3","0.985713428571429","1e-06","-44.8587517380589","-43.3858315411279"
"ID626","5f39a2fd2d394917284dd66f","2.20071021028099","0.15","0.57","0.042858","0.9","1e-06","-37.1999074032865","-36.1330653949871"
"ID627","5f3a500d8741a5616ef6374e","0.484312542963499","0.01","0.85","0.085715","0.9","1e-06","-44.0491423170177","-42.6306147635876"
"ID628","5f3ab128c4b6921312f28237","1.03239118471","0.01","0.15","0.3","0.9","1e-06","-48.7755619822333","-47.4227747169303"
"ID629","5f3c36f298f6eb481d1bd2f4","2.20071021028099","0.15","0.85","0.214286","0.9","1e-06","-31.9103612078743","-31.131179292905"
"ID630","5f3d3d4f57b8fe07798fd8b3","4.69117278543542","0.15","0.01","0.128572","0.985713428571429","1e-06","-48.4454086164033","-45.8424897571088"
"ID631","5f3e3c158d08ce0008cc9deb","0.484312542963499","0.01","0.99","0.128572","0.9","1e-06","-23.1585561127246","-21.5738334299412"
"ID632","5f3e72de0306de0838b6ec09","4.69117278543542","0.15","0.85","0.3","0.9","1e-06","-52.4078794852607","-50.4030668373404"
"ID633","5f404333140cfe16fe3c195c","0.106583155826692","0.01","0.99","0.042858","0.971427857142857","1e-06","-12.5860412769136","-10.6536391131978"
"ID634","5f417faa35eb0a31e9dad9da","0.484312542963499","0.01","0.85","0.3","0.9","1e-06","-23.1961948701036","-22.024090474473"
"ID635","5f4283d149962e4746b32a38","4.69117278543542","0.15","0.15","0.214286","0.971427857142857","1e-06","-40.751118550496","-38.5734297350931"
"ID636","5f438581427f575c562c573e","1.03239118471","0.01","0.15","0.3","0.985713428571429","1e-06","-36.7212419628128","-35.1829667732882"
"ID637","5f46d480bf76700acde7784d","1.03239118471","0.01","0.15","0.128572","0.985713428571429","1e-06","-55.0026985012701","-53.3073631853386"
"ID638","5f48b1cdd8963d367b20dee9","0.484312542963499","0.01","0.15","0.042858","0.942856714285714","1e-06","-48.9041768312765","-47.2725088820841"
"ID639","5f490c36e860a4403193a1ca","0.484312542963499","0.01","0.71","0.3","0.9","1e-06","-38.44617552669","-37.321998556003"
"ID640","5f4a274f21ec8a5971fbb33f","1.03239118471","0.15","0.01","0.042858","0.999999","1e-06","-19.0377428144052","-17.0057083226382"
"ID641","5f4abba4eae118551d4dc244","4.69117278543542","0.15","0.29","0.042858","0.9","1e-06","-59.0115802579138","-56.6464403540626"
"ID642","5f4b519ca3fbc100080a4a2f","2.20071021028099","0.15","0.01","0.085715","0.985713428571429","1e-06","-29.6605137448973","-28.249102182112"
"ID643","5f4b8e6bb7e5b374f9798c6d","2.20071021028099","0.01","0.57","0.3","0.9","1e-06","-63.4353059030056","-61.651396365496"
"ID644","5f4ba7007200c9762cc4c708","2.20071021028099","0.01","0.15","0.128572","0.971427857142857","1e-06","-66.3460137874054","-64.2220525583635"
"ID645","5f4d3240377d051139514820","4.69117278543542","0.15","0.85","0.042858","0.985713428571429","1e-06","-49.4180497585291","-46.8194945055128"
"ID646","5f4e117dbfcaa83f1b418976","1.03239118471","0.01","0.99","0.3","0.9","1e-06","-37.6773173952219","-36.0689719691731"
"ID647","5f4ea2ec9ecd220c1fa71341","4.69117278543542","0.15","0.01","0.257143","0.957142285714286","1e-06","-55.7679404641606","-53.4053152083514"
"ID648","5f4f5d8a9468440009ed7a67","0.484312542963499","0.01","0.71","0.042858","0.9","1e-06","-47.4789524823824","-45.9465208308209"
"ID649","5f4f69faf3505f0109ed9e75","1.03239118471","0.01","0.99","0.3","0.9","1e-06","-49.5492252020027","-47.9408797759538"
"ID650","5f4fc5a17fc3a50dafd67169","0.227199382119539","0.01","0.99","0.3","0.957142285714286","1e-06","-24.2623548929177","-22.7982273054417"
"ID651","5f507cd87b38b81fa565ea20","4.69117278543542","0.15","0.57","0.042858","0.9","1e-06","-59.4441226226703","-57.0964102864691"
"ID652","5f50d6ff81dfe726a0f8343d","2.20071021028099","0.15","0.85","0.128572","0.9","1e-06","-30.0334299604432","-29.1524275140177"
"ID653","5f50e3d60305bb088998b766","0.484312542963499","0.01","0.99","0.042858","0.9","1e-06","-51.5811212760716","-49.7452040388208"
"ID654","5f515531aa39c237f49f7ecf","1.03239118471","0.01","0.57","0.3","0.985713428571429","1e-06","-42.3177567456091","-40.8448365486781"
"ID655","5f5179be2213ce3c39045019","1.03239118471","0.01","0.85","0.042858","0.9","1e-06","-60.0018746281867","-58.2408326820092"
"ID656","5f5355baad423e66676c1bd3","1.03239118471","0.29","0.99","1e-06","0.957142285714286","1e-06","-29.4074166085134","-25.841770462277"
"ID657","5f55f193f3459e9b8c434f9d","0.484312542963499","0.01","0.99","0.085715","0.985713428571429","1e-06","-37.4533973033098","-35.5938236649124"
"ID658","5f5621a094f947a067745a4e","4.69117278543542","0.29","0.85","0.171429","0.985713428571429","1e-06","-37.2905862159169","-35.0622036158577"
"ID659","5f5668cf2db7050961fce434","2.20071021028099","0.01","0.99","0.3","0.928571142857143","1e-06","-63.428966949295","-61.2936226583643"
"ID660","5f572d1df9f7d019f3e042d3","1.03239118471","0.01","0.71","0.3","0.971427857142857","1e-06","-46.5864357611398","-45.1639393482485"
"ID661","5f57b64bfa53f7294eb06880","2.20071021028099","0.15","0.57","0.085715","0.985713428571429","1e-06","-24.7518542059675","-23.6613557965216"
"ID662","5f58e8f22846f809fda94bda","0.106583155826692","0.01","0.99","0.3","0.957142285714286","1e-06","-8.59144730870961","-7.10636367528416"
"ID663","5f58ef9874dddc0b064b50cc","0.484312542963499","0.01","0.99","0.085715","0.9","1e-06","-37.1482883060589","-35.4742025918831"
"ID664","5f5907f245fc450e98b98aec","1.03239118471","0.01","0.71","0.085715","0.9","1e-06","-55.8546780235138","-54.3033950253548"
"ID665","5f59132a01e50c10a2d3a64d","0.484312542963499","0.01","0.99","0.128572","0.985713428571429","1e-06","-30.0243473613319","-28.254136754327"
"ID666","5f59ea191a6180011ed70ef8","4.69117278543542","0.15","0.57","0.042858","0.9","1e-06","-60.6354669919506","-58.2877546557495"
"ID667","5f5a3cf246d1420a931da3cb","4.69117278543542","0.43","0.57","0.3","0.9","1e-06","-42.7693057934349","-40.7570231124202"
"ID668","5f5a546a9aa6fd0df887cf62","0.484312542963499","0.01","0.99","0.042858","0.9","1e-06","-41.0665381813527","-39.2306209441019"
"ID669","5f5a807de06d3515fa8d18d7","4.69117278543542","0.29","0.43","0.3","0.9","1e-06","-48.424948388144","-46.5451564780858"
"ID670","5f5bc8914f166135a9937add","1.03239118471","0.01","0.85","0.3","0.9","1e-06","-51.2014715602534","-49.8486842949503"
"ID671","5f5e5def0093336f7d377473","4.69117278543542","0.15","0.71","0.128572","0.985713428571429","1e-06","-43.6749920751647","-41.3755588015594"
"ID672","5f5e6259d39af56ebae15055","2.20071021028099","0.15","0.29","0.085715","0.9","1e-06","-32.1931210183867","-31.2706829655122"
"ID673","5f5e825dfbf10672eb6658f2","0.05","0.43","0.01","0.3","0.999999","1e-06","-27.8595312282942","-26.3146331630362"
"ID674","5f5f381a671929022832eef6","4.69117278543542","0.43","0.29","0.3","0.914285571428571","1e-06","-46.5414319262787","-44.4978815963696"
"ID675","5f5f4c36cc787c0009e4d19c","4.69117278543542","0.29","0.15","0.171429","0.9","1e-06","-56.6207219235026","-54.5778272476648"
"ID676","5f6090c94a605503233dd65d","2.20071021028099","0.43","0.15","0.3","0.999999","1e-06","-42.8266795208184","-40.8891555801836"
"ID677","5f61d3f558002d17d3729c45","2.20071021028099","0.01","0.29","0.3","0.985713428571429","1e-06","-54.5608205689914","-52.5739955396103"
"ID678","5f61f1b0a760f01b705abdd3","1.03239118471","0.15","0.99","1e-06","0.9","1e-06","-29.3520312101099","-25.8052920417207"
"ID679","5f61f5de5de7611af9be165e","2.20071021028099","0.01","0.57","0.042858","0.9","1e-06","-68.1521195525985","-65.9599553342145"
"ID680","5f61f7f59df6ca1bfe6a8a89","1.03239118471","0.01","0.71","0.085715","0.9","1e-06","-60.2675367531522","-58.7162537549932"
"ID681","5f632eba01d0853da2464c44","2.20071021028099","0.15","0.99","0.042858","0.9","1e-06","-45.6603226943467","-44.272567532708"
"ID682","5f63505cdfc6934188269b3d","4.69117278543542","0.15","0.85","0.3","0.9","1e-06","-50.5914716227667","-48.5866589748464"
"ID683","5f63571470efad0009c8f1c7","1.03239118471","0.15","0.99","0.042858","0.985713428571429","1e-06","-16.5468046649902","-15.4700388439301"
"ID684","5f64a1291888be0324446d78","2.20071021028099","0.01","0.99","0.171429","0.985713428571429","1e-06","-64.4968106395558","-62.1087522512993"
"ID685","5f6639cfe9f1191e9fc18418","1.03239118471","0.01","0.29","0.085715","0.9","1e-06","-61.8400302568146","-60.2887472586555"
"ID686","5f666f67b647c2244363a64e","1.03239118471","0.01","0.71","0.085715","0.9","1e-06","-60.4328828061768","-58.8815998080177"
"ID687","5f6715ea82fb7d302d0b6ae9","0.484312542963499","0.01","0.71","0.128572","0.9","1e-06","-43.8013713592062","-42.5201342621122"
"ID688","5f687d93fd2d5b04432c4661","1.03239118471","0.01","0.29","0.042858","0.985713428571429","1e-06","-62.1073872120754","-60.2087847666199"
"ID689","5f688f49cd4c0e4e0a84d9be","4.69117278543542","0.15","0.15","0.042858","0.9","1e-06","-59.6597147515091","-57.2466474227143"
"ID690","5f689679cc2af84fa2c57263","1.03239118471","0.01","0.99","0.3","0.942856714285714","1e-06","-48.7402736738049","-47.0806193750686"
"ID691","5f68f392486ed60a895fca53","2.20071021028099","0.43","0.85","1e-06","0.9","1e-06","-51.3689391030334","-47.5084558049019"
