"","ID","tau","lrc","sal","lp","ll","Persec"
"1","54240de1fdf99b691fb383a8",0.49149217079733,0.961341450926148,0.501386407434231,-52.6881705939412,-17.1723211981857,0
"2","54b60d74fdf99b1ce0367ab5",2.02985488081087,0.351974327679864,0.00461141949970078,-61.1506260902196,-24.6353917976868,17
"3","55780ee6fdf99b4cbc0aef95",5.15507810801551,0.0569478051571203,0.671943423042415,-89.5079408955322,-53.9606294300263,20
"4","559cdad9fdf99b66f54b7794",3.0751060990954,0.632070909303168,0.000816484930831002,-73.1856717540501,-36.2385681407149,15
"5","55a77810fdf99b444b9d255c",0.00407141446073249,7.15856336337723e-05,0.344192547086434,-48.1200655662869,-12.5786811583644,1
"6","55b95e2ffdf99b469f622883",2.89080440911301,0.0416174069508876,0.07151592475976,-90.8996659663141,-55.05238278808,0
"7","55d6d91d69dbc30005b66ffe",2.67685802228405,0.0198800209343899,0.730048181074496,-90.8042844430021,-55.2289714271901,1
"8","56051814e372c00011bd556a",0.98466816654624,0.105183448807858,0.0912872811986031,-49.3095299198179,-13.5178885153363,1
"9","560aef7d01c38a00127693d3",1.27534872246802,0.0269268815225284,0.0498979494990945,-79.4362568368526,-43.5047426415478,5
"10","5687d434369319000c269c03",3.05944601549711,0.0656584182001417,0.179845076526649,-78.4768307089106,-42.8290764480275,4
"11","56c81007ba8e37000d7b211e",4.69626205682529,0.372541281160711,0.000779281269857557,-89.7770568436668,-52.8183034360633,1
"12","56f699e876348f000c883bba",0.957737389921676,0.00662121723086689,0.0516809561306309,-96.8137432724122,-60.8905368370999,12
"13","571de7af13b1b70009be2f26",2.50390728899545e-09,3.31315537278843e-16,0.0619092838739043,-73.6288204839326,-37.7480481628165,0
"14","5744bbe15e549100063b08cb",4.23333649573767,0.617558529987898,0.500329896957764,-72.2085311180329,-36.6926835355782,2
"15","57611238eaf3f80007481e8e",3.17956004000386,0.111302108036742,0.0496115113545922,-85.0480091756043,-49.1151310845169,3
"16","5778eeb20e49300001ba9ec0",9.23810736863209,0.144530495152535,0.105232064981766,-92.8624920468656,-57.1025236360917,0
"17","577a6900f8f7ed00014b537b",0.285224572180989,0.00320279583404622,0.775201665175084,-54.5867622391488,-18.9806924461307,0
"18","5784d25070c76a00012427e0",2.12635286572332,0.164821165689345,0.00115170398096384,-74.1528139841693,-37.2916238312269,0
"19","579fb6f46475d400015ab855",2.02099438680585,0.30706746148229,0.000787131867450985,-67.5436992296683,-30.5874497942545,15
"20","57f8a3ece480f5000136f588",3.66165094007234,0.119365794563686,0.151444179709245,-69.4198135774927,-33.7376002986155,0
"21","5808ec7ff0740c0001789a1b",0.208433201535374,0.00448153286199399,0.413821210007346,-62.2991267530519,-26.7757399467384,0
"22","584726b8f063d30001161e6a",4.45266422468732,0.0294955569187204,0.320966726675466,-93.4265424067571,-57.876392782004,1
"23","58513454b9f14b000151795f",2.18559651132933,0.0610583633711642,0.169654523683968,-79.8568870332691,-44.1976370120335,7
"24","5870336cdb3e720001e230cd",3.01789510152481,0.206998492548321,0.0225591837437492,-74.1691216899774,-38.0462401642439,0
"25","587291591c35f20001955c45",9.79993777290139,0.0537122228513804,0.785206676916008,-97.9111985823026,-62.2969528703783,0
"26","587388b9db3e720001e2320e",6.16186706008246,0.187152111449563,0.160384067901737,-81.103949534473,-45.4334269933367,6
"27","587620554254cb0001c15a23",4.2347685986308,6.67755324551664e-09,0.499829771249039,-101.432585393985,-65.9167378913845,5
"28","5883d68d300c0b000113db56",4.28231318010431,0.794868970687449,0.499971136890624,-73.6405010545591,-38.1246535801034,0
"29","58c3c197da66280001b3c6e8",3.84826107071209,0.205603757281015,0.0343919073988238,-76.0428487761689,-40.0223420876657,0
"30","58cef97d5e07b6000139fa16",7.09341743996399,0.0480873606527454,0.889019736117363,-97.0373105662151,-61.2890269979486,3
"31","58f364d67b2e410001c2ed1d",2.22253746920129e-08,0.0636483206570161,0.0142582772484863,-38.0272669987784,-1.79179846930526,0
"32","58f89d1cedf274000143eb4e",0.0056466477641018,0.0260815306391873,0.499570120480306,-37.307646127777,-1.7917984693579,3
"33","58fa6e1bd0055c0001dd838a",5.16474178977657e-09,7.51930806496817e-11,0.177126484007117,-58.4587194136783,-22.8079845355007,0
"34","590f202eea0e130001039e1f",5.64730122185388,0.120392792519418,0.49553878407355,-77.8864256559512,-42.3705582790888,6
"35","593ead9ea514380001e5cf86",1.99631520113358,0.602797249820879,0.000596468090553621,-65.8418897296819,-28.8163454817474,2
"36","595339f4ad2ce90001b88266",2.75372863525629,0.460339461827635,0.000637983575703811,-64.2243701326054,-27.2156371978788,0
"37","5953d37b3d663c00011d233c",7.89732978168897,0.151003946124502,0.063109297546503,-95.0903913135272,-59.2140984742153,0
"38","598ab1ed19432500016fafa1",19.9999918657276,0.0673454581353054,0.272596459295739,-100.842859449837,-65.2690764096767,0
"39","5991c4a8e339120001fb8c7e",4.72441504518457,0.191172679499707,0.0691183350001256,-79.4277162570601,-43.5725527841266,0
"40","5995ed90d1732a00013425c5",1.89176406185429,0.00982451665028575,0.814223874864547,-92.0504590637972,-56.4090019607639,2
"41","599614af004c4f0001cc8642",0.732697583698856,0.0126183249877226,0.0221479554205655,-77.6625451252841,-41.5351694927231,0
"42","59c80c180aaf750001213cbf",4.45060393996646,0.604253059067436,0.00063283263371858,-85.6021196909167,-48.5913614062127,0
"43","59d38d62323bd80001e200bc",13.3287968115895,0.131860896149634,0.412270287786507,-95.2982589701378,-59.7745940327235,12
"44","59d4b084115096000190dbce",2.88690319974946,0.440774762302944,0.000812495788048476,-70.7773024513019,-33.8289754045204,0
"45","59e5fd82e75b450001a691ec",1.79718767316859,0.0761559572092678,0.402093828462239,-57.4459510699494,-21.9203293729598,5
"46","59e8cb08bab73300016bd7f7",3.21296492433431,0.404516082466341,0.00173374577776621,-82.4250770745198,-45.6660016231494,0
"47","59e9d2c6c0d35a0001295448",4.97363686706261,0.507365323810225,0.499918863257555,-69.4860132270402,-33.9701657468344,0
"48","5a3996f6ae52e600010a0192",3.54020488383304,0.050489582261283,0.157541427346208,-87.4615436357801,-51.7873953488319,0
"49","5a3a570307245d0001fc0692",4.52981793478473,0.350941848991509,0.00280597639494837,-86.1361586820745,-49.4971813911787,2
"50","5a3c0b842f91ec0001dc9bb4",2.13671486709357,0.037204222107588,0.0901405372646559,-83.6245814547198,-47.8300949640386,0
"51","5a4e26a8f4c9dc0001b7a1b5",5.67067999680038,0.228345866282862,0.0872015870564567,-79.9548172807307,-44.152850155601,0
"52","5a5a3ec6ac5624000153e0f7",8.56102462403137,0.179422324357856,0.337105149877083,-87.8800127033945,-52.336114000469,0
"53","5a5d1194acc75b00017a7b8f",4.31113093016787,0.0780035421363922,0.106082567905512,-91.9774958020143,-56.2193020657983,9
"54","5a69d77a56585a0001633482",6.10967399633736,0.134786025922564,0.162780913630899,-87.5325986815425,-51.8650699078911,2
"55","5a6f7604ff6f2300013edcd8",7.69834168628467,0.0684279099554924,0.749192809844268,-91.5251665473932,-55.9379352372203,3
"56","5a8b513317ef35000170b86f",4.45588288982447,0.143516561677646,0.242836392516882,-75.9251551239227,-40.332495423834,10
"57","5a8c78b0ae9a0b0001aa27fd",7.59026282949469,0.229711806664851,0.111059540313136,-89.2882987465345,-53.5401714025783,21
"58","5a90460d1eda41000135f918",4.2909748991778,0.269678971344866,0.00189430756480323,-89.347784260789,-52.6108108743422,8
"59","5a94a3344eecca0001dd3c52",0.401879345966584,0.0539320974380015,0.937803876246324,-45.986931685855,-10.1072385427006,0
"60","5a9d68a3dbdb470001eefb79",6.50993339295132,0.128550620721853,0.133637539912881,-88.465647974964,-52.7573550959145,8
"61","5aa696af6219a30001c75d2a",0.91898054269704,0.0799353922205795,0.475190695819604,-55.1399375508503,-19.6234738167235,0
"62","5aa9528235237b0001132675",7.23904544226039,0.126409160939642,0.0557518435025504,-97.4957842701069,-61.5904576188604,6
"63","5ab3bc131204f90001c965bd",0.558136091610913,0.23004849380205,0.0148099316882553,-46.2499035991841,-10.0237852266098,4
"64","5ab4e55cf69e940001d8d3bf",4.54709901067185,0.185067937302589,0.44017050363107,-74.5693686806001,-39.0499157644418,7
"65","5ab5509cf69e940001d8d954",9.14204943528621,0.639757671915586,0.50031345815374,-88.8610134836721,-53.3451659117934,11
"66","5ac3b825e734400001da2436",1.87002512430434,0.144405942028732,0.0964628242965416,-61.3470251882064,-25.5677424026677,1
"67","5ad3bfc75b53cb0001f35839",4.80718709101682,0.0847943952240068,0.256939737256739,-82.8018549578769,-47.2186081152361,0
"68","5ad658e2a38d7b00013afe89",0.0051061893456399,1.79928672191891e-06,0.568979277742647,-101.381758951065,-65.8611074740229,0
"69","5adf629ddee8590001b05f7b",4.57376685120708,0.316799098219841,0.000856907150774683,-89.9393250713581,-53.0042916225418,0
"70","5ae1a263066c510001d48146",0.243995375074491,0.0662127917167249,0.00036129059378695,-54.0924507041476,-16.9416294932096,6
"71","5ae59bec7edeb000014a828c",0.637175592322212,0.258945512118589,0.0294402431901975,-45.2218266688142,-9.1637340280546,2
"72","5ae9f13b9b283d00017ee04d",19.9999702314023,0.0344454968665019,0.191542196326526,-100.883233603532,-65.2476412350673,6
"73","5af344dfdf9933000161f47a",5.96388570153427,0.0281274040449786,0.342702283503282,-96.2951563281107,-60.753254593609,0
"74","5afc2d1f2406810001d625c0",0.991351853446335,0.235989206958722,0.000237838214301849,-54.1067797596918,-16.8514664379027,1
"75","5b1d5e16503f020001e684aa",2.30807188447405,0.106681115695709,0.00066506226787856,-82.636009293419,-45.6376616177503,11
"76","5b1ed2783522660001b464eb",6.91638538754224,0.0695242387061987,0.109977697897272,-96.4955440945376,-60.7452736016546,0
"77","5b1fe253b803da0001dfbc8d",0.856007130398621,0.0673365341592952,0.0763951657519734,-51.5125252278977,-15.6804246376329,6
"78","5b35bd1d532e3d00018e8b27",5.41683134260255,0.16140503804728,0.246472029525596,-74.2429403226952,-38.6527924635298,0
"79","5b491b4eac6f5a0001549493",5.50400908891267,0.160508510869544,0.329830590855804,-79.6456898757373,-44.0990657757775,13
"80","5b49d3a519f8e70001b7df02",5.47273541895162,0.446834274034457,0.500942688679713,-78.7153847556348,-43.1995363933486,0
"81","5b5d4bfc4e945800017db533",5.27735540534333,0.256280270146076,0.0388979147187254,-82.809718949426,-46.8188227452157,2
"82","5b5dfd9c4e945800017dcd79",7.31792110621089,0.151046250734525,0.282292125365146,-86.979286990307,-51.4108867341549,0
"83","5b630cec6abdd90001d98c3f",8.20500008574264,0.232710164431899,0.0529041373703229,-92.5082350060148,-56.5905539488625,6
"84","5b707d214415ce0001b1fd78",2.44745929807591,0.594835366533747,0.00113957141750637,-64.6955482001664,-27.8317135023135,2
"85","5b72d8042aeef10001972da0",0.770722554442071,0.385043095245156,0.0107103069785971,-47.5672331585187,-11.2611300733521,1
"86","5b8fe19ae3a406000131f1a6",1.62063811541951,0.0725689242063353,0.512652814554258,-61.2104671921678,-25.6944595735471,5
"87","5b97a1e083bd380001b92485",2.29696683938497,0.335717522864944,0.00655641129748546,-62.9424126938978,-26.5146663398053,0
"88","5b9e1e607b196f000195b599",0.714080864105668,0.0408695190455462,0.261151106419153,-51.6867231530589,-16.1061197845884,0
"89","5bb756696322c5000159756c",9.93599763649833,0.687238040023273,0.499325603651571,-90.4125099105457,-54.8966619821122,3
"90","5bbe3c5cee6586000142be43",4.92573549907344,0.65183476717675,0.500117433531582,-69.9035900905194,-34.3877426031062,11
"91","5bc08c345e8a950001892156",0.115207602371433,0.0452784623541415,0.0113426409373594,-40.3146079804133,-4.02268570202061,0
"92","5bc642c0069008000139d18b",3.32705096000044,0.137237043876624,0.158750041432698,-67.5986264785008,-31.9260298882855,1
"93","5bdc3c8182698d0001f076c3",0.000143356877026573,0.265973528415856,0.424580408961082,-56.7399596771284,-21.218358380905,0
"94","5be1f75bd536990001a4410c",10.277865147368,0.0475565489906097,0.806905155884741,-99.9509823405965,-64.3169277235284,1
"95","5be2fadf5e9fd30001696162",0.00014303978306731,0.00747147332565742,0.500108179901046,-36.61449910734,-1.09865162201455,1
"96","5be415810241050001ca2318",0.278076218590351,0.000522417639969385,0.747539701575229,-99.038177429524,-63.4520362613706,0
"97","5bec2847ac6b780001fec122",2.76774418655337,0.408369285288439,0.0114236846751802,-61.2311913563644,-24.9410284950421,0
"98","5bec6a8b1209fb00011bb521",3.8428999104088,0.178567339714366,0.0301693422481315,-75.1777214042542,-39.1255568134286,0
"99","5beefb60e015710001cbb721",6.88936857698932,0.307376545653676,0.0169915932597599,-92.862290399106,-56.6699729712346,14
"100","5bf2f728bd9f150001f6cc42",0.509287556043192,0.113522506802423,0.0162766471699429,-45.0837107022765,-8.88082820534216,32
"101","5bf4123e840310000124cfca",9.09555693473621,0.152838612215529,0.359078496050867,-89.4826392878785,-53.9460997668508,0
"102","5bf44a04d7e7a70001d7a672",1.89614457182092,0.0241461273644727,0.713579990338993,-83.2975473425562,-47.7313342795248,0
"103","5bf4584fabf94600013a9fa1",2.05769408010169,0.0584119321621284,0.939012937600748,-65.8034760118263,-29.9191972407523,10
"104","5bf5b2627ea49f0001ba9372",4.44183831453462,0.262773497865587,0.0327589242259384,-78.3727616102005,-42.3405158842562,0
"105","5bf728483db90d0001f48ff7",1.58963877927707,0.0480896452844036,0.207177082835305,-62.9796183776093,-27.3587603021268,10
"106","5bfed3f1aa5fa3000136a998",1.73377795316121,0.211311632191937,0.0258122479087906,-60.4676955548897,-24.3776573204181,0
"107","5c081c45fd9c080001709937",10.9246162593384,0.582627211801646,0.49912385657334,-94.0283361371083,-58.5124878958573,10
"108","5c0843f24452300001df4ea0",1.18330232303108,0.0825791218473441,0.0335781631758958,-67.3737122813205,-31.3474298517834,0
"109","5c10377461df5c0001cb4906",3.44279398540943,0.0178778128478987,0.237842947353491,-95.9511750368381,-60.3549643167712,2
"110","5c1129084be31a00014802fb",3.11051307902677,0.106881878153696,0.0560354766327995,-77.6603746074628,-41.7562414810571,33
"111","5c1a54257fa1590001b96070",1.938619985506,0.179781726573047,0.0261300160388336,-66.8729670831141,-30.7859061856256,9
"112","5c1a9e323407be0001cf8165",2.01709209747491,0.0380935999084495,0.72534147615189,-65.2898197608903,-29.7172110231004,0
"113","5c23615d70d93a0001202ea2",9.45116926447577,0.168294938997706,0.128042282958065,-92.0965946597784,-56.3792185064655,0
"114","5c28b31a0091e40001ca5030",1.24674317439571,0.201262448480713,0.00237626863924228,-66.6693591598329,-29.9889345473241,0
"115","5c296b31e9b1b20001b8ac77",2.92994204723323,0.463060279146822,0.00334963715904709,-70.3384207670986,-33.7435822563819,4
"116","5c36776624643200010eb6e5",3.03390585639652,0.0467427981011296,0.847038427034921,-84.8030923823921,-49.1229240582532,1
"117","5c377f1965e5c300013ee88a",6.3408489524666,0.103434729474435,0.166702372097936,-90.1448176277605,-54.4820663284643,0
"118","5c3ce5cde0ea82000145f9f9",1.29271208269456,0.159373628569187,0.0286702952400288,-51.1302612963931,-15.0657416585927,0
"119","5c3d9334337ac90001a4d6cf",0.666977440809291,0.289539783283046,0.00968711309964649,-47.1670731103028,-10.8361259365569,0
"120","5c3f7c6329966300010dce78",6.53583147077071,0.448159451279231,0.499444176528342,-82.2637597546673,-46.7479119721048,7
"121","5c47260028cab20001a74aae",12.9276416083893,0.133571403705413,0.467754688283063,-96.6558802653585,-61.1389908633921,1
"122","5c4783f5c41b2a000183a24d",2.83800939145653e-10,1.18758022994639e-17,0.055328198110557,-69.9641422455849,-34.0570207871847,6
"123","5c48f116c41b2a000183e340",1.00777083890839,0.026124318621575,0.401005141813741,-57.5179447850439,-21.9921000781564,0
"124","5c4b6366c547dc0001934854",2.27977452165688,0.553505540177021,0.000646934898660264,-67.4690469198488,-30.4637950282347,1
"125","5c50ce81d99f9d0001b0f696",1.65637590893298,0.216174186675578,0.0112790573262076,-64.1633827146025,-27.8700711424977,25
"126","5c56eb0e59095a0001bac969",4.03521957103143,0.451412458797013,0.000504705002923702,-79.0810086771855,-42.0137244727409,0
"127","5c576413a7890b0001f59a92",4.79933571995915,0.266009057399477,0.113634163137029,-74.6017718582794,-38.858648827126,9
"128","5c5d4afe4cc94200016a4982",2.229931572066,0.0315893076041318,0.0756249388115467,-91.0379072800164,-55.2034817589094,5
"129","5c634aca9d0d7000012479a0",0.0977333052267954,0.00451136553735403,0.160934816406602,-61.0138830018393,-25.3440534318605,6
"130","5c654e352f6d5e000174bae5",10.9206833997731,0.116250472188008,0.181910468820505,-95.6849077665353,-60.0393778483054,13
"131","5c69be6ac3aaf50001c69311",13.8231142913612,0.0605109304372027,0.463556301717704,-99.5122082590317,-63.9950291017913,0
"132","5c6c08c5d9c1580001ce9aab",1.65461394385478,0.194639581382487,0.00172067458858125,-66.5333856352775,-29.7724214971764,0
"133","5c6c78c4f9951f0001db8bd5",0.086259327555436,0.529574736595756,0.0279794674454531,-55.4981631513993,-19.4277235945457,4
"134","5c6fc42118508b0001e1e711",5.13331250256431,0.294325587594336,0.070346828825637,-74.1808248026388,-38.329735601757,2
"135","5c7840493454d70001df81ee",4.69629286159866,0.11213626262315,0.129170704653385,-79.1419737806334,-43.426467455835,2
"136","5c790c7e8fbcb100146b6cd8",13.2028030845923,0.672253920471861,0.500620280824914,-94.7805666162771,-59.2647187579059,7
"137","5c7bc8ea5a669300172440fc",4.83832050024917,0.456034386487844,0.00107391055124311,-79.3116905136566,-42.4330358654162,4
"138","5c7e22dc6babcb0001850548",5.93944145673002,0.0750877517704054,0.550379449825912,-87.1715108005919,-51.6531122663434,0
"139","5c7fa97a212cc800147dd154",2.77281381285779,0.216211277048617,0.0072628899631116,-80.7332475440044,-44.3309069466714,1
"140","5c80097d514b730001d662f4",0.109181659218795,1.74694746241248e-05,0.496965965411324,-101.412796166499,-65.8969394873407,13
"141","5c8119441c40f30001b464b1",1.44405766443572,0.026605468541103,0.0391913673392705,-83.8373024683829,-47.8482088848492,9
"142","5c823b094c3d3f000182fc57",5.48844446047941,0.0891588817667944,0.421803459741767,-82.639016034596,-47.1169778408276,1
"143","5c8831d20d005a00131367d3",4.86620255856472,0.797370451922984,0.499597342872216,-72.6006906433596,-37.0848430076042,0
"144","5c8a65405abd6b0016767b56",3.15747023921367,0.0376467473963294,0.591607254543737,-82.6113159717164,-47.0869325279195,0
"145","5c8bdc00302d6c0016a70680",3.72246602190146,0.142686290229876,0.113730568357745,-70.738442100574,-34.9955038824677,8
"146","5c8cfc3772503f0001e9c965",9.78691589392058e-08,3.36767944200002e-16,0.266531986684784,-101.319704195157,-65.7423722347796,0
"147","5c8e05e7aa473f00015e5fe7",6.28048940615643,0.198538618683418,0.369071046835263,-77.0513268751401,-41.5177209589376,0
"148","5c915492399a770001aece93",1.89130951242503,0.179692856231832,0.000417339230617934,-82.5680920023813,-45.4533109714038,3
"149","5c92a94f5983f5001664fe08",0.000888971788186105,2.77534312891308e-07,0.496272155242169,-101.276900366226,-65.7610389953906,12
"150","5c9776a67610c800126a37a5",5.07208019763315,0.106787362168569,0.622145726368299,-80.8448122950148,-45.3135815106458,29
"151","5c9879aed87fc4000155f4ac",1.46839162109495,0.372271171008276,0.0013925731421844,-56.2590599096793,-19.4452871249842,0
"152","5c9e119a881e9800147050da",0.483149073065191,0.00631137464479276,0.886064604172085,-62.5859299410735,-26.8433837805181,17
"153","5ca0de7d8001d50018c69031",0.485952675058408,0.00132099767933828,0.309539441829868,-97.2673722993295,-61.7123318694448,3
"154","5ca1f3847a29720017ba6e03",3.90612075100311e-10,3.32882889505611e-12,0.196177858321701,-53.1243385536375,-17.4932869598191,5
"155","5ca3adc28618ca001742161b",9.00497681184441,0.427548484865113,0.0165435936723144,-94.7567291985077,-58.5578457380265,0
"156","5ca62ff267351c0001a652d4",4.79190686818769,0.0762921845818986,0.871859195377156,-77.2584563480637,-41.5412442335097,1
"157","5ca730801c2e7b0012af7c21",2.36899061495418,0.0156551496092725,0.645997187643268,-83.3826962058988,-47.8445696850383,1
"158","5ca86b3cb55c520017af9d7e",1.60860704837422,0.0165961912896093,0.280319810365229,-80.5989969083194,-45.0295299013666,0
"159","5cab2b8f1a90ba00141fb656",1.23381576624111,0.0144423327402635,0.115277795806412,-77.5157414779992,-41.7757445884975,0
"160","5cade9a95baa830017900127",5.37472340844984,0.589139056920672,0.00215792614949986,-82.7800747680892,-46.0756089116735,9
"161","5cb1ffae6e3f2c001740dfdf",3.08394699056899,0.029065774185526,0.0654387562160456,-92.3243774009146,-56.4565238397816,0
"162","5cb237be9d908d000120453a",1.4252574798796,0.259208140550482,0.005397053530197,-63.2466761523763,-26.7705738222527,17
"163","5cbf52b5bba52700168cbe22",0.874579297280676,0.0168705307313513,0.0881003472724938,-85.7738664338328,-49.9742165182116,1
"164","5cc1a87f3e1f030016f31afe",7.40005001245569,0.69638502210374,0.00124659792409872,-90.2381042625496,-53.3966842606032,0
"165","5cc4969c3b1b1c0018f9da36",2.68648337904056,0.0302953533105808,0.908996707840185,-90.1723730347878,-54.3800308009231,1
"166","5cc8745ba94e300001fd9687",2.05818542186372,0.235490293256117,0.208103374607701,-59.222819449361,-23.6027843788643,0
"167","5ccafdfd42a8970001f8081f",3.34030735643729,0.0459560868619042,0.884395474866619,-86.0740444807331,-50.3346628160446,0
"168","5ccdb020ed1c4f001649810e",0.018518597695536,0.00823797144932416,0.0224357037945608,-39.6802777276547,-3.55605562361734,0
"169","5cd707bb2e50c90017583e61",5.5300920015387,0.0690442674095524,0.100297015220013,-95.1044298797899,-59.3338285139428,0
"170","5cd726aab1fa62001a8de584",5.23815206137563,0.121594008522558,0.134277341704361,-84.0832756198436,-48.3759920911386,10
"171","5cdc5fc0243827001706434f",3.37759702347834,0.576393892957287,0.00405472075998373,-67.8495718832379,-31.3023138948076,2
"172","5cdd35e1ffe01a001631cd78",0.628430340487823,0.168476192829444,0.0193233549476525,-51.2425148559613,-15.0817526463249,0
"173","5cdd8bb5fceec6001763f998",6.39700272501055,0.0563496623981345,0.819191333715932,-94.0722458710163,-58.425533611949,5
"174","5cdfb5e4b5dcb500011d0d07",0.00460526171255749,0.000191221815563966,0.0238602261325404,-53.5728022909915,-17.463605438455,0
"175","5ce50e4054e33d0001189577",4.44554602250799,0.09815970633869,0.0769282317029989,-84.8675565237466,-49.0370499805035,1
"176","5ce56b5de9e85d00159a0174",4.50254645578037,0.617171101383798,0.500480016228963,-66.7041269614042,-31.1882792573659,0
"177","5ce65aa96ad4e50001097566",3.8861633437514e-09,0.0171589815295408,0.210514036282529,-37.4097163954708,-1.791798469241,17
"178","5cee4a172674040001d07c5b",3.67842091440953,0.154633983410257,0.0418545430385543,-82.7566076377357,-46.783256101592,0
"179","5ceebfea7a3448001a6dd6ee",3.26148341980391e-08,5.9189576994069e-11,0.548749347079333,-86.7749977571386,-51.2567624170844,2
"180","5cf03597beaebd001f0d73ab",4.61178550581219,0.0602179555183249,0.0717873293358573,-90.6180932271956,-54.771683920947,0
"181","5cf0f45706fb120015ecfd2e",1.86569408343524,0.0842714976033959,0.754228243751587,-58.4676726315143,-22.8770456881453,0
"182","5cf12ddbf17e370017a278c5",1.84212529995457,0.405921098176056,0.0029202772413628,-68.8189789801128,-32.1899547789934,2
"183","5cf656e90acc8f000147f643",6.98548322556382,0.105631623779668,0.360172081967313,-94.5615504514251,-59.0253442247995,0
"184","5cfe7e8bc2acc60001196300",2.27847099981821,0.0440828809474178,0.141507559436721,-76.606744059254,-40.9104752899541,0
"185","5d0124a5b35d41000152ded3",0.902275425856832,0.756395828252009,0.000785342271425587,-49.0225285254281,-12.0657104992185,12
"186","5d0a345d8d7a4b000172fb93",14.2570246967169,0.0864055446137735,0.504072258886124,-97.0735031618692,-61.5576391044042,0
"187","5d0b787c4d659a000139110b",2.84450803801668,0.0930284567912088,0.0908886566663401,-72.83941717243,-37.0467913448062,0
"188","5d0cc9b80622c6000144f1d6",4.85078084680091,0.201788822393248,0.0825479105260725,-81.985899984017,-46.1714932657928,13
"189","5d124464019fa6000162bfdb",2.45682097381196,0.0188027191711922,0.046911661613957,-95.8118533285566,-59.8656952775832,1
"190","5d1290103b20b0000102e8e3",2.69046913045607,0.493036863354147,0.500225873044188,-58.4048978601224,-22.8890503354812,2
"191","5d166c21e1c05200198b446d",3.5434260361433,0.362989196116904,0.00219053647732365,-86.325195956001,-49.6244716382707,0
"192","5d1bbbd63788ac0019ced5d9",1.14070124028531,0.0368830562481955,0.102085382752139,-63.8718345929581,-28.105154203048,0
"193","5d1bcfd2e24a990001f327a3",0.0747206100422793,0.248870239606962,0.172505848813511,-50.2819838867446,-14.6260406592198,0
"194","5d211227bdbc65001b7ace0a",11.1399041384033,0.239234079632222,0.49935466692918,-93.887784606072,-58.3719367159943,0
"195","5d24c2146dd2960016cef0b7",2.0051036107235,0.391817987477589,0.000469532522781146,-57.5438543813583,-20.4585198396648,11
"196","5d26c8bc341630001a250a2f",3.1455488021702,0.182145679021368,0.287410672396329,-64.1691119710208,-28.6034147940896,3
"197","5d279cd62c5700001b7ec29a",4.66800507297486,0.170821809963385,0.219179449476528,-72.5221536388031,-36.9115611541878,29
"198","5d285eb5324974001908c626",3.95904233301743,0.0616793314878834,0.263019545779536,-88.22214496637,-52.6426908733051,1
"199","5d2e2703a845b0001b439e08",1.51200973764883,0.107678790413689,0.275926114245507,-55.3189751960423,-19.7470803150075,4
"200","5d37763a3cedb40001afecf5",7.99647709097639e-05,1.36304551459432e-07,0.586005100024176,-97.147468825677,-61.6241128397189,6
"201","5d39bb499f4f3f00158298f2",2.19856976714766,0.0715302288319467,0.0785926246803256,-65.4811913054985,-29.6555848122622,0
"202","5d3e019693eb2d0015788062",2.4719045900368,0.0778106424345567,0.199217918449189,-63.9854116543364,-28.3572571678087,0
"203","5d404c6a584cc80017e81001",4.03878186022841,0.755043755288984,0.49970828046022,-69.0064862526966,-33.4906386939737,0
"204","5d442c09f7386b001a3c2477",0.189783686660474,0.621813494385171,0.00992524576988708,-47.5001344804842,-11.1751984672948,0
"205","5d45521afdaaad00010ec185",2.1855786746832,0.506090716128915,0.0143161195133796,-60.3743614883899,-24.1398904246258,3
"206","5d4b334b1813250017d3c6cc",4.83561301290399,0.151066273213655,0.116841208938081,-78.6522381642284,-42.9151668514405,0
"207","5d4b4d093574500018795f36",7.29159370264368,0.0184820584288734,0.398709782393248,-99.6270783054118,-64.100754657324,8
"208","5d53346807e8740015e561ed",1.3182776381003,0.151998713550877,0.00834294686867468,-54.813047689085,-18.4450946238691,13
"209","5d53b3d1e8e8960018276120",2.02398659151407,0.3198444196603,0.000215361640015616,-65.9569853597774,-28.6768596561493,0
"210","5d53dbf16b0cf6001646dbf1",4.5067452957052,0.0466878888302095,0.216446104255372,-94.4542496642948,-58.8413934972713,0
"211","5d5402545aef9b000118fd50",4.08761279785884,0.687486615503168,0.500089420850789,-67.7634591628315,-32.2476116812128,8
"212","5d5560c71f535a00183d28e5",0.749353926892887,0.0142255165543115,0.0741612455248793,-77.939918735925,-42.1010026642081,0
"213","5d5582d5c20c10001aaba934",2.83568747911791,0.076613616687918,0.414602732517621,-60.157158609333,-24.6339099607944,0
"214","5d55a320d9450800172506d4",8.15600491302249,0.0647741473127342,0.49523235910989,-94.3556724362775,-58.8398022312219,0
"215","5d55aa13b125380018b5562c",0.608366822844335,0.94597844432907,0.499934541358758,-55.9843635365546,-20.4685160586472,3
"216","5d55b289e04e1c0017f5e602",2.17031190190802,0.0103683152476068,0.479630217012014,-94.7637819219348,-59.2475191755411,10
"217","5d5728471da7d10001a1a600",0.909350135336116,0.0141382488248671,0.0421925117323022,-90.2573325732925,-54.2859034415258,2
"218","5d5c1fec3690e5000187b4fb",7.42176784278193,0.139827495080245,0.0420685645787631,-93.1110330273014,-57.1389007499824,6
"219","5d61aca9b242ef0001f125b3",0.052132764307427,0.000801382302013867,0.793142228424772,-43.6791666225891,-8.05802360568227,2
"220","5d62e42406ed5a001a2084f3",2.00429836287882,0.224322731828581,0.00169293957060935,-62.7082953597171,-25.9432756652858,1
"221","5d643088609a430016a3d990",4.24321102020744,0.146146285939845,0.528371077477878,-76.938757550384,-41.42210386015,0
"222","5d654a1e855d77001b10dd92",1.81199075894636,0.109756982273615,0.176186773175219,-57.1027668361087,-21.4509874336041,0
"223","5d692e475719130015a805cd",3.10611016126078,0.240827315826897,0.373764051669221,-67.1545423994041,-31.6222288602679,0
"224","5d6ae722c160f500175daa9b",0.646880709280037,0.626054783950616,0.500417824074074,-53.7872083931657,-18.2713607449661,6
"225","5d6eb1ba1c79b20001fa0386",4.09194811076784,0.237728158364639,0.123628555360832,-68.6229742568243,-32.8980906273386,3
"226","5d73e916515c8b001bed0c5d",2.53337021697262,0.0994205560175957,0.42777587591994,-56.4269106644507,-20.9057916776134,0
"227","5d756ce093a94500163ea6a2",0.0903643489233717,0.0682772397050488,0.0601522221772552,-40.6768494151649,-4.7893469696638,1
"228","5d7693e9e8e18a0001f28996",7.09554852144198,0.104196410008877,0.0585846245397748,-96.0715235913829,-60.1778362544665,0
"229","5d78a675b04edb001a089150",3.76182708075822,0.352419874947945,0.027510643567984,-73.0918327287626,-37.0172892308083,2
"230","5d7e1d2db5bd580017d11cec",2.60432396985827e-07,5.18850961039833e-11,0.485116303659264,-101.261592986261,-65.7455238900172,1
"231","5d8154a847a45600189e8f35",0.0347307472251743,6.131889948936e-06,0.527674068251892,-101.409561988072,-65.8929474849293,0
"232","5d825b9b812e1e001556261f",5.1166089164951,0.0621523120672026,0.246703161284856,-87.9222321871538,-52.3322419633158,0
"233","5d85994fbbc0800019390cd4",0.000133462993351106,0.976632249892978,0.00112472609488146,-51.645697408895,-14.7785882497374,1
"234","5d87eff52447650001f822cc",3.84752574038688,0.0131663736771922,0.410085466974715,-97.1748290081948,-61.6507633006455,8
"235","5d893e68f58b17000184839f",0.654493483011458,0.28608873878096,0.500319959685241,-57.0831201168301,-21.5672725408333,0
"236","5d8f59c15231090015a7ae08",15.8278771029303,0.102141300923361,0.461211862601782,-98.0200655756751,-62.5027090370456,28
"237","5d91a7c336017c00192a6755",1.6103673642214,0.298602000488453,0.000639067767429987,-64.3686604907248,-27.3603517751441,0
"238","5d921a2e34fc500016df8e5f",0.00011523182204757,0.475289154396546,0.556007800399342,-51.9131435232812,-16.3941393298121,0
"239","5d9d0791f03a95001726799d",3.59283075456699,0.157454695268934,0.0416960959755343,-83.253892667995,-47.2796342596563,0
"240","5d9e1929203419001625df07",1.12956680878559,0.766604740265739,0.000200248434967586,-52.6202498584277,-15.3219379611034,1
"241","5da1eb441b927a00168d2a30",1.72723720327401,0.148795635137801,0.0177192002893969,-70.7661852535042,-34.5841652376692,4
"242","5da4ae83fa7abd0016ddd461",6.7935976573762,0.143353253763317,0.456589999940531,-85.1354284475014,-49.6176894077428,0
"243","5db1b1b6cd3329000ba29566",3.81338456540345,0.801603994868624,0.499577371685676,-65.5177877536489,-30.0019401014115,0
"244","5db1f2b6dd5fa3000a552ede",1.39241010420276,0.0116734164800665,0.0594298877450329,-93.4428852279287,-57.5525545686778,4
"245","5db4ab7dc8f993000c9d2c5f",5.39141226798463,0.0456380801945126,0.665472050503141,-95.7333905084762,-60.188543253476,1
"246","5db6ec97d9b41d000b2464eb",1.49319532672015,0.267554393401966,0.000933596470134759,-65.9575346660792,-29.0439107101215,16
"247","5db8a8831d5c1a000e5bc4dc",3.00112966560146,0.014921189151951,0.651248744581138,-97.1376166463038,-61.5977777730341,0
"248","5db92f4d8e9761000d7d7a8b",6.00589368657587,0.364515888158153,0.0353511609312922,-80.7950363360916,-44.781158655916,7
"249","5dba043b732f4c0607595ec5",8.45399300845559,0.147022809516722,0.450338823153519,-89.5549124449429,-54.0365864936306,1
"250","5dbab43dfbc6bc0d009d6c6e",5.29109282432356,0.224355587964162,0.179210756141822,-76.65202029852,-41.0035759986168,0
"251","5dbc7bb351b13c22d8df0fe8",8.0313706843274,0.0351319420994946,0.75668947923921,-99.817471237878,-64.2251425802714,0
"252","5dc486da84799a35fbede98d",0.0452208427014512,0.520126800492544,0.0562791495454696,-62.1671306121047,-26.2640177228085,2
"253","5dc6eadc4d2b664e2ce6d319",8.62467255175653,0.285449129590461,0.0806335712960566,-89.1178856423722,-53.2981340816551,4
"254","5dcb2bb4ae3b3b814b5fe27d",5.9648030080968,0.130662793318624,0.394371024519769,-77.405994815939,-41.8787332180232,4
"255","5dcd4ccd0ee193016c26409f",4.59646865421087,0.0669778362087128,0.207624007160939,-86.8569363137941,-51.2364759918682,0
"256","5dcd9694f6695d000b53f502",0.000335914251304134,9.24737121318317e-07,0.445234132231902,-99.7647778692259,-64.24591295852,9
"257","5dce556e93729c0dd37e570c",4.81091698947628,0.0379540044302571,0.615968572924607,-91.6707644523524,-56.1410930132271,5
"258","5dceb951381b67000e06113d",4.12024516090279,0.116883541864773,0.0695442386297658,-82.3147797237822,-46.461037603252,22
"259","5dcfe05d1228d90e53724347",8.23777883514364e-09,2.70031003868345e-10,0.00267006356382709,-60.2941311565199,-23.6427756144978,0
"260","5dd28e64cf08aa2982532314",2.58073135756838,9.80370478903496e-09,0.0942683193421773,-101.701167423042,-65.9167379704795,11
"261","5dd5b7e718beb657ad00c313",5.56372797181474,0.554997459726003,0.001011163237948,-88.9664797241765,-52.0727894496043,14
"262","5ddcf7679dac7cc5e395cd35",19.9999918369122,0.0130926535237599,0.525211268656129,-100.605092837015,-65.0886089459576,0
"263","5ddd9d0e40460ecfff653cb5",4.35902500155224,0.0658998092113146,0.363080462189553,-83.334867310832,-47.7995327384861,5
"264","5de1868db28cf71e8fd77007",8.02760911560387,0.114454482854404,0.581475506314055,-89.426462675378,-53.9038872188084,0
"265","5de25cb38fde1c290dfa32a6",4.85558760064857,0.241628299933016,0.0436574309512051,-80.1658007681008,-44.2025216682466,0
"266","5de960efa71cf402386bfe40",3.04088921682765,0.343480661933873,0.000653762318896651,-76.7113013409795,-39.7086722887766,2
"267","5deaabae61513d1d56c7e52a",4.68071111786691,0.107713780268781,0.205228543940855,-80.6792678732601,-45.0566610512559,1
"268","5dead046603cf720024181d8",4.71991305698847,0.130934146669317,0.41681166843957,-65.9414043176797,-30.4185389594025,5
"269","5dece22f8b5f8b3a80ab3f54",19.9999792664517,0.0680970149927349,0.46422428386561,-98.359528533353,-62.8423978703425,4
"270","5def763ea484415fecd02221",0.17360002525297,0.0220634384475863,0.103822410807098,-43.545662544026,-7.78271613287151,0
"271","5df77c5f69a11751a9e8c6d7",1.95371232286307,0.00956182393896943,0.44229375594097,-95.8133307428652,-60.2941308817686,5
"272","5dfa688379f2fa7b1cdf180f",8.32346894237822,0.0291165830995827,0.704891172870562,-99.1972546929657,-63.6354500751341,2
"273","5dfa781efa3d107cc08854a9",3.37864251724523e-08,1.14332323014485e-16,0.104186873432953,-96.1748897256267,-60.4127176962367,9
"274","5e0125d4c12a36d0d6b84b93",1.53707952981964,0.0723548402166844,0.151011354407388,-60.2033503830812,-24.5205490705226,1
"275","5e06174335a7a5006aa0df98",1.62103842329814,0.0903769098667129,0.121442651464515,-62.4636582669975,-26.7349375772897,19
"276","5e067f13e632e10594734ab5",4.32014608133654,0.0286272213698508,0.635830066224877,-94.581856390278,-59.0468428539178,25
"277","5e0b3cf40db89237cdbd9e31",11.8929493267506,0.183792125720019,0.0880762443724862,-96.3431450986677,-60.5434333853282,14
"278","5e0f26b63ccda26295505f0d",4.55760547104072,0.576506708939414,0.499447798442075,-75.1679953795125,-39.6521476009632,0
"279","5e0f5f8658a5c768bf461df8",5.34825910233968,0.13441490117157,0.351027562637155,-76.7086726848375,-41.1695849102093,0
"280","5e1339cd11d87998afeb8825",5.92501358628774,0.555390671981957,0.499512800918804,-79.5837792907976,-44.067931579812,0
"281","5e13a1381e2e589db94cd20b",4.43786195131598,0.388293339201614,0.0464870697816135,-73.9146420791174,-37.9663223538978,0
"282","5e14c7c3cbfadc000d032ddf",12.1929496456213,0.0762346104021926,0.874468821770708,-94.7038957110967,-58.982286888516,19
"283","5e15da8a805a30bcd2ed796d",5.17862625042513e-11,3.75690394631276e-13,0.0447251028068792,-68.5840033184973,-32.6264853150538,0
"284","5e185c397eeb87000d989683",7.32491527069175,0.941659319582473,0.500211273490537,-83.8434666675878,-48.3276191493287,1
"285","5e18c4dd21c2a7000c60f8cf",2.41870185609111,0.0454372658950742,0.859459882180103,-77.7257323283824,-42.0280300885661,7
"286","5e18ca0eba65e719f09679ba",12.2416480509651,0.611438027735835,0.500519332783601,-93.8086921799441,-58.2928444366148,3
"287","5e1ceadb86880807648d5ec0",3.93078351600124,0.0379805804879983,0.839679110407317,-91.2901523316316,-55.6195501023405,1
"288","5e21d5235f39764b9b58af17",2.57980767647479,0.0580222224949181,0.553600841275807,-71.7539440588059,-36.2352068985809,0
"289","5e222f8048ea75061f1eb5c7",3.33056481896502,0.328647053761978,0.500303164769204,-60.5291031973063,-25.0132556317748,2
"290","5e26e486fcf95e90fcc7c175",1.63885648434801,0.0189861138495897,0.409197105876528,-81.7661470662117,-46.2419153960559,23
"291","5e2c2d3a8800e72590334bdb",4.43228690382263,0.76237349643977,0.499902738751176,-77.0104358568288,-41.4945883737465,11
"292","5e2c96a6ec357b2b16b15d31",6.40549505172426,0.102810050506056,0.656358709639869,-81.5350144897249,-45.9934394183189,0
"293","5e3012c68dc3120111433304",0.00515832335328555,0.0186626288175046,0.50038843970824,-37.3076460937493,-1.79179846924124,0
"294","5e30492697a58001749fce6b",2.1650186079129,0.285169853945117,0.000582840962556598,-71.3800682220557,-34.3487495359114,0
"295","5e317e93287816155e5ac60d",3.22025582300869,0.107466879396991,0.0268056965503439,-82.3966607314375,-46.3158087536659,0
"296","5e32c95c87b8ef28e5aff6ea",2.5040664517154,0.17026746500171,0.00164590010481615,-81.6397349983638,-44.8676823339418,29
"297","5e32d8909af66c000b4d8a82",1.20109033652847,0.0359656385928948,0.629613593454302,-57.7033693427104,-22.1701310924262,0
"298","5e33190a5a41122e93c40989",1.31816227728478,0.00482096856428265,0.0704634395359668,-100.288173459097,-64.4374669680192,0
"299","5e3326095a41122f66244612",1.42176225977842,0.00672635503543219,0.847450329726619,-86.7846648729334,-51.1039439699178,0
"300","5e34a2c2f1319b4763f82289",5.51141769253242,0.138367337360876,0.0544270720403463,-88.8724381724442,-52.9614498232691,0
"301","5e360848a42bce5c5fce0b89",1.41422707149069e-08,2.07738573280043e-10,0.0367358042190318,-83.590018409929,-47.5853867851095,4
"302","5e3aa9e1764672000d62723d",1.24728783662293,0.0837668334507332,0.0603929345027341,-55.5590170502243,-19.6724490004179,0
"303","5e3b07fddc4a3431fbcc6235",2.96296200706997,0.44198682598583,0.0142068050883538,-64.6039104600404,-28.3675508553371,0
"304","5e3b0defeab8663234a735c0",3.2051453169687,0.502197698978879,0.0244026479423195,-67.8020878081611,-31.6983716855293,0
"305","5e3c595d955ce604ac669fcb",5.28651835058471,0.420753397048067,0.00068133385384671,-88.0029356466587,-51.0106268389627,14
"306","5e43e3fdb58b932646448d07",4.07172863687745,0.405518112983357,0.00500954281163181,-76.6982669672746,-40.20363489497,0
"307","5e443478b58b932c06d95bbf",1.57926495235066,0.212450940507799,0.00104992858805544,-63.9697113857988,-27.0854166002936,1
"308","5e44375e6294c22ba48ef3b7",0.000479195708899866,0.715853837639504,0.0604103131452784,-55.1718694747178,-19.2853687304907,0
"309","5e4503cbc031dd370fd4aae3",4.61788873738845,0.133130236421716,0.353081764660546,-71.6168478452478,-36.0784262147904,2
"310","5e4554f745ab32032eb5205b",5.26985862359487,0.104675566802212,0.16702934987543,-83.2891749081531,-47.6268153734029,0
"311","5e45c6a821fc4a089b895774",2.65089570650599,0.0516550793030075,0.281520591177604,-76.6181588506678,-41.0493429877104,3
"312","5e4721a7eab94f1f27d57fe0",1.5251192736588,0.258273055808136,0.0931320511122386,-59.5059800087615,-23.7188322956547,1
"313","5e47ad846c3d4425c60ccbe5",1.62639076672854,0.119725504189485,0.00045311613968569,-75.4801103197571,-38.3858826101217,0
"314","5e4c1b96d4ca7604f95231e0",3.89638153150166,0.476357909497885,0.00199822411673717,-75.4942369235868,-38.7705888758098,2
"315","5e4feb8037713502e9ed364b",5.63579080165336,0.29392147212981,0.0704734931140308,-82.0507643912926,-46.2000908632177,1
"316","5e5024d8b0c66e06d4d4c5d8",1.22010672049466,0.143490161934573,0.0194700054670389,-56.8328877021273,-20.6739782633947,0
"317","5e505e8297da520a2f046a09",1.04525226295637,0.0353082360728022,0.902027470966448,-64.1067665987796,-28.3309481005975,0
"318","5e510d0760dd0913e45370dc",2.28268141961444,0.0136607926434812,0.373012792790504,-87.6277132165608,-52.0951964070599,1
"319","5e516283779c71000b8e4493",0.123112611425739,0.0134203739456857,0.0169916362145828,-47.6697330929034,-11.477416286108,1
"320","5e54041653ecf1405f8b228c",2.18543011365799e-09,1.17581868630673e-11,0.0447709875777727,-73.4541112913374,-37.4968376300647,0
"321","5e58333d4b439f04b1069026",3.31326433007206,0.29167308705416,0.500330201460738,-59.4519055534417,-23.9360579707861,0
"322","5e59a78652cf771b84dc6da7",4.33055909126933,0.163151456643933,0.515008360491322,-71.4895512857339,-35.9734784596898,4
"323","5e5a5cff514eb6000d5c5354",5.48578294032428,0.331658196701976,0.500608336408555,-73.3482868608668,-37.8324390171707,1
"324","5e5ad8d315b8d42db10b84ce",8.54393652931567,0.339996805164852,0.49934394141969,-87.0472546938555,-51.5314067898196,21
"325","5e5bb20d6551fe38c99ede03",2.73544778170374,0.342127263111833,0.0119462032291228,-67.1658680108333,-30.8867541512295,4
"326","5e5fc346cf3e300453d01cde",5.60708564092854,0.120690074523344,0.125242476326921,-84.0614201327363,-48.3393182101692,0
"327","5e662ebd5c28e1000c543cab",1.63118812796027,0.272301662218,0.00829627645487523,-54.7783250988381,-18.40898137379,1
"328","5e6684fbad227705baafcd27",2.65481219186121,0.145102075532338,0.184241077365104,-63.9966566237226,-28.3535960950087,0
"329","5e67d165cbb37e037909c20f",7.92033710402889,0.0747724286679964,0.654095552604228,-93.0832623639627,-57.5424648458805,0
"330","5e68e37d1f156a187d75e7b8",1.67271674223594,0.0138189868531917,0.727069102668618,-87.7361753793305,-52.1625838976582,3
"331","5e6a53649dae0e000cbe6857",0.774259219324001,0.117640547665827,0.033634425664243,-53.8951472987444,-17.8692688558497,13
"332","5e6e37cf6c47283eaa39ceeb",1.83678539137532e-09,2.0822502233463e-12,0.192681693334281,-73.4766414700345,-37.8421793453512,0
"333","5e6e5193add3930009257bb0",2.58084959446333,0.395765265983882,0.00218429868752868,-60.3718420319015,-23.6704063594316,0
"334","5e6ec0b3b0939647aa5cfd10",3.4664560881794,0.0667701545357429,0.0384858676397736,-92.5130332454023,-56.519581813263,0
"335","5e70af30559b240008daeae3",4.39477263106681,0.0237451294456814,0.836105199542051,-95.720191823515,-60.054035101511,0
"336","5e70dca90e26b505a29430ba",7.29732600621142,0.00891183709806821,0.485470750798936,-100.816527577837,-65.300468915956,1
"337","5e7119565b050e0255fc4577",6.53292016563985,0.0178850994904795,0.66505558453606,-99.0598890781988,-63.5151963596154,1
"338","5e713a14dcb6a904c303ade8",19.5568151440071,0.0625119538694016,0.795588017493833,-100.172039623615,-64.5486928421154,19
"339","5e722d54811ec3046b5defbd",2.27792571882586,0.00799845445089467,0.76090595461959,-96.4102029987655,-60.8148931606214,9
"340","5e7257649b289e07c047155f",6.34219839546381,0.157344803376892,0.311017076711973,-82.9729512652265,-47.4185658188034,7
"341","5e7412a64f333138fb44c599",1.19000484045544,0.172188566492388,0.0168954745925954,-58.177338640593,-21.9836274322714,0
"342","5e7772003da1362dc44fdea9",0.254849814913809,0.744187257037065,2.55890611548079e-05,-46.7645371193892,-8.95192043959014,6
"343","5e77733a2e31442cbf638265",0.000390691256275308,2.54359999381528e-05,0.138600921076509,-56.3037511910812,-20.6031388271596,0
"344","5e7921fcbd76c94d6b4fac57",1.26949305583626,0.0221521448045666,0.0744286306665268,-80.9086465262372,-45.0705579864021,0
"345","5e7c7bf3ca18002bd9cf6eca",1.49338424976737,0.105025743400539,0.120918333595441,-53.5279715262223,-17.7983183010001,2
"346","5e7c94cc23469b0172ccdb3f",19.9999934638584,0.238877546197602,0.500450338297595,-99.3340673318505,-63.8182196554232,0
"347","5e804dbf2962d37261e58004",6.04257449434888,0.435272061947625,0.499762790776463,-81.4926214447515,-45.9767739148607,12
"348","5e808eb795fdc17626bcc164",9.47105157624902,0.231088269577978,0.0680789083340351,-95.71252818468,-59.8538555604956,0
"349","5e8237491699ef955427c59a",6.37972051758984,0.0937562622306307,0.217616940812813,-92.98012133423,-57.3682400191637,0
"350","5e83b9e3e3a9da1163fdd0dc",4.22965444491425,0.355840023640815,0.00154060792791597,-89.7275075343382,-52.9389536565079,5
"351","5e850a7b45c5ca0ec7b99507",2.14322193131353e-10,6.44086941217977e-18,0.0450925887074261,-70.0125952900041,-34.0570268389322,16
"352","5e870beea13e700009960abe",6.65885597544424,0.291714734199909,0.0528948773314027,-86.7015919542795,-50.7838695790336,0
"353","5e87c4c242701c45712423d9",6.80612345777218,0.324320360624797,0.0589645255905412,-83.3950737160488,-47.5029014030655,0
"354","5e87ef6eec9b3347e5eae408",1.70303920717497,0.293269638757458,0.00130977016176363,-59.9570594217285,-23.1279819796714,0
"355","5e89f8a5141e8b69bf1ee867",4.10607823471388e-09,1.26351077975114e-11,0.063866861472814,-75.6030883371543,-39.7295763981814,0
"356","5e8b2835da38297d4e63e3cc",2.8317511039916,0.0339052454180222,0.667220118004508,-78.1046000972557,-42.5590988893868,2
"357","5e8b765e88065404c4d50fe2",0.696502598504426,0.0120286711627456,0.553268191241883,-63.8092379019381,-28.2905367024112,0
"358","5e8cb846e94a4406307d6da2",1.42474639490501,0.198781449382017,0.000311083647135915,-67.3145972639389,-30.1263834175611,4
"359","5e8d2e6df549ba100a770cba",5.08643520856262,0.169881346671131,0.510315364533196,-78.5940997444892,-43.0781458414699,1
"360","5e8d804740aaf4000a51d9e9",9.55296821317778,0.54974631838698,0.500276631944736,-90.2130582907598,-54.697210740612,0
"361","5e8e053e16b8100a136c871a",11.127450276909,0.0633391721826632,0.532328377385805,-98.6379914935339,-63.1210967052511,0
"362","5e8f4b597ec957073a4ea143",1.31280280496717,0.0337046094597579,0.30786613568542,-67.6368827933053,-32.081092382109,0
"363","5e8f8c171bd6f70ea39197d9",3.42658172627682,0.268720539138374,0.500718438106691,-65.9054801669801,-30.3896321772036,5
"364","5e90c561bdeaf60737085250",1.25686220744635,0.0104989647684333,0.0654692932821005,-90.3786373861967,-54.5108922916634,4
"365","5e91c2c8cc3d6c4f2e8e8c30",2.26481256967583,0.0290843848117519,0.617922464208355,-73.8574443656501,-38.3272894799233,0
"366","5e93f6b64d246b73073c3ba1",6.21148385000849,0.178519175632416,0.0843980085448367,-85.8053462042164,-49.9959760736294,0
"367","5e96df278f41320009c08d70",0.222480223560695,0.181807611796922,0.298641908686258,-51.6371352188654,-16.0770496489608,0
"368","5e97f51d048d682c884ae09b",5.48511062543156,0.0830859884285584,0.102641664946328,-88.9058877115939,-53.1404109900981,0
"369","5e998401c38a2e1b542531e2",3.33327533936963,0.222887472438931,0.0156048516186586,-70.2486189115384,-34.0353697029802,0
"370","5e99ad97cdf86a000855cea7",3.64020375731022,0.45812608992426,0.0255506962614429,-64.2791524956962,-28.186635238354,13
"371","5e9eb7feae5c8e27ada35b9e",0.800076066189759,0.0197288129473982,0.10478169810075,-63.898280354458,-28.1373655119899,9
"372","5e9ec50dee2ccf0009319b7c",4.36997814536014,0.551656530740768,0.500182927546436,-81.8456977235908,-46.3298502165057,1
"373","5e9eca0cd09bbd0008c315bc",1.67401196373656e-08,1.66447125451843e-10,0.115796125946499,-84.2058563092944,-48.4668344796334,0
"374","5e9f383061281c0c4c598dc9",9.48023461287137,0.144793305764009,0.0811082281855553,-96.863668674661,-61.0452553421616,5
"375","5e9ffcf4db51941ad78e04f3",4.61906578798639,0.593766913436755,0.500388538037386,-70.1713364723106,-34.6554888477261,0
"376","5ea01b4b2d7b4d0243d93f78",7.43232555423452,0.0177803812395308,0.560203491706033,-99.3961967954587,-63.8766983312637,1
"377","5ea03ed29cb1f00672af3eda",1.49266988217879,0.0131022614901956,0.0939373150042582,-92.9380535696683,-57.1528360944718,1
"378","5ea04f7f43bc6507508c9aba",2.93963160690637,0.291783023419684,0.00925444533407552,-79.5576733378477,-43.2154122545051,0
"379","5ea0516dee594a000932857a",3.62183680654559,0.412845505964388,0.500243641099228,-77.5226216471214,-42.0067741141378,0
"380","5ea0619b737ba601d76cc9ff",8.06953571223833,0.488054747610511,0.499293839494484,-87.7514349754235,-52.2355870031378,2
"381","5ea06914c2b73202ae7a3f29",7.41700309551817,0.237197642743469,0.499589554644286,-85.0873473812032,-49.5714997391151,1
"382","5ea0a23a2c66d008a96313a8",1.70559369283988,0.402523889298521,0.00139629332290173,-63.6751574405616,-26.8620506949514,8
"383","5ea14bf64f71e2000acbc618",5.70366641128742,0.138867987814429,0.0682871607015899,-86.1050899898331,-50.2471250719751,0
"384","5ea15f2e173fb7000932a6ff",4.02125851586243,0.134818854325249,0.371230822780517,-70.7922564056097,-35.2592519463933,2
"385","5ea16f92a2f503017ada93dc",3.73238194699811,0.414721996172602,0.000484154265841008,-80.4512082762408,-43.3735365822828,9
"386","5ea1950819664f04542a50bf",1.15511986360897,0.0445386604498187,0.343467314523007,-59.8063481396445,-24.2647127250323,0
"387","5ea19c748809ad05af2d33d1",6.88678780243322,0.451965970289614,0.00901826019250616,-88.4201303888085,-52.0714657510471,0
"388","5ea31e2cfe333e274552c8d6",9.03182167304842,0.0954465920380691,0.698415691247673,-90.8852286638636,-55.326543160978,0
"389","5ea343dd9b066613c3804f6e",4.67452376138806,0.101632697993903,0.35590808094092,-73.9861116740435,-38.4485886375313,4
"390","5ea350945df820104602e2d0",5.2685490275845,0.149336392943538,0.253418641629135,-75.9689404416926,-40.3834257760268,13
"391","5ea35c4c1d36a81597d48873",1.87161910584584e-05,8.7350333831656e-07,0.000751637280934757,-90.0949779438947,-53.1272019081866,0
"392","5ea4864445b9ce057f270e90",8.18261111883119,0.0956811828257919,0.525886704776723,-89.3919009502456,-53.8753824554051,17
"393","5ea4886d2da60f057634cabc",1.19652332029664,0.000302874881920001,0.506492078241548,-101.377644858411,-65.8617552341555,17
"394","5ea4a9cac3872a06b560229f",6.5488251659025,0.344089607124675,0.499955410187875,-81.2253353660603,-45.7094878904495,8
"395","5ea5cf998366db5d39a2dcb0",0.000278737183359454,1.44292285950847e-06,0.618621233916751,-97.4627506157334,-61.9324206437562,2
"396","5ea611dda778214a5e89fbf2",2.7217810304645,0.00407277220331365,0.497512000009161,-98.8338566595827,-63.3180029957395,21
"397","5ea69195ed92c0000a285a1d",1.93206257051103,0.0531587462526703,0.206107574674217,-66.4254109116261,-30.8035959406013,8
"398","5ea721158bfde70ca3b31580",2.38665935433718,0.0829898571109122,0.292927207429776,-57.5250597821092,-21.9621726992078,2
"399","5ea824f580b9ef228f589930",0.735255880497733,0.235076884909359,0.500625600536948,-52.6891334980292,-17.1732856330302,1
"400","5ea85f0ccbdc9b0aaa815e39",4.008071937317,0.887392726520858,0.499764344426884,-73.4889156111677,-37.9730680820115,1
"401","5ea889bc80b9ef2d0e1fda83",8.38475926739414,0.318192041305065,0.499779761963081,-87.7931839823595,-52.2773364602321,0
"402","5ea96eb7083ea5057fd3003c",1.78705512154024,0.0855142722187854,0.803717477997389,-57.2807571162625,-21.6498063114396,4
"403","5ea97f82f47d1e074f75a5b2",6.00285085254223,0.243719312182623,0.0340603553671472,-86.8731504126455,-50.8503077551437,3
"404","5ea9d6ef7223d915f9157284",4.46467214444876,0.508696420636852,0.500333546179795,-74.3469169994862,-38.8310694146105,0
"405","5eaa8fa180e800012e13e9b8",1.61019274845689,0.299484802341127,0.00189750935922378,-54.9857139797023,-18.2491619893047,2
"406","5eaaa1f09980ee025a0e1f12",19.8069241193926,0.0949210262858675,0.409704128982287,-98.3234505238782,-62.7993137885616,1
"407","5eaabd69a768fc01c972b6ea",0.705064903139825,0.104056388113357,0.0270440904259818,-48.4134218601363,-12.3347221573382,0
"408","5eab1f263437620e2c6909eb",1.62889364100102,0.0716240554378464,0.0488852134796702,-76.4781746127467,-40.5418005209253,8
"409","5eab3a9bfec73d10dc9291f7",3.92437813412437,0.0621879439202324,0.109702436750916,-88.6733618682939,-52.9225421773282,0
"410","5eac2efe4efbe80621541711",6.91681873737164,0.059233797935659,0.268869702003249,-95.7130405131523,-60.137093633614,0
"411","5eac70db94edd22d57fa00c4",3.11384658216846,0.135417039067625,0.348099982901599,-68.3525584906692,-32.8125022047998,2
"412","5ead4a2f13f83a3cf7f69d13",2.18156322621755,0.209301151740482,0.00436809876279059,-67.5515175696243,-31.0227924120204,0
"413","5eb1ad7d6e2f922d409a33f4",1.64196409476666,0.0756382613840727,0.0593049305532494,-63.8461421484007,-27.9553184970841,16
"414","5eb2796f11e9d21ccfc58b17",3.29730524303855,0.352332609845614,0.0822581617262393,-66.8298737290735,-31.0146668923855,0
"415","5eb2ced773246705b92e0774",7.03627652935146,0.231073318022877,0.499052411797788,-82.1954759381428,-46.6796275665952,0
"416","5eb2e35ef11f47099b68d077",2.70730841373175,0.591766134504881,0.0019520510828394,-65.3189854471884,-28.5895044186798,7
"417","5eb2e570f2dbc909af1e16f7",0.175507420459097,0.0336578699156272,0.0714271430671388,-42.2856863894331,-6.43811656589179,0
"418","5eb415e40b324a222db46f01",0.518066720453028,0.124807905404739,0.00360312543586829,-49.4737269891383,-12.8970622893295,0
"419","5eb4564d7b27a029949eaf25",4.18168544514755,0.0834302294862387,0.181725430212584,-86.5087287060818,-50.8630008989778,22
"420","5eb66b661cf74d55c169abec",8.57927950982761,0.118672427167861,0.50789110579262,-90.2964153267474,-54.7805055758179,0
"421","5eb68960ff9bef0113d27eb6",1.49078759194338e-07,9.9371007793525e-09,0.0412540130184592,-45.7799612861883,-9.8031534034396,33
"422","5eb70f4db9918d630f1beefd",4.26387888112501,0.275100031609546,0.0153183797792581,-86.0185699252653,-49.8007613426581,0
"423","5eb741079eb7cb65f0f82a91",8.0378484352708,0.146964187385273,0.271037624504536,-86.5623117932449,-50.9876302120643,3
"424","5eb83d26efe062062ae82412",4.53234269785649,0.13373774393052,0.0494074818646553,-82.0393860483469,-46.1055313657504,2
"425","5eb8c16a3a7a17837b2d1828",1.52206522162011,0.120211142788314,0.446244216848459,-58.3397257092346,-22.8209717210224,0
"426","5eb9199609a0310174592940",1.91167998335284e-10,1.70523327342389e-12,0.356470890447665,-67.7727352431574,-32.2353886815986,5
"427","5eb9423c28bc6300099852af",0.177961992239187,0.0500255504800373,0.0108813085808592,-43.7312670132113,-7.42908070141249,0
"428","5eb9697b651aca0436adfe9d",1.75532152997177,0.216621605080864,0.0320454386618816,-56.8665147769006,-20.828948253868,0
"429","5eba076ccf8a3114d759fdd0",4.41072144476345,0.771355596589852,0.499776766996341,-73.862403720768,-38.3465561973124,1
"430","5eba5cf82cbf431a3276c90b",3.91417549505455,0.120792959484344,0.153309878040393,-75.878635227966,-40.198932703601,1
"431","5eba9c85d1130507bd1a6219",2.21070371099677,0.0161288057453205,0.0690180138584711,-94.427989827243,-58.5724901716823,0
"432","5ebaec011a7d64080694fe74",5.09460738455132,0.36396641707344,0.000725814226400743,-84.0221379526581,-47.0456284342801,0
"433","5ebd3dae8c3ef3000b5b1b2d",4.9470890599965,0.091105312066185,0.605188780326631,-75.388821111822,-39.8616566311726,11
"434","5ebd9047a4e2fc0ab05b2e40",2.14264607846805,0.288988563651271,0.0846610680744371,-53.5414582942357,-17.73279433769,0
"435","5ebde7d4e24d0b12e9d60d7d",7.6903787981209,0.246449939044848,0.0952480348035202,-88.6115552329498,-52.8294400142009,11
"436","5ebe945956bdfc202ececb1b",7.62887420593815,0.260354965151994,0.19626322158815,-86.8605186544013,-51.2295492693384,3
"437","5ebfa2c519a604383366f3e8",1.55377030936915,0.028533968118227,0.850520387838889,-68.4590885557517,-32.7741891312098,21
"438","5ec2683e7bf5d7035f84ddf8",5.30371822218428,0.0801077591162653,0.736368640278895,-79.5996021705355,-44.0205213041787,0
"439","5ec28a6332a7510637436a57",4.93752063750594,0.0846719456125956,0.706535744502754,-76.9698168174197,-41.4071977044385,0
"440","5ec2eb1fdb44d61155191d85",2.62621010926051,0.499003267521581,0.0127795915743586,-65.3412487671936,-29.0787829484171,2
"441","5ec57069f264da556b3f1cfa",0.477140164812881,0.00282565284484406,0.66567263779552,-82.0072414136859,-46.462319554398,9
"442","5ec6563b04e80f030b94e03c",0.651087085550985,0.953647230970892,0.49990767104114,-52.6887718427087,-17.1729243605614,1
"443","5ec681f642084e07c117dcba",4.39060367892986,0.52993768597256,0.0109235567181707,-76.0454505891283,-39.7442223778506,11
"444","5ec875255c6a2700081554ac",1.94731251744228,0.0192427356139007,0.921648733359684,-88.0165866255979,-52.190276678447,3
"445","5ec92a99d799ae417aa9c71c",3.49785848481871,0.428403050241871,0.00721063620840162,-70.1273449619216,-33.7232123659917,1
"446","5ec93926ce905a051f5704f3",3.52448455832758,0.0351569331366357,0.411672496546383,-86.1984656260619,-50.674692076591,0
"447","5ec96c05d06880489cae0e85",7.81408104266104,0.104569478255747,0.101989678998442,-93.6825712525958,-57.9156830256199,11
"448","5ec9adfa68f3910f2f3b0fde",0.701427750507352,0.0133244048988935,0.0783804030950412,-85.6333469542992,-49.8071220537923,0
"449","5ecbe220d068807a5425c4de",0.13332048933371,0.0108297965592134,0.035347157052495,-47.8444259827659,-11.8305210235918,3
"450","5ece6c76c501a121bb6add41",7.3486299014992,0.653990989206189,0.499861277244631,-85.7937667707991,-50.2779192779324,7
"451","5ece8a3c088813259ffc1e0f",5.5566861205789,0.318184455746015,0.50002579464269,-79.0001754960956,-43.4843280218076,24
"452","5eceba5be22abb2ca0077349",1.45244991886881,0.143914115512188,0.0308533944648302,-56.9419297799205,-20.8951939250173,0
"453","5ecfd28bb14b1c05751f178c",17.5935049288895,0.0679616095756126,0.656045313041359,-99.2736715889793,-63.7322050126597,29
"454","5ecfd2be11216004c17c6b26",5.75049044826536,0.262492569155898,0.000762680770035999,-92.1298509072654,-55.1657185304522,0
"455","5ed0c66875039f000b4e3897",0.788369735545744,0.399575549707327,0.00659846477501225,-48.4555319351553,-12.0293734023778,0
"456","5ed0d82c81c0bd1bccc8ceea",4.33729003305871e-05,0.959576339570098,0.500600136807498,-51.628044784415,-16.1121969506279,0
"457","5ed14d3bc71f86079de10d13",3.29785942693639,0.0705926338846487,0.262674833814786,-76.6227096950234,-41.0430446449948,0
"458","5ed2b2478e4b7b10b7f4a529",8.93949595498228,0.102584099996337,0.662459461240901,-89.2980702193469,-53.7543299423506,0
"459","5ed358aab6ee6f2e2885eddf",6.5446510912386,0.0718771395247695,0.568819004617524,-88.7328894281647,-53.2122604639662,3
"460","5ed38829fff60d32fb95a117",1.38597944961495,0.131997597862497,0.00933726591416325,-60.3818407922336,-24.0417861764604,4
"461","5ed3f7a0f387a109b6580537",13.1195684650038,0.0188700122354678,0.580210174834929,-100.774317771948,-65.2519523936291,0
"462","5ed43096f615650c8fb1b1ea",5.21649723194697,0.0945849476806101,0.354896345277838,-80.6317306905638,-45.0938883603767,0
"463","5ed4fa5969acac03603380a0",0.607615083810751,0.02804705295314,0.0751964884262315,-55.8762272203697,-20.0404971546444,1
"464","5ed507ce0760de048fc356bd",9.49727381024037,0.0581741564339176,0.854568749374746,-96.4249158372352,-60.7343394208133,12
"465","5ed6a937eb466b1029493c39",12.8678953109196,0.108290184429001,0.471660738131524,-95.7825896617182,-60.2659377815796,25
"466","5ed7578ef05e671db283844e",2.56372601325852,0.209351560684905,0.00627673647861805,-86.1318512663506,-49.6932769778593,0
"467","5ed8e10357f9623ee2f603e7",5.7001725246534,0.182311376917455,0.0344344687142998,-91.3050109205251,-55.2848024058639,5
"468","5ed8f853923c0941e1238299",6.94112464265765,0.507454029468972,0.500627876835726,-87.1925806309442,-51.6767327630919,0
"469","5ed90e1ff2a1840a177877d3",0.550185875756715,0.569048026099013,0.50010650721717,-52.6882481309138,-17.1724006459475,0
"470","5ed97291fac0cc510c9bb3f2",7.29063633100957,0.0121039370463378,0.522259265533496,-100.627790708013,-65.111447267848,0
"471","5eda9f7c460b766ded73bdb7",6.00992139115822,0.235048412235638,0.0496343307461265,-84.5853035152247,-48.6525343853864,12
"472","5edb6534fd7ffe7e4b7d065a",3.57121941399613,0.0759533880319689,0.211174411255349,-75.1882784897149,-39.5709343740105,3
"473","5edbf6a29a8d508920c14f6c",1.62225413746928,0.0558145131481084,0.5135542561787,-58.787718492439,-23.2716872334182,0
"474","5edcfb851ba1889e083e218e",7.2961122083995,0.230265781191365,0.134321343152734,-86.6424001295227,-50.9351858032069,8
"475","5edd630ac419bf0ed18c99b5",0.00657912398199849,0.00262872803407705,0.0211598571167555,-37.3088789679448,-1.17034599449193,0
"476","5ede3fcf6b821907836e01fc",6.16842406027402,0.0329403203854845,0.58398315628654,-98.5596879374312,-63.0366858869912,1
"477","5ede976d873bba121db3fe20",0.631795281541612,0.241131280817231,0.500217182330168,-51.5901451630581,-16.0742976422673,1
"478","5edf50e72ef80a1fe0267aeb",0.841181046745418,0.0176318259422443,0.435567318361899,-67.6246425125848,-32.1046086109832,0
"479","5ee107a76411e40e242da7f1",3.9646398566286,0.160047662437224,0.0461861208624941,-76.5419561508563,-40.592091601996,0
"480","5ee131f793ab7b12e4b525fb",3.30769493783348,0.188237627779237,0.0528662620512634,-68.9103784501235,-32.9925283455313,1
"481","5ee21a32d4c762283a96e624",4.21725832002117,3.44741231784593e-09,0.500506008797007,-101.432586036804,-65.9167383071359,2
"482","5ee27217fd7c7c72eb755cbe",4.42001325502025,1.75351219702495e-09,0.501316226043623,-101.43258663039,-65.9167374243106,0
"483","5ee277d2e7dae975727d3985",7.10765854897812,0.118329711284456,0.252952068450159,-85.3643181775859,-49.7784989963726,0
"484","5ee40191f8b4750f5e7a5474",6.83329062920075,0.173348571525193,0.225833186929458,-83.7713148226866,-48.1660592965864,1
"485","5ee531ca5f4c6f0be142ded4",1.53032157752746,0.0503348259531105,0.949601356122716,-57.1630044102421,-21.2338545221364,5
"486","5ee53fa05b6d910eb9ea2df8",3.58063952450128,0.092931807655569,0.0402048963810674,-86.0858435717539,-50.1028692030911,8
"487","5ee64d0bf796cb3b252a8c99",1.66286931717444,0.586473364389653,0.00117837859623226,-50.6039992034608,-13.7485265876618,0
"488","5ee655f6137975087129de08",3.98908241544843,0.117060044078568,0.260741883968095,-67.2679462462087,-31.6870892496463,3
"489","5ee7a8ab87d5560568bc2dca",5.31011231090184,0.072787936448834,0.0896033958470513,-94.5626037938533,-58.7667706591811,1
"490","5ee7c7df09973e09bb653014",0.821816810637237,0.0136140256953254,0.440174456568874,-66.8252571405948,-31.3058047042958,24
"491","5ee7ccc7e257390912a8101e",16.2231463949212,0.0595927631299557,0.6660185944809,-99.8198859437323,-64.2748351481786,17
"492","5ee8e3de1c649a215bae3e59",5.44090021880718,0.0658229165514074,0.337171602135913,-89.5656528437951,-54.0217783549204,2
"493","5ee91ec1ef56832aa7947169",0.0348998021359723,0.909056419512194,0.00361822160178197,-60.344939359057,-23.7693161188941,1
"494","5ee9e9c1496265000a792544",4.38875516786756,0.125307846217131,0.111111484510341,-78.6508711522713,-42.9028461008088,9
"495","5eea8c81e1959f14a3999921",0.914106943472896,0.00309544059951308,0.176510836606269,-94.6625391799629,-59.0111208226333,5
"496","5eeb621a7c83c62d2473afb1",2.83858474634281,0.0779798808012014,0.801666864729375,-66.6715660944201,-31.0425748863806,3
"497","5eeb6f6cff37eb08003590e8",0.882503940632333,0.0178035334340368,0.41629706814275,-69.5911998567741,-34.068246155591,0
"498","5eec977365b56a02f54f7bcd",3.1948784614499,0.0303751950954365,0.123729409635632,-91.3868246255822,-55.6621160870413,3
"499","5eecdb2f8343cb0aa4ed34c6",19.9999481553352,0.0577321507638057,0.501761429874659,-99.9906214940317,-64.4747709177547,20
"500","5eed184c2c93d51212cf04e2",1.46161063212865e-08,7.18825221197014e-16,0.0437567964773855,-94.7668651867331,-58.8041284705197,3
"501","5eee89a6c00bfb337a3c54a8",5.06532850967059,0.692977007582877,0.49957852795978,-72.2639490846212,-36.7481014333599,1
"502","5ef0c9b95817dc145532fcee",10.5492489463421,0.119329925877211,0.0659052724864451,-97.6257240711253,-61.7595216233157,14
"503","5ef1bb10c673fd7d2d14e439",4.22770199668956,3.76601048306303e-09,0.500228052398638,-101.432585374825,-65.916737849195,0
"504","5ef22304270c550357f4dd5d",0.907323571305099,0.00669925365166151,0.904952556146008,-82.6053885715914,-46.8228017222838,5
"505","5ef241253eb63511d02451e6",5.33278061115026,0.400894520731804,0.499875585581996,-75.6341028772908,-40.1182553881892,1
"506","5ef329d8cfbdc00379011819",2.75115977984458,0.157530244448726,0.298077678187535,-65.3705478519445,-29.8101905448136,5
"507","5ef360348e5e520a532e67c8",4.31027344682783,0.657245781523814,0.499676875955909,-61.3896374069858,-25.873789828954,6
"508","5ef4ba6145dfc00b3f7224a6",4.22608420473832,0.131789853928574,0.0520533104321537,-83.2325308791917,-47.3110210213783,0
"509","5ef52a87f04c781600ae4114",4.64979475216207,0.0606309740702659,0.162945028489003,-90.7397666977025,-55.0724408350088,11
"510","5ef5cef8548fce031f1ceca4",0.22843263234097,0.132648813998371,0.0143954342095453,-40.3042762858932,-4.07116634125714,0
"511","5ef5d41822b3c903597a9309",5.32196341072812,4.72688320981205e-09,0.229782782293232,-101.518937379514,-65.9167376101416,2
"512","5ef71356f4d5414121333bac",4.21263282894666,0.286956988335644,0.0620726334929518,-76.7907434121226,-40.9105863190131,1
"513","5ef722c333956242acf17935",16.3475218968229,0.481193363767846,0.500262768935441,-97.5743762660431,-62.058528723373,9
"514","5ef7ad0882b7740c33fe20cc",2.59288562550604,0.107854799660301,0.438622606010209,-60.9845619421773,-25.4649186123076,0
"515","5ef8eeb63f6343097030fd37",3.73325572793723,0.273529796368587,0.0416709222332114,-73.4698207228935,-37.4954179003044,15
"516","5ef91678cd20bc6a46a34d6e",4.5318747189966,6.0638256871191e-09,0.499683578390855,-101.432585404746,-65.9167378310008,22
"517","5ef92a8979cf2c6b9ca11f99",0.00014387780007428,3.12950490214293e-06,0.000505748065702736,-93.3615642950256,-56.2947959660493,0
"518","5ef9ae64e14ff874891401b6",7.6376016357555,0.077723756125694,0.0764186797334823,-97.2301591457515,-61.3981291273617,1
"519","5ef9be1c61ecb401ef5be7b4",1.0073682560263,0.158978485412103,0.00336467111307762,-56.5055951667703,-19.9118724327826,22
"520","5ef9eeaccb96bd7aee3120ec",13.0689494540808,0.161812348700333,0.25127545918696,-96.5689144889881,-60.9819931988883,0
"521","5efa02a5f512b17ea54f360a",3.85815679067207,0.0116311087506696,0.531745733631752,-98.6153879536192,-63.0985306516294,0
"522","5efa2a8948fdb90f5ba612c7",0.000200048314588426,0.605610757266834,0.500253787642897,-53.4338742261086,-17.9180266880779,2
"523","5efae8f0156229941fcf363e",4.41988149200989,0.202665921650226,0.0217501918542072,-81.0484315185608,-44.9166269065645,2
"524","5efb14b20602b4024585eec6",1.92097979220664,0.0244697286218051,0.724335749736221,-78.7663780953037,-43.1943362395369,0
"525","5efb934059dba21145bee143",6.98183861783427,0.0343986619386689,0.665228536662558,-98.2729667668089,-62.7282099304252,0
"526","5efc9f18c573ed060f50cd68",1.04009049727101,0.0307553378245128,0.665737294659833,-64.4180278502472,-28.8730819191659,0
"527","5efcbb97df2a840990b0da94",2.21812998008433,0.406366117692027,0.00167785685992218,-72.5106293471269,-35.7433761526358,7
"528","5efd048628bf7f13e1c89fe5",3.76690717598021,0.292396184585505,0.0376054647389387,-70.0842645225754,-34.0852564660018,0
"529","5efd138927b6ba154b29d7e0",0.000487176616720798,1.07351466920116e-06,0.71454125492101,-93.3580729705937,-57.7913560110917,5
"530","5efd3f336893231898d7baf4",3.80214088340036,0.137372669680468,0.0502635223854723,-83.2945865685812,-47.364801087514,1
"531","5efdb59031628202f67defe6",5.98716720549704,0.0724826576249526,0.717242109359046,-83.8969750564562,-48.328824652358,2
"532","5efe04e9e399372b1b7ca8c0",2.14206844477952,0.030518844085826,0.850292660697196,-76.258672755559,-40.5740869611977,0
"533","5efe1017a220682cb76fd5f0",0.836742115365158,0.00779644317851311,0.882632449007295,-70.14538444979,-34.4092877603565,13
"534","5efe4cb9c5fa3134b8ca9fbb",7.31577112458732,0.453167687698294,0.0152074060786981,-90.8000256323034,-54.580427510885,0
"535","5eff17d115ba87434ab3829b",1.1173624442834,0.0134978295690065,0.081560654536263,-89.7210720952231,-53.9039262816015,3
"536","5eff423e0edf450b7e5e90ea",0.745301394632169,0.00644614739954929,0.84585099669787,-69.9242630616061,-34.2456772652235,0
"537","5eff7df90aede705593e92d7",1.53309817698715,0.041683708058898,0.088441103016924,-71.8498980534165,-36.051119789412,0
"538","5f00350508190111df898b16",3.35634242046061,0.512903771234417,0.00090665029585605,-73.335261159133,-36.4143220745158,0
"539","5f01c985f119a1317aa68d30",8.43520510611229,0.0835143741616141,0.0878341815827939,-95.5605747412966,-59.7602413506486,0
"540","5f022bbeaaa45a0d1377a965",0.953503323297835,0.186877537944303,0.000389654243955773,-64.2996020841553,-27.1676680767626,1
"541","5f03183c2e1a9e4bcee3177d",0.761722379307256,0.256365424464747,0.499733456453407,-55.9853348550226,-20.4694873103545,0
"542","5f034e4e4e80ca2344b11ae1",6.27787731284947,0.0853271843564878,0.46970302744273,-83.7683733232851,-48.2516062538754,8
"543","5f04348a0f815501257f51f2",2.79359923467259,0.440176826769271,0.00150156325425524,-76.5304017648976,-39.7354400726094,9
"544","5f0487b0cde3b70a5ec02b22",2.35303562281445,0.584644796448345,0.00189188817965211,-57.763309540876,-21.0260172595775,1
"545","5f05ebf3f060ae0d5e6a3c8e",6.91487368194704,0.0471242658014383,0.822529824751011,-96.4505741574571,-60.8002194624006,31
"546","5f070c04c2cb9f29c87ca982",1.50424697932168,0.0456028415207764,0.229707152170743,-60.4702526332992,-24.8679951131201,2
"547","5f07601a8515d13515268f96",7.23070018639906,0.659030081976046,0.499348427429274,-84.6256149458383,-49.1097670476685,7
"548","5f086d2cb09ff006bde079f5",0.450618675847002,0.104274490836007,0.031843283304376,-45.8532278438199,-9.81413143251151,0
"549","5f0898d879ce1f0c6ffae5e4",1.88837361786674,0.122722281310064,0.132034780990189,-56.6894698804244,-20.9786226135458,0
"550","5f0c40ce134b8f062eda439f",1.00210145202483,0.388096826101189,0.00364418859541926,-47.4209871678239,-10.8471451868073,0
"551","5f0c5f689c6dab0745d30097",4.96264959535606,0.549571495220774,0.499599340256167,-77.5263589743413,-42.0105113401905,0
"552","5f0d75595c3a52000819b39c",2.72775156769996,0.264263466235244,0.0274592257615461,-65.7491428785884,-29.6741449074189,0
"553","5f0da340554d3d01c4aa512a",3.83989857874154,0.175264821128106,0.0428999764885576,-78.5303295921646,-42.5628728647431,2
"554","5f0dc15ace21a50008f6c7a7",2.48526019414437,0.21140145569218,0.00426566620601439,-74.7443586719078,-38.2097268642399,16
"555","5f0e293207ba641591b3a0d6",3.30985398691762,0.0664210037286947,0.429823325441062,-73.0990547889873,-37.5782333964932,21
"556","5f0ea9746afc8c073073cc94",1.43670298943155,0.0167967338468157,0.0702456734206428,-88.8289784271522,-52.9775566803885,3
"557","5f10282c5c490e276c9a75e7",19.999930941721,0.0368724761674215,0.686038623703852,-100.186004507766,-64.6329039603901,0
"558","5f103e2a914f5e000826e6f1",2.79388663861622,0.129109025648722,0.0171473629048231,-85.6081286829009,-49.4180530582714,0
"559","5f104232adba66000a8eddfb",3.38120357689515,0.489651882653718,0.00962375468357806,-66.9417762684288,-30.6092045968407,0
"560","5f10620fbc10dd02e56ce013",4.40102905395838,0.174824503249671,0.168070368572353,-73.7230812969324,-38.0619624270709,5
"561","5f107507408f603232383b27",2.93792614701122,0.473638463500298,0.00996150299190443,-71.1808839324062,-34.8568503573857,0
"562","5f10d3f1be1cf9403317378c",4.25938014478055,1.73463011384564e-09,0.501028858195028,-101.432585998317,-65.9167374661431,5
"563","5f12e48a0e816727e429bc3d",13.0915138510096,0.151568851450298,0.105429032023146,-97.282384730683,-61.5228287784174,6
"564","5f155e9d426b2a6028c0a80d",6.51708319564533,0.0666442835516223,0.434463265890727,-90.2798307113824,-54.7596508510014,1
"565","5f1594305688f5654fe92691",3.87514795752083,0.0201145309417373,0.104806944893033,-100.232937673296,-64.4720760096621,1
"566","5f15c46a19912324313effa0",5.09904630710466,0.593182111974907,0.499662939006516,-71.4589637957861,-35.9431162085534,6
"567","5f16a5057185b3397ea67287",7.35780760690157,0.15929209008596,0.360243494440055,-84.7782357624317,-49.2420511946368,6
"568","5f180933704e8402d4d9cc26",4.39100650067816,0.086236914398587,0.0738353067045009,-89.4081520895833,-53.5682228420489,1
"569","5f181092bc89f00dc2e577a2",6.68384228038619,0.211784736916781,0.170875582707713,-85.198209984683,-49.5403849444058,1
"570","5f18362e7f876d064235cd4d",19.9999864563014,0.0463446757155105,0.20648264044851,-100.691491638577,-65.0700130557832,7
"571","5f188417c5b3a405f3ccaf42",5.22951931843939,0.0547975388922489,0.740497854819295,-88.0790895605856,-52.497459964235,8
"572","5f197913958d110428c74dc3",4.66960307727672,0.113439525588327,0.417284792597488,-77.3270428566527,-41.8042582129531,2
"573","5f1992235bab3d018fea7199",6.88283707139204,0.333566104556277,0.499914549502813,-85.275849459371,-49.7600019784467,0
"574","5f1cbc000b408b58e8d2799d",4.27886329607183,0.22857499043798,0.397551077449645,-64.9853742474528,-29.4588043017413,0
"575","5f1dbd03e2aa49719e42be44",2.85790561568385,0.0838506929963222,0.503727618320918,-66.5114690561109,-30.9956076869638,3
"576","5f1e8c0cff2a66849b622c3f",12.2738312335881,0.525837902837404,0.500572389456512,-93.6814288334841,-58.1655810322316,2
"577","5f1ec05b39c51401c9816f75",2.4549207845615,0.119532422420015,0.352885955301716,-64.3929816287729,-28.8544969753951,0
"578","5f1ecb5f19d0160009650698",1.2694142551416,0.366731841785405,0.000868473298907608,-59.0940708440758,-22.1623863189048,2
"579","5f2022e9b0c712068b39881d",2.8686087346644,0.534110004338184,0.000405033297245004,-70.074492554403,-32.9522320725197,1
"580","5f219544dd502e57a6fbc1ea",1.24787817531576,0.0938676442964602,0.0101244300098253,-65.4056935432087,-29.0856746614832,3
"581","5f22d64ea30b70011ef0c798",1.23051909260734,0.0138778371593689,0.708165968041802,-73.8833620427619,-38.3199264552613,0
"582","5f230a01e84721061b991468",5.96735883264826,0.11700304929955,0.561927696983032,-84.0446838431206,-48.524971610461,0
"583","5f23f14e2ecae8011ec4021f",7.84340671357289,0.0769281428973874,0.357977025146401,-91.3206212059446,-55.7837429076605,0
"584","5f241d0b45dc8a000bf6598e",7.66236741551636,0.129323171359032,0.149934164097967,-89.7475490878859,-54.0632750881078,10
"585","5f2458749912ad00087e5677",3.14956158695435,0.219348605338589,0.0430619913909384,-68.0704199472903,-32.1038632620354,0
"586","5f248b5e85d14607869bf0b1",4.02399551405969,0.0725951760850019,0.190004148619194,-78.5870875855483,-42.9499548208799,3
"587","5f259a37b31f0a24d246592c",1.1438381403866e-07,4.23612684006638e-11,0.611100718952278,-100.719709732122,-65.1912037545047,2
"588","5f26f8c4865df449da96eb01",9.33015626922846,0.129135477527776,0.489626449626588,-90.3291237258368,-54.8131686185002,4
"589","5f27f1cb93d6b104aba364b7",5.01900745602581,0.118972061859246,0.0748454431613203,-84.4194515137413,-48.5826465012659,0
"590","5f2855353350fe14fdf0e5ed",2.43046729563793,0.00252368447771523,0.698086381328545,-101.014998643108,-65.4564680693149,7
"591","5f2923126e0e8f000bf30b5e",3.61436628104736,0.100145442985323,0.675021800520996,-64.0630692331977,-28.5145434826073,0
"592","5f29771a02125b079dfbd06f",1.2291026983722,0.00775713619231872,0.722502039274082,-79.5432469084878,-43.9722288423869,0
"593","5f2ada2a200d1e3e9055a672",1.63025982906132,0.0246305040822949,0.0476406344282714,-81.95729607402,-46.014801678671,0
"594","5f2aeb4488d9b2432bb9e1c0",2.38204666831464,0.0565193724394203,0.38312215090914,-66.1050475412153,-30.5751522431252,3
"595","5f2afb53c46fc647c2340fd1",1.13109661600131,0.0131034268849857,0.832348998622237,-81.7928115118243,-46.1311940560622,9
"596","5f2b24337bf4715276306315",4.42786224822479,0.0837992606783983,0.0774221429275034,-88.2273114343794,-52.3982710601157,0
"597","5f2b24c4224df7527baee383",4.33076667492555,0.0561077674643565,0.651995199561183,-85.3693872363066,-49.8292990817996,2
"598","5f2bc8528a626e67a97c0aa1",1.62927833315367,6.06241837072767e-10,0.499094710978817,-101.432587143696,-65.9167388505238,4
"599","5f2bca23a5b07c67ada7968a",6.31687818896445,0.182146683047224,0.0664654640775839,-89.6075598119542,-53.7433233976318,1
"600","5f2be26ccab8eb00086d40b5",0.262818677048933,0.00393357842020811,0.0546062507487602,-82.4463558907931,-46.5361418343002,0
"601","5f2be5fbd7e754013893eb59",5.39585189027489,0.158748546069975,0.242914846241128,-77.4879023318416,-41.8952974816327,2
"602","5f2bee3fa37b0b0132970ddc",1.52966218786397,0.174379928221866,0.00905641459992155,-64.0896656198606,-27.7420468240203,0
"603","5f2bffa8d4f0d601244ab240",1.60519514150774,0.0186958533645711,0.282655956797833,-73.2648276885545,-37.6966226708048,17
"604","5f2c05948726de01f9bf6a7c",0.418333211301765,0.00156075334307199,0.449238042841491,-88.8964203649959,-53.3779827435662,5
"605","5f2c07c53622f2034a40db50",0.12189989537007,0.0115990411051024,0.101285607849938,-42.2610128180688,-6.49258869912893,14
"606","5f2c10bad876b704a0759fd6",5.62838195299664,0.763964133087647,0.500272926807511,-76.5785034640514,-41.0626559159397,2
"607","5f2d10d8f5f28c000afb87d3",4.40527312489228,0.116676379057563,0.139592023689809,-76.7269316951421,-41.0278128522138,5
"608","5f2d9e2afb4a950991d2a14b",12.3972530528279,0.0458510263589515,0.705090666137193,-99.6051588840699,-64.0432559525502,3
"609","5f2dc640c29b7f0fed3683e3",2.26775020050179,0.256127456730268,0.0560421408901833,-57.4901417833518,-21.5860366225203,0
"610","5f2e9b642839112147fe5f2f",3.03611970292117,0.0288768697794364,0.296446969120304,-80.2640345708912,-44.7028859484054,0
"611","5f2f142ffcfbc32f12925bec",8.39605072894573,0.0327390694824249,0.210941846823467,-99.3035815883054,-63.6860356932369,0
"612","5f2ffd95ce0c0c061b06a0f5",3.54674391824585,0.355952234423701,0.0254249337519187,-68.5702776133046,-32.4765590611737,3
"613","5f312ec0687725067ffd15e9",1.72498615050787e-09,9.31045403160605e-11,0.00168451730043507,-75.1118340135227,-38.3455695895557,1
"614","5f31a239e7ed2f09f2b4a4ef",1.04181933768128,0.540974127849312,0.00720177633424917,-51.5762494738229,-15.1718117393281,9
"615","5f31b2bf1b0c420c2954969c",2.24480818827874,0.0712433734355553,0.562775005528117,-59.1007625336275,-23.5809429701475,3
"616","5f324e1c83c53019f9fa5da0",1.19832171652231e-08,3.34203445565949e-10,0.00347727765943481,-86.253641355622,-49.6681202446417,2
"617","5f32a30554a2e308e31e66ff",1.38069634375227,0.0159127854907714,0.601043312693814,-83.0369862122614,-47.5107146538099,0
"618","5f32f1f9f2bc330b8351c3dd",6.32753811051023,0.0608068045074991,0.623621891751156,-93.7866824373232,-58.2550655362786,0
"619","5f32f439eab77d0cb4bc38a5",4.27827366473591,0.0500401642456385,0.164109871863063,-89.5039021769979,-53.8380089873307,0
"620","5f32fa63575cf50db8d2cc90",6.09992917008871,0.175687201016465,0.155133269824785,-79.7932763148313,-44.11599065499,0
"621","5f33cac684d9d9065dad86a8",4.0513346380957,0.858387877578852,0.499658298460811,-66.320683952163,-30.8048363617804,23
"622","5f3503018f696042ee147b91",2.99782358618444,0.0126092949539096,0.844669716787976,-96.5339490479522,-60.8569223732517,3
"623","5f355c9e7109cd4e6dd38250",4.68979362648436,0.471964908260702,0.0215619297999963,-74.4722026309787,-38.3382727943126,0
"624","5f3570450db2f81214468db6",9.04650112293309,0.0726519610647626,0.0889872036904576,-97.4483381190349,-61.6509489772613,0
"625","5f382871f94c8830854a5bdb",17.3360249574776,0.0991826302548039,0.359938950392897,-98.922320560889,-63.3860435372161,1
"626","5f397d0428b373506d9a6fc7",3.19731426225255,0.207456204173793,0.00158324139891651,-79.7988336503421,-43.0170933892041,4
"627","5f39a2fd2d394917284dd66f",3.39502545129668,0.465581837424882,0.00400747219172354,-73.578931545641,-37.0287551282511,0
"628","5f3a500d8741a5616ef6374e",4.19737187821968,0.175873087818981,0.0538714719659257,-81.4320549100658,-45.5186482585523,4
"629","5f3ab128c4b6921312f28237",2.49699366655868,0.120196730197721,0.00927351683863896,-82.4931970885956,-46.1514458611405,4
"630","5f3c36f298f6eb481d1bd2f4",2.70391735854474,0.169928797376764,0.178110001908821,-70.79574439296,-35.1460948480001,0
"631","5f3d3d4f57b8fe07798fd8b3",5.45137867537287,0.186733715754914,0.0864016686585396,-81.0614431390926,-45.2573911165679,15
"632","5f3e3c158d08ce0008cc9deb",3.04631070226895,0.0519146132579501,0.234083415959736,-79.945765615194,-44.3468017913567,0
"633","5f3e72de0306de0838b6ec09",5.83650889899386,0.306242282162213,0.012522174643221,-88.4425825940968,-52.1750948425944,0
"634","5f404333140cfe16fe3c195c",0.415109452536631,0.053369988856838,0.0588482674928113,-45.1390203126969,-9.24638548149009,8
"635","5f417faa35eb0a31e9dad9da",1.44423192938617,0.199261324511661,0.00179969053413911,-65.3232526941892,-28.5734933442811,3
"636","5f4283d149962e4746b32a38",5.24227269412596,0.168588660718076,0.158892596749169,-73.8972983370297,-38.2248837748526,16
"637","5f438581427f575c562c573e",0.859969348879781,0.00885048745134461,0.86994730727917,-69.394436548652,-33.680378110924,9
"638","5f46d480bf76700acde7784d",0.574577066827224,0.00377264295857543,0.31708378482126,-87.4219191184568,-51.8701521517874,0
"639","5f48b1cdd8963d367b20dee9",0.400314010756311,0.00156915840527558,0.550198720076234,-81.8819880762608,-46.3636079052422,0
"640","5f490c36e860a4403193a1ca",2.42490249208637,0.0822749867457915,0.0819941839277654,-74.3789294774206,-38.5629909653943,0
"641","5f4a274f21ec8a5971fbb33f",0.512357992461935,0.0810135103674582,0.0686364610513822,-49.4593453666366,-13.6025622385584,0
"642","5f4abba4eae118551d4dc244",5.02032155329179,0.121704067981526,0.0354119438709039,-93.7305624550681,-57.717098503753,1
"643","5f4b519ca3fbc100080a4a2f",1.68750948894531,0.0955450186468264,0.159542411738869,-62.0223614322756,-26.3507739801028,0
"644","5f4b8e6bb7e5b374f9798c6d",12.9356192725211,0.0943739544133308,0.570495829735058,-95.9600390165836,-60.4391718213477,5
"645","5f4ba7007200c9762cc4c708",3.75033320513469,0.009196034247969,0.335997806852629,-99.5719240618581,-64.0276200603047,3
"646","5f4d3240377d051139514820",5.32703105806453,0.10095997779801,0.180278637241821,-83.3998009666027,-47.752516473687,6
"647","5f4e117dbfcaa83f1b418976",4.30040788468852,0.27057100143494,0.0728950594437847,-71.8946851318284,-36.0518055161622,0
"648","5f4ea2ec9ecd220c1fa71341",6.96166842372248,0.0963079138853997,0.580120842177471,-86.1047882093496,-50.5824375317231,0
"649","5f4f5d8a9468440009ed7a67",0.0407655318125061,0.000547242723289875,0.0512156033634745,-88.0028120020137,-52.0774669345681,21
"650","5f4f69faf3505f0109ed9e75",6.94365804581924,0.606060228704827,0.00128032513735028,-90.11041209582,-53.275657621176,10
"651","5f4fc5a17fc3a50dafd67169",1.58134686809842,0.0122759653712304,0.443586618195892,-81.2125578092297,-45.69350743617,0
"652","5f507cd87b38b81fa565ea20",7.92537964130529,0.288635862894015,0.0243644744437604,-92.7925492660943,-56.6884515396781,9
"653","5f50d6ff81dfe726a0f8343d",3.27396538675238,0.124021774841209,0.131669703612537,-70.9161296811929,-35.2046953357216,2
"654","5f50e3d60305bb088998b766",7.56013791706066,0.150247452610575,0.0725537084522487,-91.1875924521787,-55.3436314243338,2
"655","5f515531aa39c237f49f7ecf",0.735537165641464,0.00583695953709208,0.664768179561174,-76.1163540136831,-40.5717676587316,0
"656","5f5179be2213ce3c39045019",8.26751958844366,0.0898010777999086,0.090920149215209,-95.3558309179745,-59.5632830389209,4
"657","5f5355baad423e66676c1bd3",1.50153696731379,0.139062659051352,0.00342360193941796,-79.1424919325431,-42.5530951593637,7
"658","5f55f193f3459e9b8c434f9d",1.80600632889398,0.129899067393559,0.00856013975375052,-73.8523961036171,-37.4908132825807,0
"659","5f5621a094f947a067745a4e",4.5626006109936,0.106815946425357,0.629145681531324,-72.3240182923606,-36.7909098072623,1
"660","5f5668cf2db7050961fce434",7.81448568725263,0.0268425759657288,0.235231174073579,-99.8331103694715,-64.2349944341124,0
"661","5f572d1df9f7d019f3e042d3",3.77201239122585,0.122478230313546,0.0429738876514364,-80.7014198188582,-44.7343741320308,5
"662","5f57b64bfa53f7294eb06880",1.99849208086957,0.25770901392588,0.0463222390645972,-59.3667983318819,-23.4176338112317,1
"663","5f58e8f22846f809fda94bda",0.4816036270882,0.194979745229338,0.018918599247872,-43.6615818346781,-7.49563055154501,0
"664","5f58ef9874dddc0b064b50cc",3.4002460750434,0.108483156566361,0.0838835501472124,-73.9775783414992,-38.1668200722936,16
"665","5f5907f245fc450e98b98aec",2.32193684658031,0.0243245340801997,0.0630998492881189,-92.5604597194955,-56.6841319703876,2
"666","5f59132a01e50c10a2d3a64d",1.91130298622611,0.137386585345255,0.0182350062926534,-66.7420301225228,-30.5670523834685,0
"667","5f59ea191a6180011ed70ef8",6.58310256716174,0.0567311191596435,0.735949261434598,-93.966707181145,-58.3878812718863,4
"668","5f5a3cf246d1420a931da3cb",4.41680393655893,0.520422751581467,0.0136254000900609,-78.1838081339469,-41.9371495875509,3
"669","5f5a546a9aa6fd0df887cf62",2.05018627910373e-10,8.27000604360641e-14,0.0655539263820631,-69.9181793412759,-34.0507345750803,1
"670","5f5a807de06d3515fa8d18d7",6.18332215675254,0.124733596744392,0.389313735655081,-83.8087528802562,-48.2803435787399,3
"671","5f5bc8914f166135a9937add",3.20735623671861,0.0327002869632869,0.699298882211987,-83.9745666673165,-48.4154639053688,2
"672","5f5e5def0093336f7d377473",4.33787155387047,0.115184798256154,0.170818149912461,-77.7024338774227,-42.0445421125124,2
"673","5f5e6259d39af56ebae15055",2.9251896994372,0.210274301811663,0.0430283169458444,-70.0228940748097,-34.0561506105534,0
"674","5f5e825dfbf10672eb6658f2",5.70396573552978e-05,0.899339415900577,0.846797788942335,-56.9165013571156,-21.2366549887511,2
"675","5f5f381a671929022832eef6",6.00426084436608,0.543942304308269,0.499246840783049,-80.5325556443319,-45.0167076034598,3
"676","5f5f4c36cc787c0009e4d19c",8.59837106377962,0.199539027606568,0.451601387395115,-87.4842163352077,-51.9660153929332,2
"677","5f6090c94a605503233dd65d",3.49058597753226,0.423086413653461,0.499137641812339,-74.8486359965108,-39.3327877792255,0
"678","5f61d3f558002d17d3729c45",2.49062923212271,0.0146166417422689,0.726644282466403,-86.2014144213945,-50.6280656496478,0
"679","5f61f1b0a760f01b705abdd3",2.53866423289965,0.192905388208441,0.000440905090914046,-80.9314522811607,-43.8303979174821,5
"680","5f61f5de5de7611af9be165e",14.0610415257575,0.0068790272475845,0.492190780464708,-101.318077157439,-65.8021686924675,1
"681","5f61f7f59df6ca1bfe6a8a89",3.96934447752186,0.0280057413238349,0.815830149518054,-92.3566576181922,-56.7135222492226,0
"682","5f632eba01d0853da2464c44",3.49223794661714,0.0424611610778068,0.938696899903396,-85.026470719462,-49.1433999593775,9
"683","5f63505cdfc6934188269b3d",7.57298966308605,0.589924435912335,0.00647536881408307,-88.3302455536891,-51.8994101357774,20
"684","5f63571470efad0009c8f1c7",3.58122301307622,0.0792119737704718,0.364485215242778,-68.889101585696,-33.3541803988624,3
"685","5f64a1291888be0324446d78",1.4433673052154e-08,7.36475525588028e-18,0.320582743360054,-92.6390285944134,-57.0887210385493,16
"686","5f6639cfe9f1191e9fc18418",2.60968071998722,0.0187151217396567,0.102984114885354,-96.8544652807684,-61.0897258386801,0
"687","5f666f67b647c2244363a64e",3.72660884770077,0.0162908698679675,0.743737592826919,-96.6115442649738,-61.0278652977211,0
"688","5f6715ea82fb7d302d0b6ae9",3.3251010223323,0.0755132435188298,0.119951400729861,-80.0584971111653,-44.3271115381373,7
"689","5f687d93fd2d5b04432c4661",5.26572775666215e-08,9.85947405292987e-11,0.271114729634318,-94.88273066669,-59.3080937508628,0
"690","5f688f49cd4c0e4e0a84d9be",8.39771083369667,0.238931917865357,0.0370957796282768,-92.4764087804776,-56.4741215460712,2
"691","5f689679cc2af84fa2c57263",9.04549440890921,0.698080255383174,0.499562930106349,-87.7052571888299,-52.1894095241771,4
"692","5f68f392486ed60a895fca53",4.61700991186562,0.310126232934254,0.00672836267603604,-87.7392829617163,-51.3179654402623,5
