"","ID","decision","HI","SI","id"
"1","559cdad9fdf99b66f54b7794",0.5,0,1,1
"2","559cdad9fdf99b66f54b7794",0,1,1,1
"3","559cdad9fdf99b66f54b7794",0,1,1,1
"4","559cdad9fdf99b66f54b7794",0,1,1,1
"5","559cdad9fdf99b66f54b7794",0,1,1,1
"6","559cdad9fdf99b66f54b7794",0,1,1,1
"7","559cdad9fdf99b66f54b7794",0,1,1,1
"8","559cdad9fdf99b66f54b7794",0,1,1,1
"9","559cdad9fdf99b66f54b7794",0,1,1,1
"10","559cdad9fdf99b66f54b7794",0.5,0.75,0.6,1
"11","559cdad9fdf99b66f54b7794",0.5,0.26,0.6,1
"12","559cdad9fdf99b66f54b7794",0,1,1,1
"13","559cdad9fdf99b66f54b7794",0.5,0.25,0.65,1
"14","559cdad9fdf99b66f54b7794",0.5,0.25,0.65,1
"15","559cdad9fdf99b66f54b7794",0.5,0.25,0.8,1
"16","559cdad9fdf99b66f54b7794",0.5,0.25,0.8,1
"17","559cdad9fdf99b66f54b7794",0,1,1,1
"18","559cdad9fdf99b66f54b7794",0.5,0.25,0.85,1
"19","559cdad9fdf99b66f54b7794",0.5,0.25,0.85,1
"20","559cdad9fdf99b66f54b7794",0.5,0.25,0.9,1
"21","59e5fd82e75b450001a691ec",0,0.06,0.77,2
"22","59e5fd82e75b450001a691ec",0,0.14,0.86,2
"23","59e5fd82e75b450001a691ec",0.5,0,0.71,2
"24","59e5fd82e75b450001a691ec",0.5,0,0.7,2
"25","59e5fd82e75b450001a691ec",0.5,0,0.6,2
"26","59e5fd82e75b450001a691ec",0.5,0,0.62,2
"27","59e5fd82e75b450001a691ec",0.5,0,0.56,2
"28","59e5fd82e75b450001a691ec",0.5,0,0.61,2
"29","59e5fd82e75b450001a691ec",0.5,0,0.6,2
"30","59e5fd82e75b450001a691ec",0.5,0,0.61,2
"31","59e5fd82e75b450001a691ec",0,0.14,0.75,2
"32","59e5fd82e75b450001a691ec",0,0.14,0.82,2
"33","59e5fd82e75b450001a691ec",0.5,0,0.71,2
"34","59e5fd82e75b450001a691ec",0,0,0.78,2
"35","59e5fd82e75b450001a691ec",0,0.01,0.86,2
"36","59e5fd82e75b450001a691ec",0,0.01,0.86,2
"37","59e5fd82e75b450001a691ec",0.5,0,0.72,2
"38","59e5fd82e75b450001a691ec",0,0.06,0.85,2
"39","59e5fd82e75b450001a691ec",0,0.07,0.83,2
"40","59e5fd82e75b450001a691ec",0,0.05,0.88,2
"41","5a8b513317ef35000170b86f",0,0.98,0.97,3
"42","5a8b513317ef35000170b86f",0,0.94,0.96,3
"43","5a8b513317ef35000170b86f",0,0.96,0.96,3
"44","5a8b513317ef35000170b86f",0,0.96,0.94,3
"45","5a8b513317ef35000170b86f",0.5,0.95,0.93,3
"46","5a8b513317ef35000170b86f",0,0.89,0.9,3
"47","5a8b513317ef35000170b86f",0.5,0.96,0.97,3
"48","5a8b513317ef35000170b86f",0,1,1,3
"49","5a8b513317ef35000170b86f",0,1,1,3
"50","5a8b513317ef35000170b86f",0,1,1,3
"51","5a8b513317ef35000170b86f",0.5,1,1,3
"52","5a8b513317ef35000170b86f",0.5,1,1,3
"53","5a8b513317ef35000170b86f",0.5,1,1,3
"54","5a8b513317ef35000170b86f",0.5,1,1,3
"55","5a8b513317ef35000170b86f",0,1,1,3
"56","5a8b513317ef35000170b86f",0.5,1,1,3
"57","5a8b513317ef35000170b86f",0,1,1,3
"58","5a8b513317ef35000170b86f",0.5,0.61,0.58,3
"59","5a8b513317ef35000170b86f",0.5,0.54,0.52,3
"60","5a8b513317ef35000170b86f",0.5,0.52,0.51,3
"61","5a90460d1eda41000135f918",0.5,0.53,0.35,4
"62","5a90460d1eda41000135f918",0.5,0.47,0.21,4
"63","5a90460d1eda41000135f918",0,0.46,0.61,4
"64","5a90460d1eda41000135f918",0,0.37,0.77,4
"65","5a90460d1eda41000135f918",0,0.4,0.76,4
"66","5a90460d1eda41000135f918",0,0.45,0.73,4
"67","5a90460d1eda41000135f918",0,0.2,0.79,4
"68","5a90460d1eda41000135f918",0,0.18,0.8,4
"69","5a90460d1eda41000135f918",0,0.16,0.8,4
"70","5a90460d1eda41000135f918",0,0.21,0.9,4
"71","5a90460d1eda41000135f918",0.5,0.28,0.38,4
"72","5a90460d1eda41000135f918",0.5,0.2,0.28,4
"73","5a90460d1eda41000135f918",0,0.22,0.73,4
"74","5a90460d1eda41000135f918",0,0.3,0.8,4
"75","5a90460d1eda41000135f918",0.5,0.18,0.3,4
"76","5a90460d1eda41000135f918",0.5,0.12,0.29,4
"77","5a90460d1eda41000135f918",0.5,0.09,0.14,4
"78","5a90460d1eda41000135f918",0.5,0.02,0.13,4
"79","5a90460d1eda41000135f918",0.5,0.03,0.1,4
"80","5a90460d1eda41000135f918",0.5,0.02,0.08,4
"81","5a9d68a3dbdb470001eefb79",0,0.99,0.99,5
"82","5a9d68a3dbdb470001eefb79",0,0.98,0.98,5
"83","5a9d68a3dbdb470001eefb79",0,0.99,0.99,5
"84","5a9d68a3dbdb470001eefb79",0,0.99,0.99,5
"85","5a9d68a3dbdb470001eefb79",0,0.99,1,5
"86","5a9d68a3dbdb470001eefb79",0,0.98,0.99,5
"87","5a9d68a3dbdb470001eefb79",0,1,1,5
"88","5a9d68a3dbdb470001eefb79",0.5,0.99,0.99,5
"89","5a9d68a3dbdb470001eefb79",0,0.99,0.99,5
"90","5a9d68a3dbdb470001eefb79",0.5,0.99,0.99,5
"91","5a9d68a3dbdb470001eefb79",0.5,0.98,1,5
"92","5a9d68a3dbdb470001eefb79",0,0.98,0.99,5
"93","5a9d68a3dbdb470001eefb79",0.5,1,1,5
"94","5a9d68a3dbdb470001eefb79",0.5,1,0.99,5
"95","5a9d68a3dbdb470001eefb79",0.5,0.98,0.99,5
"96","5a9d68a3dbdb470001eefb79",0.5,0.99,0.99,5
"97","5a9d68a3dbdb470001eefb79",0.5,0.99,0.99,5
"98","5a9d68a3dbdb470001eefb79",0.5,0.99,0.98,5
"99","5a9d68a3dbdb470001eefb79",0,0.99,1,5
"100","5a9d68a3dbdb470001eefb79",0.5,0.98,0.99,5
"101","5ab3bc131204f90001c965bd",0.5,0.01,0.02,6
"102","5ab3bc131204f90001c965bd",0.5,0,0,6
"103","5ab3bc131204f90001c965bd",0.5,0,0,6
"104","5ab3bc131204f90001c965bd",0.5,0,0,6
"105","5ab3bc131204f90001c965bd",0,0.01,0.48,6
"106","5ab3bc131204f90001c965bd",0.5,0.01,0.03,6
"107","5ab3bc131204f90001c965bd",0.5,0.06,0.05,6
"108","5ab3bc131204f90001c965bd",0.5,0.01,0.03,6
"109","5ab3bc131204f90001c965bd",0,0.01,0.55,6
"110","5ab3bc131204f90001c965bd",0.5,0.01,0.03,6
"111","5ab3bc131204f90001c965bd",0,0.01,0.63,6
"112","5ab3bc131204f90001c965bd",0,0,0.57,6
"113","5ab3bc131204f90001c965bd",0.5,0.14,0.03,6
"114","5ab3bc131204f90001c965bd",0,0.13,0.59,6
"115","5ab3bc131204f90001c965bd",0,0.16,0.79,6
"116","5ab3bc131204f90001c965bd",0,0.13,0.73,6
"117","5ab3bc131204f90001c965bd",0.5,0.07,0.25,6
"118","5ab3bc131204f90001c965bd",0,0.13,0.76,6
"119","5ab3bc131204f90001c965bd",0,0.15,0.75,6
"120","5ab3bc131204f90001c965bd",0,0.12,0.7,6
"121","5bf2f728bd9f150001f6cc42",0,0.01,0.98,7
"122","5bf2f728bd9f150001f6cc42",0.5,0.5,0.5,7
"123","5bf2f728bd9f150001f6cc42",0.5,0.46,0.48,7
"124","5bf2f728bd9f150001f6cc42",0.5,0.45,0.51,7
"125","5bf2f728bd9f150001f6cc42",0.5,0.5,0.48,7
"126","5bf2f728bd9f150001f6cc42",0.5,0.51,0.5,7
"127","5bf2f728bd9f150001f6cc42",0.5,0.5,0.49,7
"128","5bf2f728bd9f150001f6cc42",0.5,0.49,0.49,7
"129","5bf2f728bd9f150001f6cc42",0,0.02,0.98,7
"130","5bf2f728bd9f150001f6cc42",0.5,0.5,0.52,7
"131","5bf2f728bd9f150001f6cc42",0,0.03,0.95,7
"132","5bf2f728bd9f150001f6cc42",0.5,0.45,0.48,7
"133","5bf2f728bd9f150001f6cc42",0,0.03,0.98,7
"134","5bf2f728bd9f150001f6cc42",0,0.03,0.97,7
"135","5bf2f728bd9f150001f6cc42",0.5,0.5,0.49,7
"136","5bf2f728bd9f150001f6cc42",0,0.02,0.96,7
"137","5bf2f728bd9f150001f6cc42",0,0.01,0.99,7
"138","5bf2f728bd9f150001f6cc42",0,0.01,0.96,7
"139","5bf2f728bd9f150001f6cc42",0,0.02,0.97,7
"140","5bf2f728bd9f150001f6cc42",0,0.01,0.97,7
"141","5c081c45fd9c080001709937",0.5,0.59,0.57,8
"142","5c081c45fd9c080001709937",0.5,0.58,0.53,8
"143","5c081c45fd9c080001709937",0.5,0.68,0.69,8
"144","5c081c45fd9c080001709937",0.5,0.61,0.61,8
"145","5c081c45fd9c080001709937",0,0.69,0.71,8
"146","5c081c45fd9c080001709937",0.5,0.69,0.69,8
"147","5c081c45fd9c080001709937",0,0.71,0.77,8
"148","5c081c45fd9c080001709937",0.5,0.69,0.69,8
"149","5c081c45fd9c080001709937",0.5,0.62,0.59,8
"150","5c081c45fd9c080001709937",0.5,0.56,0.57,8
"151","5c081c45fd9c080001709937",0.5,0.55,0.53,8
"152","5c081c45fd9c080001709937",0,0.69,0.67,8
"153","5c081c45fd9c080001709937",0.5,0.67,0.68,8
"154","5c081c45fd9c080001709937",0,0.78,0.77,8
"155","5c081c45fd9c080001709937",0,0.84,0.85,8
"156","5c081c45fd9c080001709937",0,0.76,0.89,8
"157","5c081c45fd9c080001709937",0,0.8,0.92,8
"158","5c081c45fd9c080001709937",0,0.81,0.8,8
"159","5c081c45fd9c080001709937",0,0.79,0.87,8
"160","5c081c45fd9c080001709937",0,0.85,0.96,8
"161","5c296b31e9b1b20001b8ac77",0.5,0,0.6,9
"162","5c296b31e9b1b20001b8ac77",0.5,0.05,0.6,9
"163","5c296b31e9b1b20001b8ac77",0.5,0,0.8,9
"164","5c296b31e9b1b20001b8ac77",0,0.2,0.9,9
"165","5c296b31e9b1b20001b8ac77",0,0.2,0.9,9
"166","5c296b31e9b1b20001b8ac77",0.5,0,0.5,9
"167","5c296b31e9b1b20001b8ac77",0.5,0,0.5,9
"168","5c296b31e9b1b20001b8ac77",0.5,0,0.5,9
"169","5c296b31e9b1b20001b8ac77",0.5,0,0.5,9
"170","5c296b31e9b1b20001b8ac77",0.5,0,0.5,9
"171","5c296b31e9b1b20001b8ac77",0,0.3,1,9
"172","5c296b31e9b1b20001b8ac77",0,0.4,1,9
"173","5c296b31e9b1b20001b8ac77",0,0.3,1,9
"174","5c296b31e9b1b20001b8ac77",0,0.2,1,9
"175","5c296b31e9b1b20001b8ac77",0,0.15,1,9
"176","5c296b31e9b1b20001b8ac77",0,0.05,1,9
"177","5c296b31e9b1b20001b8ac77",0,0,1,9
"178","5c296b31e9b1b20001b8ac77",0.5,0,0.5,9
"179","5c296b31e9b1b20001b8ac77",0,0,1,9
"180","5c296b31e9b1b20001b8ac77",0.5,0,0.5,9
"181","5c4783f5c41b2a000183a24d",0,0.24,0.76,10
"182","5c4783f5c41b2a000183a24d",0,0.35,0.82,10
"183","5c4783f5c41b2a000183a24d",0,0.4,0.9,10
"184","5c4783f5c41b2a000183a24d",0,0.5,0.94,10
"185","5c4783f5c41b2a000183a24d",0,0.5,0.99,10
"186","5c4783f5c41b2a000183a24d",0,0.46,0.98,10
"187","5c4783f5c41b2a000183a24d",0,0.5,0.99,10
"188","5c4783f5c41b2a000183a24d",0.5,0.25,0.97,10
"189","5c4783f5c41b2a000183a24d",0,0.51,0.98,10
"190","5c4783f5c41b2a000183a24d",0.5,0.49,0.98,10
"191","5c4783f5c41b2a000183a24d",0.5,0.4,0.99,10
"192","5c4783f5c41b2a000183a24d",0.5,0.45,0.98,10
"193","5c4783f5c41b2a000183a24d",0.5,0.41,0.97,10
"194","5c4783f5c41b2a000183a24d",0,0.5,0.98,10
"195","5c4783f5c41b2a000183a24d",0.5,0.5,0.97,10
"196","5c4783f5c41b2a000183a24d",0.5,0.49,0.97,10
"197","5c4783f5c41b2a000183a24d",0.5,0.51,0.97,10
"198","5c4783f5c41b2a000183a24d",0,0.53,0.99,10
"199","5c4783f5c41b2a000183a24d",0.5,0.54,0.99,10
"200","5c4783f5c41b2a000183a24d",0.5,0.49,0.99,10
"201","5c576413a7890b0001f59a92",0,0.96,0.87,11
"202","5c576413a7890b0001f59a92",0.5,0.89,0.81,11
"203","5c576413a7890b0001f59a92",0.5,0.86,0.84,11
"204","5c576413a7890b0001f59a92",0.5,0.88,0.84,11
"205","5c576413a7890b0001f59a92",0,0.47,0.85,11
"206","5c576413a7890b0001f59a92",0.5,1,1,11
"207","5c576413a7890b0001f59a92",0.5,1,1,11
"208","5c576413a7890b0001f59a92",0.5,1,1,11
"209","5c576413a7890b0001f59a92",0.5,1,1,11
"210","5c576413a7890b0001f59a92",0.5,1,1,11
"211","5c576413a7890b0001f59a92",0,1,0.71,11
"212","5c576413a7890b0001f59a92",0,1,0.8,11
"213","5c576413a7890b0001f59a92",0,1,0.75,11
"214","5c576413a7890b0001f59a92",0,1,0.76,11
"215","5c576413a7890b0001f59a92",0,1,0.8,11
"216","5c576413a7890b0001f59a92",0,1,0.81,11
"217","5c576413a7890b0001f59a92",0.5,1,0.79,11
"218","5c576413a7890b0001f59a92",0,1,1,11
"219","5c576413a7890b0001f59a92",0.5,1,1,11
"220","5c576413a7890b0001f59a92",0,1,1,11
"221","5c634aca9d0d7000012479a0",0,0.2,0.8,12
"222","5c634aca9d0d7000012479a0",0.5,0.3,0.7,12
"223","5c634aca9d0d7000012479a0",0,0.15,0.85,12
"224","5c634aca9d0d7000012479a0",0,0.4,0.9,12
"225","5c634aca9d0d7000012479a0",0,0.5,1,12
"226","5c634aca9d0d7000012479a0",0,0.6,1,12
"227","5c634aca9d0d7000012479a0",0,0.6,1,12
"228","5c634aca9d0d7000012479a0",0,0.7,1,12
"229","5c634aca9d0d7000012479a0",0,0.8,1,12
"230","5c634aca9d0d7000012479a0",0.5,0.75,0.95,12
"231","5c634aca9d0d7000012479a0",0.5,0.7,0.9,12
"232","5c634aca9d0d7000012479a0",0.5,0.7,0.85,12
"233","5c634aca9d0d7000012479a0",0.5,0.7,0.8,12
"234","5c634aca9d0d7000012479a0",0,0.7,0.85,12
"235","5c634aca9d0d7000012479a0",0.5,0.7,0.85,12
"236","5c634aca9d0d7000012479a0",0.5,0.7,0.85,12
"237","5c634aca9d0d7000012479a0",0.5,0.7,0.85,12
"238","5c634aca9d0d7000012479a0",0,0.75,0.9,12
"239","5c634aca9d0d7000012479a0",0.5,0.7,0.9,12
"240","5c634aca9d0d7000012479a0",0.5,0.69,0.85,12
"241","5c654e352f6d5e000174bae5",0.5,0.36,0.63,13
"242","5c654e352f6d5e000174bae5",0.5,0.31,0.67,13
"243","5c654e352f6d5e000174bae5",0.5,0.29,0.68,13
"244","5c654e352f6d5e000174bae5",0.5,0.34,0.69,13
"245","5c654e352f6d5e000174bae5",0.5,0.31,0.73,13
"246","5c654e352f6d5e000174bae5",0.5,0.2,0.78,13
"247","5c654e352f6d5e000174bae5",0,0.1,0.88,13
"248","5c654e352f6d5e000174bae5",0,0.07,0.93,13
"249","5c654e352f6d5e000174bae5",0.5,0.3,0.71,13
"250","5c654e352f6d5e000174bae5",0.5,0.23,0.77,13
"251","5c654e352f6d5e000174bae5",0.5,0.28,0.69,13
"252","5c654e352f6d5e000174bae5",0,0.07,0.94,13
"253","5c654e352f6d5e000174bae5",0,0.07,0.95,13
"254","5c654e352f6d5e000174bae5",0,0.08,0.93,13
"255","5c654e352f6d5e000174bae5",0,0.06,0.93,13
"256","5c654e352f6d5e000174bae5",0.5,0.12,0.87,13
"257","5c654e352f6d5e000174bae5",0,0.52,0.9,13
"258","5c654e352f6d5e000174bae5",0,0.54,0.96,13
"259","5c654e352f6d5e000174bae5",0,0.53,0.95,13
"260","5c654e352f6d5e000174bae5",0,0.53,0.97,13
"261","5c8bdc00302d6c0016a70680",0,0.41,0.85,14
"262","5c8bdc00302d6c0016a70680",0.5,0.31,0.52,14
"263","5c8bdc00302d6c0016a70680",0.5,0.28,0.41,14
"264","5c8bdc00302d6c0016a70680",0.5,0.25,0.27,14
"265","5c8bdc00302d6c0016a70680",0.5,0.29,0.42,14
"266","5c8bdc00302d6c0016a70680",0.5,0.2,0.53,14
"267","5c8bdc00302d6c0016a70680",0,0.2,0.42,14
"268","5c8bdc00302d6c0016a70680",0.5,0.32,0.46,14
"269","5c8bdc00302d6c0016a70680",0.5,0.37,0.6,14
"270","5c8bdc00302d6c0016a70680",0.5,0.25,0.69,14
"271","5c8bdc00302d6c0016a70680",0,0.32,0.74,14
"272","5c8bdc00302d6c0016a70680",0,0.28,0.81,14
"273","5c8bdc00302d6c0016a70680",0.5,0.29,0.83,14
"274","5c8bdc00302d6c0016a70680",0,0.25,0.86,14
"275","5c8bdc00302d6c0016a70680",0,0.3,0.86,14
"276","5c8bdc00302d6c0016a70680",0,0.45,0.98,14
"277","5c8bdc00302d6c0016a70680",0,0.55,0.98,14
"278","5c8bdc00302d6c0016a70680",0,0.55,0.99,14
"279","5c8bdc00302d6c0016a70680",0,0.58,1,14
"280","5c8bdc00302d6c0016a70680",0.5,0.52,1,14
"281","5ca1f3847a29720017ba6e03",0,0.1,0.9,15
"282","5ca1f3847a29720017ba6e03",0,0.1,0.9,15
"283","5ca1f3847a29720017ba6e03",0.5,0.1,0.9,15
"284","5ca1f3847a29720017ba6e03",0.5,0,1,15
"285","5ca1f3847a29720017ba6e03",0,0,1,15
"286","5ca1f3847a29720017ba6e03",0,0,1,15
"287","5ca1f3847a29720017ba6e03",0,0,1,15
"288","5ca1f3847a29720017ba6e03",0,0,1,15
"289","5ca1f3847a29720017ba6e03",0,0,1,15
"290","5ca1f3847a29720017ba6e03",0,0,1,15
"291","5ca1f3847a29720017ba6e03",0.5,0,1,15
"292","5ca1f3847a29720017ba6e03",0.5,0.02,0.98,15
"293","5ca1f3847a29720017ba6e03",0,0.1,0.9,15
"294","5ca1f3847a29720017ba6e03",0.5,0.1,0.9,15
"295","5ca1f3847a29720017ba6e03",0.5,0.1,0.9,15
"296","5ca1f3847a29720017ba6e03",0,0.15,0.85,15
"297","5ca1f3847a29720017ba6e03",0.5,0.11,0.9,15
"298","5ca1f3847a29720017ba6e03",0.5,0.1,0.9,15
"299","5ca1f3847a29720017ba6e03",0.5,0.02,0.98,15
"300","5ca1f3847a29720017ba6e03",0.5,0.04,0.96,15
"301","5cade9a95baa830017900127",0.5,0.41,0.75,16
"302","5cade9a95baa830017900127",0,0.58,0.91,16
"303","5cade9a95baa830017900127",0,0.63,0.96,16
"304","5cade9a95baa830017900127",0,0.69,0.99,16
"305","5cade9a95baa830017900127",0,0.76,0.99,16
"306","5cade9a95baa830017900127",0,0.75,0.98,16
"307","5cade9a95baa830017900127",0,0.81,0.99,16
"308","5cade9a95baa830017900127",0.5,0.2,0.51,16
"309","5cade9a95baa830017900127",0,0.8,0.98,16
"310","5cade9a95baa830017900127",0,0.8,0.99,16
"311","5cade9a95baa830017900127",0,0.84,0.98,16
"312","5cade9a95baa830017900127",0.5,0.29,0.54,16
"313","5cade9a95baa830017900127",0.5,0.27,0.51,16
"314","5cade9a95baa830017900127",0.5,0.31,0.52,16
"315","5cade9a95baa830017900127",0.5,0.32,0.51,16
"316","5cade9a95baa830017900127",0.5,0.3,0.48,16
"317","5cade9a95baa830017900127",0.5,0.3,0.51,16
"318","5cade9a95baa830017900127",0,0.86,1,16
"319","5cade9a95baa830017900127",0.5,0.31,0.49,16
"320","5cade9a95baa830017900127",0.5,0.31,0.5,16
"321","5cb237be9d908d000120453a",0,0.98,1,17
"322","5cb237be9d908d000120453a",0.5,0.33,0.35,17
"323","5cb237be9d908d000120453a",0.5,0.51,0.51,17
"324","5cb237be9d908d000120453a",0.5,0.39,0.4,17
"325","5cb237be9d908d000120453a",0.5,0.32,0.31,17
"326","5cb237be9d908d000120453a",0.5,0.33,0.34,17
"327","5cb237be9d908d000120453a",0,0.96,0.97,17
"328","5cb237be9d908d000120453a",0.5,0.3,0.31,17
"329","5cb237be9d908d000120453a",0.5,0.36,0.35,17
"330","5cb237be9d908d000120453a",0.5,0.36,0.32,17
"331","5cb237be9d908d000120453a",0,0.97,0.98,17
"332","5cb237be9d908d000120453a",0,0.98,1,17
"333","5cb237be9d908d000120453a",0,0.98,0.98,17
"334","5cb237be9d908d000120453a",0,0.98,0.99,17
"335","5cb237be9d908d000120453a",0,0.98,0.99,17
"336","5cb237be9d908d000120453a",0,0.98,0.98,17
"337","5cb237be9d908d000120453a",0,0.98,0.98,17
"338","5cb237be9d908d000120453a",0.5,0.28,0.3,17
"339","5cb237be9d908d000120453a",0.5,0.31,0.31,17
"340","5cb237be9d908d000120453a",0,0.98,0.97,17
"341","5ce65aa96ad4e50001097566",0.5,0.22,0.17,18
"342","5ce65aa96ad4e50001097566",0.5,0.2,0.19,18
"343","5ce65aa96ad4e50001097566",0.5,0.22,0.25,18
"344","5ce65aa96ad4e50001097566",0.5,0.14,0.12,18
"345","5ce65aa96ad4e50001097566",0,0.97,0.97,18
"346","5ce65aa96ad4e50001097566",0.5,0.09,0.11,18
"347","5ce65aa96ad4e50001097566",0.5,0.1,0.1,18
"348","5ce65aa96ad4e50001097566",0,0.97,0.97,18
"349","5ce65aa96ad4e50001097566",0.5,0.07,0.05,18
"350","5ce65aa96ad4e50001097566",0.5,0.07,0.09,18
"351","5ce65aa96ad4e50001097566",0,0.95,0.96,18
"352","5ce65aa96ad4e50001097566",0.5,0.11,0.1,18
"353","5ce65aa96ad4e50001097566",0.5,0.08,0.08,18
"354","5ce65aa96ad4e50001097566",0,0.97,0.97,18
"355","5ce65aa96ad4e50001097566",0,0.94,0.97,18
"356","5ce65aa96ad4e50001097566",0,0.45,0.98,18
"357","5ce65aa96ad4e50001097566",0,0.97,0.96,18
"358","5ce65aa96ad4e50001097566",0,0.98,0.94,18
"359","5ce65aa96ad4e50001097566",0,0.96,0.97,18
"360","5ce65aa96ad4e50001097566",0,0.97,0.99,18
"361","5d0124a5b35d41000152ded3",0,0.59,1,19
"362","5d0124a5b35d41000152ded3",0.5,0.04,0.31,19
"363","5d0124a5b35d41000152ded3",0,0.69,0.95,19
"364","5d0124a5b35d41000152ded3",0.5,0.52,0.64,19
"365","5d0124a5b35d41000152ded3",0.5,0.47,0.52,19
"366","5d0124a5b35d41000152ded3",0.5,0.28,0.69,19
"367","5d0124a5b35d41000152ded3",0.5,0.3,0.61,19
"368","5d0124a5b35d41000152ded3",0.5,0.29,0.66,19
"369","5d0124a5b35d41000152ded3",0.5,0.42,0.64,19
"370","5d0124a5b35d41000152ded3",0.5,0.4,0.63,19
"371","5d0124a5b35d41000152ded3",0.5,0.36,0.66,19
"372","5d0124a5b35d41000152ded3",0,0.32,1,19
"373","5d0124a5b35d41000152ded3",0,0.51,1,19
"374","5d0124a5b35d41000152ded3",0,0.43,1,19
"375","5d0124a5b35d41000152ded3",0.5,0.34,0.54,19
"376","5d0124a5b35d41000152ded3",0,0.49,0.84,19
"377","5d0124a5b35d41000152ded3",0,0.43,1,19
"378","5d0124a5b35d41000152ded3",0,0.41,1,19
"379","5d0124a5b35d41000152ded3",0,0.4,1,19
"380","5d0124a5b35d41000152ded3",0,0.44,1,19
"381","5d24c2146dd2960016cef0b7",0,0,1,20
"382","5d24c2146dd2960016cef0b7",0.5,0.52,0.5,20
"383","5d24c2146dd2960016cef0b7",0,0,1,20
"384","5d24c2146dd2960016cef0b7",0.5,0.49,0.49,20
"385","5d24c2146dd2960016cef0b7",0.5,0.49,0.48,20
"386","5d24c2146dd2960016cef0b7",0.5,0.33,0.69,20
"387","5d24c2146dd2960016cef0b7",0.5,0.36,0.62,20
"388","5d24c2146dd2960016cef0b7",0.5,0.34,0.66,20
"389","5d24c2146dd2960016cef0b7",0.5,0.34,0.66,20
"390","5d24c2146dd2960016cef0b7",0.5,0.23,0.67,20
"391","5d24c2146dd2960016cef0b7",0,0.12,0.86,20
"392","5d24c2146dd2960016cef0b7",0,0.11,0.89,20
"393","5d24c2146dd2960016cef0b7",0.5,0.17,0.84,20
"394","5d24c2146dd2960016cef0b7",0,0.14,0.86,20
"395","5d24c2146dd2960016cef0b7",0,0.08,0.87,20
"396","5d24c2146dd2960016cef0b7",0,0.82,0.99,20
"397","5d24c2146dd2960016cef0b7",0,0.97,0.98,20
"398","5d24c2146dd2960016cef0b7",0.5,0.84,0.99,20
"399","5d24c2146dd2960016cef0b7",0,0.98,0.99,20
"400","5d24c2146dd2960016cef0b7",0,0.98,0.99,20
"401","5d2e2703a845b0001b439e08",0.5,0.3,0.2,21
"402","5d2e2703a845b0001b439e08",0.5,0.4,0.2,21
"403","5d2e2703a845b0001b439e08",0,0.5,0.7,21
"404","5d2e2703a845b0001b439e08",0,0.5,0.8,21
"405","5d2e2703a845b0001b439e08",0.5,0.4,0.65,21
"406","5d2e2703a845b0001b439e08",0.5,0.35,0.55,21
"407","5d2e2703a845b0001b439e08",0.5,0.3,0.5,21
"408","5d2e2703a845b0001b439e08",0.5,0.2,0.45,21
"409","5d2e2703a845b0001b439e08",0.5,0.2,0.3,21
"410","5d2e2703a845b0001b439e08",0.5,0.2,0.3,21
"411","5d2e2703a845b0001b439e08",0,0.45,0.6,21
"412","5d2e2703a845b0001b439e08",0.5,0.2,0.3,21
"413","5d2e2703a845b0001b439e08",0,0.45,0.6,21
"414","5d2e2703a845b0001b439e08",0,0.5,0.7,21
"415","5d2e2703a845b0001b439e08",0,0.5,0.75,21
"416","5d2e2703a845b0001b439e08",0,0.5,1,21
"417","5d2e2703a845b0001b439e08",0.5,0.5,0.7,21
"418","5d2e2703a845b0001b439e08",0,0.5,1,21
"419","5d2e2703a845b0001b439e08",0,0.5,1,21
"420","5d2e2703a845b0001b439e08",0,0.55,1,21
"421","5d5402545aef9b000118fd50",0.5,0.4,0.5,22
"422","5d5402545aef9b000118fd50",0.5,0.36,0.39,22
"423","5d5402545aef9b000118fd50",0.5,0.39,0.41,22
"424","5d5402545aef9b000118fd50",0.5,0.39,0.37,22
"425","5d5402545aef9b000118fd50",0.5,0.29,0.35,22
"426","5d5402545aef9b000118fd50",0,0.75,0.65,22
"427","5d5402545aef9b000118fd50",0.5,0.29,0.36,22
"428","5d5402545aef9b000118fd50",0,0.66,0.59,22
"429","5d5402545aef9b000118fd50",0.5,0.23,0.34,22
"430","5d5402545aef9b000118fd50",0.5,0.27,0.28,22
"431","5d5402545aef9b000118fd50",0,0.72,0.63,22
"432","5d5402545aef9b000118fd50",0,0.8,0.74,22
"433","5d5402545aef9b000118fd50",0,0.71,0.69,22
"434","5d5402545aef9b000118fd50",0,0.77,0.78,22
"435","5d5402545aef9b000118fd50",0,0.87,0.72,22
"436","5d5402545aef9b000118fd50",0,0.87,0.83,22
"437","5d5402545aef9b000118fd50",0.5,0.38,0.25,22
"438","5d5402545aef9b000118fd50",0.5,0.32,0.23,22
"439","5d5402545aef9b000118fd50",0,0.85,0.77,22
"440","5d5402545aef9b000118fd50",0,0.75,0.76,22
"441","5d6ae722c160f500175daa9b",0.5,0,0.35,23
"442","5d6ae722c160f500175daa9b",0.5,0.01,0.57,23
"443","5d6ae722c160f500175daa9b",0.5,0,0.11,23
"444","5d6ae722c160f500175daa9b",0.5,0,0.06,23
"445","5d6ae722c160f500175daa9b",0.5,0,0.27,23
"446","5d6ae722c160f500175daa9b",0.5,0.01,0.5,23
"447","5d6ae722c160f500175daa9b",0.5,0,0.33,23
"448","5d6ae722c160f500175daa9b",0.5,0,0.08,23
"449","5d6ae722c160f500175daa9b",0,0.26,0.79,23
"450","5d6ae722c160f500175daa9b",0,0.59,0.55,23
"451","5d6ae722c160f500175daa9b",0.5,0,0.11,23
"452","5d6ae722c160f500175daa9b",0,0.4,0.59,23
"453","5d6ae722c160f500175daa9b",0,0.09,0.6,23
"454","5d6ae722c160f500175daa9b",0,0.31,0.7,23
"455","5d6ae722c160f500175daa9b",0,0.04,0.87,23
"456","5d6ae722c160f500175daa9b",0.5,0,0.24,23
"457","5d6ae722c160f500175daa9b",0,0.14,0.76,23
"458","5d6ae722c160f500175daa9b",0,0.04,0.42,23
"459","5d6ae722c160f500175daa9b",0,0.7,0.07,23
"460","5d6ae722c160f500175daa9b",0,0.67,0.85,23
"461","5d87eff52447650001f822cc",0,0.7,1,24
"462","5d87eff52447650001f822cc",0,0.76,1,24
"463","5d87eff52447650001f822cc",0,0.75,1,24
"464","5d87eff52447650001f822cc",0.5,0.67,1,24
"465","5d87eff52447650001f822cc",0,0.86,1,24
"466","5d87eff52447650001f822cc",0,0.73,0.97,24
"467","5d87eff52447650001f822cc",0,0.78,1,24
"468","5d87eff52447650001f822cc",0,0.84,1,24
"469","5d87eff52447650001f822cc",0,0.83,1,24
"470","5d87eff52447650001f822cc",0.5,0.75,1,24
"471","5d87eff52447650001f822cc",0.5,0.83,1,24
"472","5d87eff52447650001f822cc",0.5,0.86,1,24
"473","5d87eff52447650001f822cc",0.5,0.83,1,24
"474","5d87eff52447650001f822cc",0.5,0.82,1,24
"475","5d87eff52447650001f822cc",0,0.82,1,24
"476","5d87eff52447650001f822cc",0.5,0.82,1,24
"477","5d87eff52447650001f822cc",0.5,0.77,1,24
"478","5d87eff52447650001f822cc",0.5,0.79,1,24
"479","5d87eff52447650001f822cc",0.5,0.82,1,24
"480","5d87eff52447650001f822cc",0,0.79,1,24
"481","5da1eb441b927a00168d2a30",0,0.6,0.9,25
"482","5da1eb441b927a00168d2a30",0,0.7,0.92,25
"483","5da1eb441b927a00168d2a30",0,0.85,0.95,25
"484","5da1eb441b927a00168d2a30",0.5,0.75,0.85,25
"485","5da1eb441b927a00168d2a30",0,0.75,0.9,25
"486","5da1eb441b927a00168d2a30",0,0.9,0.95,25
"487","5da1eb441b927a00168d2a30",0,1,1,25
"488","5da1eb441b927a00168d2a30",0,1,1,25
"489","5da1eb441b927a00168d2a30",0,1,1,25
"490","5da1eb441b927a00168d2a30",0.5,1,1,25
"491","5da1eb441b927a00168d2a30",0.5,0.95,0.95,25
"492","5da1eb441b927a00168d2a30",0.5,0.9,0.95,25
"493","5da1eb441b927a00168d2a30",0.5,0.7,0.8,25
"494","5da1eb441b927a00168d2a30",0.5,0.75,0.8,25
"495","5da1eb441b927a00168d2a30",0.5,0.6,0.65,25
"496","5da1eb441b927a00168d2a30",0.5,0.7,0.7,25
"497","5da1eb441b927a00168d2a30",0.5,0.7,0.75,25
"498","5da1eb441b927a00168d2a30",0,0.8,0.85,25
"499","5da1eb441b927a00168d2a30",0.5,0.8,0.8,25
"500","5da1eb441b927a00168d2a30",0,0.85,0.95,25
"501","5db1f2b6dd5fa3000a552ede",0.5,0.44,0.38,26
"502","5db1f2b6dd5fa3000a552ede",0.5,0.48,0.4,26
"503","5db1f2b6dd5fa3000a552ede",0.5,0.49,0.4,26
"504","5db1f2b6dd5fa3000a552ede",0,0.88,0.87,26
"505","5db1f2b6dd5fa3000a552ede",0.5,0.49,0.49,26
"506","5db1f2b6dd5fa3000a552ede",0.5,0.46,0.4,26
"507","5db1f2b6dd5fa3000a552ede",0,0.63,0.59,26
"508","5db1f2b6dd5fa3000a552ede",0.5,0.5,0.62,26
"509","5db1f2b6dd5fa3000a552ede",0.5,0.44,0.6,26
"510","5db1f2b6dd5fa3000a552ede",0.5,0.47,0.52,26
"511","5db1f2b6dd5fa3000a552ede",0,0.71,0.84,26
"512","5db1f2b6dd5fa3000a552ede",0,0.76,0.67,26
"513","5db1f2b6dd5fa3000a552ede",0,0.82,1,26
"514","5db1f2b6dd5fa3000a552ede",0,0.64,0.57,26
"515","5db1f2b6dd5fa3000a552ede",0,0.6,0.57,26
"516","5db1f2b6dd5fa3000a552ede",0,0.57,0.81,26
"517","5db1f2b6dd5fa3000a552ede",0,0.52,0.76,26
"518","5db1f2b6dd5fa3000a552ede",0.5,0.55,0.52,26
"519","5db1f2b6dd5fa3000a552ede",0.5,0.51,0.6,26
"520","5db1f2b6dd5fa3000a552ede",0,0.57,0.71,26
"521","5dd28e64cf08aa2982532314",0,0.49,0.98,27
"522","5dd28e64cf08aa2982532314",0.5,0.48,0.66,27
"523","5dd28e64cf08aa2982532314",0,0.68,1,27
"524","5dd28e64cf08aa2982532314",0,0.29,1,27
"525","5dd28e64cf08aa2982532314",0,0.73,1,27
"526","5dd28e64cf08aa2982532314",0,0.96,1,27
"527","5dd28e64cf08aa2982532314",0,0.86,1,27
"528","5dd28e64cf08aa2982532314",0,0.95,1,27
"529","5dd28e64cf08aa2982532314",0,0.92,1,27
"530","5dd28e64cf08aa2982532314",0.5,0.88,0.93,27
"531","5dd28e64cf08aa2982532314",0.5,0.76,0.74,27
"532","5dd28e64cf08aa2982532314",0.5,0.6,0.78,27
"533","5dd28e64cf08aa2982532314",0.5,0.48,0.5,27
"534","5dd28e64cf08aa2982532314",0,0.52,0.59,27
"535","5dd28e64cf08aa2982532314",0.5,0.5,0.5,27
"536","5dd28e64cf08aa2982532314",0.5,0.46,0.47,27
"537","5dd28e64cf08aa2982532314",0.5,0.41,0.41,27
"538","5dd28e64cf08aa2982532314",0.5,0.36,0.37,27
"539","5dd28e64cf08aa2982532314",0.5,0.34,0.33,27
"540","5dd28e64cf08aa2982532314",0,0.49,0.5,27
"541","5df77c5f69a11751a9e8c6d7",0.5,0.08,0.49,28
"542","5df77c5f69a11751a9e8c6d7",0.5,0.1,0.46,28
"543","5df77c5f69a11751a9e8c6d7",0.5,0,0.54,28
"544","5df77c5f69a11751a9e8c6d7",0.5,0,0.68,28
"545","5df77c5f69a11751a9e8c6d7",0,0.46,0.58,28
"546","5df77c5f69a11751a9e8c6d7",0,0.39,0.95,28
"547","5df77c5f69a11751a9e8c6d7",0.5,0.37,0.78,28
"548","5df77c5f69a11751a9e8c6d7",0.5,0.28,0.55,28
"549","5df77c5f69a11751a9e8c6d7",0.5,0.27,0.86,28
"550","5df77c5f69a11751a9e8c6d7",0.5,0.25,0.6,28
"551","5df77c5f69a11751a9e8c6d7",0,0.64,0.96,28
"552","5df77c5f69a11751a9e8c6d7",0,0.98,0.79,28
"553","5df77c5f69a11751a9e8c6d7",0,0.93,0.97,28
"554","5df77c5f69a11751a9e8c6d7",0.5,0.64,0.97,28
"555","5df77c5f69a11751a9e8c6d7",0.5,0.49,0.96,28
"556","5df77c5f69a11751a9e8c6d7",0,0.67,0.98,28
"557","5df77c5f69a11751a9e8c6d7",0,0.74,0.98,28
"558","5df77c5f69a11751a9e8c6d7",0,0.92,0.93,28
"559","5df77c5f69a11751a9e8c6d7",0,0.96,0.96,28
"560","5df77c5f69a11751a9e8c6d7",0,0.99,1,28
"561","5e06174335a7a5006aa0df98",0,0.87,0.7,29
"562","5e06174335a7a5006aa0df98",0,0.31,0.65,29
"563","5e06174335a7a5006aa0df98",0,0.35,0.76,29
"564","5e06174335a7a5006aa0df98",0.5,0.21,0.38,29
"565","5e06174335a7a5006aa0df98",0,0.25,0.27,29
"566","5e06174335a7a5006aa0df98",0,0.61,0.75,29
"567","5e06174335a7a5006aa0df98",0.5,0.15,0.71,29
"568","5e06174335a7a5006aa0df98",0,0.16,0.94,29
"569","5e06174335a7a5006aa0df98",0,0.28,0.61,29
"570","5e06174335a7a5006aa0df98",0,0.4,0.93,29
"571","5e06174335a7a5006aa0df98",0,0.27,0.76,29
"572","5e06174335a7a5006aa0df98",0.5,0.15,0.83,29
"573","5e06174335a7a5006aa0df98",0.5,0.87,0.88,29
"574","5e06174335a7a5006aa0df98",0.5,0.16,0.48,29
"575","5e06174335a7a5006aa0df98",0.5,0.21,0.32,29
"576","5e06174335a7a5006aa0df98",0.5,0.23,0.32,29
"577","5e06174335a7a5006aa0df98",0,0.47,0.76,29
"578","5e06174335a7a5006aa0df98",0.5,0.31,0.41,29
"579","5e06174335a7a5006aa0df98",0.5,0.25,0.31,29
"580","5e06174335a7a5006aa0df98",0.5,0.22,0.26,29
"581","5e067f13e632e10594734ab5",0.5,0.37,0.41,30
"582","5e067f13e632e10594734ab5",0,0.64,0.83,30
"583","5e067f13e632e10594734ab5",0,0.7,0.76,30
"584","5e067f13e632e10594734ab5",0.5,0.29,0.48,30
"585","5e067f13e632e10594734ab5",0,0.82,0.81,30
"586","5e067f13e632e10594734ab5",0,0.7,0.76,30
"587","5e067f13e632e10594734ab5",0,0.71,0.84,30
"588","5e067f13e632e10594734ab5",0,0.73,0.85,30
"589","5e067f13e632e10594734ab5",0,0.72,0.84,30
"590","5e067f13e632e10594734ab5",0,0.78,0.83,30
"591","5e067f13e632e10594734ab5",0,0.68,0.82,30
"592","5e067f13e632e10594734ab5",0.5,0.21,0.3,30
"593","5e067f13e632e10594734ab5",0.5,0.31,0.35,30
"594","5e067f13e632e10594734ab5",0.5,0.3,0.31,30
"595","5e067f13e632e10594734ab5",0.5,0.29,0.3,30
"596","5e067f13e632e10594734ab5",0.5,0.34,0.28,30
"597","5e067f13e632e10594734ab5",0,0.71,0.86,30
"598","5e067f13e632e10594734ab5",0.5,0.3,0.3,30
"599","5e067f13e632e10594734ab5",0.5,0.26,0.31,30
"600","5e067f13e632e10594734ab5",0.5,0.29,0.3,30
"601","5e360848a42bce5c5fce0b89",0.5,0.9,0.91,31
"602","5e360848a42bce5c5fce0b89",0.5,0.88,0.86,31
"603","5e360848a42bce5c5fce0b89",0.5,0.9,0.88,31
"604","5e360848a42bce5c5fce0b89",0.5,0.89,0.91,31
"605","5e360848a42bce5c5fce0b89",0,0.87,0.88,31
"606","5e360848a42bce5c5fce0b89",0.5,0.88,0.88,31
"607","5e360848a42bce5c5fce0b89",0.5,0.87,0.88,31
"608","5e360848a42bce5c5fce0b89",0.5,0.9,0.89,31
"609","5e360848a42bce5c5fce0b89",0,0.9,0.89,31
"610","5e360848a42bce5c5fce0b89",0.5,0.84,0.87,31
"611","5e360848a42bce5c5fce0b89",0,0.92,0.91,31
"612","5e360848a42bce5c5fce0b89",0,0.91,0.89,31
"613","5e360848a42bce5c5fce0b89",0,0.88,0.86,31
"614","5e360848a42bce5c5fce0b89",0,0.88,0.87,31
"615","5e360848a42bce5c5fce0b89",0,0.9,0.89,31
"616","5e360848a42bce5c5fce0b89",0,0.91,0.86,31
"617","5e360848a42bce5c5fce0b89",0.5,0.96,0.96,31
"618","5e360848a42bce5c5fce0b89",0,0.97,0.97,31
"619","5e360848a42bce5c5fce0b89",0,1,0.96,31
"620","5e360848a42bce5c5fce0b89",0.5,0.98,0.97,31
"621","5e6a53649dae0e000cbe6857",0.5,0,0.15,32
"622","5e6a53649dae0e000cbe6857",0.5,0,0.14,32
"623","5e6a53649dae0e000cbe6857",0.5,0,0.13,32
"624","5e6a53649dae0e000cbe6857",0.5,0,0.15,32
"625","5e6a53649dae0e000cbe6857",0.5,0,0.13,32
"626","5e6a53649dae0e000cbe6857",0,0.54,0.74,32
"627","5e6a53649dae0e000cbe6857",0,0.5,0.76,32
"628","5e6a53649dae0e000cbe6857",0.5,0.08,0.17,32
"629","5e6a53649dae0e000cbe6857",0.5,0,0.07,32
"630","5e6a53649dae0e000cbe6857",0.5,0.03,0.12,32
"631","5e6a53649dae0e000cbe6857",0.5,0,0.1,32
"632","5e6a53649dae0e000cbe6857",0,0.5,0.62,32
"633","5e6a53649dae0e000cbe6857",0,0.33,0.67,32
"634","5e6a53649dae0e000cbe6857",0,0.57,0.73,32
"635","5e6a53649dae0e000cbe6857",0,0.54,0.76,32
"636","5e6a53649dae0e000cbe6857",0,0.63,0.8,32
"637","5e6a53649dae0e000cbe6857",0.5,0.49,0.5,32
"638","5e6a53649dae0e000cbe6857",0,0.57,0.82,32
"639","5e6a53649dae0e000cbe6857",0,0.73,0.77,32
"640","5e6a53649dae0e000cbe6857",0,0.79,0.92,32
"641","5e713a14dcb6a904c303ade8",0,0.79,0.98,33
"642","5e713a14dcb6a904c303ade8",0.5,0.55,0.77,33
"643","5e713a14dcb6a904c303ade8",0,0.84,0.67,33
"644","5e713a14dcb6a904c303ade8",0.5,0.71,0.63,33
"645","5e713a14dcb6a904c303ade8",0.5,0.54,0.58,33
"646","5e713a14dcb6a904c303ade8",0.5,0.6,0.59,33
"647","5e713a14dcb6a904c303ade8",0.5,0.55,0.57,33
"648","5e713a14dcb6a904c303ade8",0.5,0.56,0.53,33
"649","5e713a14dcb6a904c303ade8",0.5,0.53,0.55,33
"650","5e713a14dcb6a904c303ade8",0.5,0.6,0.63,33
"651","5e713a14dcb6a904c303ade8",0,0.75,0.76,33
"652","5e713a14dcb6a904c303ade8",0,0.64,0.82,33
"653","5e713a14dcb6a904c303ade8",0.5,0.7,0.78,33
"654","5e713a14dcb6a904c303ade8",0,0.9,0.91,33
"655","5e713a14dcb6a904c303ade8",0,0.72,0.76,33
"656","5e713a14dcb6a904c303ade8",0,0.74,0.91,33
"657","5e713a14dcb6a904c303ade8",0,0.72,0.95,33
"658","5e713a14dcb6a904c303ade8",0,0.68,0.89,33
"659","5e713a14dcb6a904c303ade8",0,0.7,0.79,33
"660","5e713a14dcb6a904c303ade8",0.5,0.46,0.75,33
"661","5e7772003da1362dc44fdea9",0,0.89,0.92,34
"662","5e7772003da1362dc44fdea9",0,0.91,0.89,34
"663","5e7772003da1362dc44fdea9",0.5,0.7,0.94,34
"664","5e7772003da1362dc44fdea9",0,0.99,0.98,34
"665","5e7772003da1362dc44fdea9",0,0.98,0.99,34
"666","5e7772003da1362dc44fdea9",0.5,0.69,0.98,34
"667","5e7772003da1362dc44fdea9",0,0.99,1,34
"668","5e7772003da1362dc44fdea9",0,0.99,0.99,34
"669","5e7772003da1362dc44fdea9",0,0.99,0.99,34
"670","5e7772003da1362dc44fdea9",0,0.98,0.99,34
"671","5e7772003da1362dc44fdea9",0.5,0.78,0.99,34
"672","5e7772003da1362dc44fdea9",0.5,0.6,0.95,34
"673","5e7772003da1362dc44fdea9",0.5,0.56,0.93,34
"674","5e7772003da1362dc44fdea9",0.5,0.61,0.95,34
"675","5e7772003da1362dc44fdea9",0,0.97,0.99,34
"676","5e7772003da1362dc44fdea9",0.5,0.75,0.95,34
"677","5e7772003da1362dc44fdea9",0.5,0.69,0.93,34
"678","5e7772003da1362dc44fdea9",0,0.97,0.98,34
"679","5e7772003da1362dc44fdea9",0.5,0.72,0.95,34
"680","5e7772003da1362dc44fdea9",0.5,0.7,0.92,34
"681","5e8cb846e94a4406307d6da2",0,0.3,1,35
"682","5e8cb846e94a4406307d6da2",0.5,0,0.5,35
"683","5e8cb846e94a4406307d6da2",0,0.5,1,35
"684","5e8cb846e94a4406307d6da2",0,0.3,1,35
"685","5e8cb846e94a4406307d6da2",0,0.65,1,35
"686","5e8cb846e94a4406307d6da2",0,0.71,1,35
"687","5e8cb846e94a4406307d6da2",0.5,0.32,0.7,35
"688","5e8cb846e94a4406307d6da2",0,0.57,1,35
"689","5e8cb846e94a4406307d6da2",0,0.63,1,35
"690","5e8cb846e94a4406307d6da2",0,0.77,1,35
"691","5e8cb846e94a4406307d6da2",0.5,0.25,0.5,35
"692","5e8cb846e94a4406307d6da2",0.5,0.19,0.49,35
"693","5e8cb846e94a4406307d6da2",0.5,0.21,0.51,35
"694","5e8cb846e94a4406307d6da2",0.5,0.25,0.5,35
"695","5e8cb846e94a4406307d6da2",0,0.32,1,35
"696","5e8cb846e94a4406307d6da2",0.5,0.3,0.51,35
"697","5e8cb846e94a4406307d6da2",0,0.46,1,35
"698","5e8cb846e94a4406307d6da2",0.5,0.21,0.5,35
"699","5e8cb846e94a4406307d6da2",0.5,0.16,0.3,35
"700","5e8cb846e94a4406307d6da2",0.5,0.27,0.28,35
"701","5ea16f92a2f503017ada93dc",0.5,0.01,0.99,36
"702","5ea16f92a2f503017ada93dc",0.5,0.01,0.99,36
"703","5ea16f92a2f503017ada93dc",0,0.98,0.98,36
"704","5ea16f92a2f503017ada93dc",0.5,0.01,0.99,36
"705","5ea16f92a2f503017ada93dc",0.5,0.02,0.98,36
"706","5ea16f92a2f503017ada93dc",0.5,0.02,0.97,36
"707","5ea16f92a2f503017ada93dc",0.5,0.01,0.98,36
"708","5ea16f92a2f503017ada93dc",0.5,0.01,0.98,36
"709","5ea16f92a2f503017ada93dc",0,0.98,0.98,36
"710","5ea16f92a2f503017ada93dc",0.5,0.01,0.98,36
"711","5ea16f92a2f503017ada93dc",0,0.98,0.98,36
"712","5ea16f92a2f503017ada93dc",0,0.98,0.99,36
"713","5ea16f92a2f503017ada93dc",0,0.97,0.98,36
"714","5ea16f92a2f503017ada93dc",0.5,0.02,0.98,36
"715","5ea16f92a2f503017ada93dc",0,0.97,0.97,36
"716","5ea16f92a2f503017ada93dc",0,0.98,0.98,36
"717","5ea16f92a2f503017ada93dc",0,0.98,0.99,36
"718","5ea16f92a2f503017ada93dc",0,0.98,0.98,36
"719","5ea16f92a2f503017ada93dc",0,0.98,0.98,36
"720","5ea16f92a2f503017ada93dc",0.5,0.02,0.99,36
"721","5ea343dd9b066613c3804f6e",0,0.2,1,37
"722","5ea343dd9b066613c3804f6e",0,0,1,37
"723","5ea343dd9b066613c3804f6e",0,0.18,1,37
"724","5ea343dd9b066613c3804f6e",0.5,0,0.51,37
"725","5ea343dd9b066613c3804f6e",0.5,0.05,1,37
"726","5ea343dd9b066613c3804f6e",0,0,0.97,37
"727","5ea343dd9b066613c3804f6e",0,0,1,37
"728","5ea343dd9b066613c3804f6e",0,0,1,37
"729","5ea343dd9b066613c3804f6e",0,0,1,37
"730","5ea343dd9b066613c3804f6e",0,0.27,1,37
"731","5ea343dd9b066613c3804f6e",0,0.26,1,37
"732","5ea343dd9b066613c3804f6e",0.5,0.48,0.51,37
"733","5ea343dd9b066613c3804f6e",0.5,0.52,0.48,37
"734","5ea343dd9b066613c3804f6e",0.5,0.47,0.43,37
"735","5ea343dd9b066613c3804f6e",0.5,0.59,0.58,37
"736","5ea343dd9b066613c3804f6e",0.5,0.61,0.57,37
"737","5ea343dd9b066613c3804f6e",0,0.54,1,37
"738","5ea343dd9b066613c3804f6e",0.5,0.55,0.59,37
"739","5ea343dd9b066613c3804f6e",0.5,0.59,0.58,37
"740","5ea343dd9b066613c3804f6e",0.5,0.58,0.61,37
"741","5ea350945df820104602e2d0",0.5,0.5,0.48,38
"742","5ea350945df820104602e2d0",0,0.51,0.52,38
"743","5ea350945df820104602e2d0",0,0.48,0.47,38
"744","5ea350945df820104602e2d0",0.5,0.5,0.5,38
"745","5ea350945df820104602e2d0",0.5,0.47,0.47,38
"746","5ea350945df820104602e2d0",0.5,0.47,0.47,38
"747","5ea350945df820104602e2d0",0.5,0.49,0.49,38
"748","5ea350945df820104602e2d0",0.5,0.44,0.45,38
"749","5ea350945df820104602e2d0",0.5,0.48,0.5,38
"750","5ea350945df820104602e2d0",0.5,0.49,0.47,38
"751","5ea350945df820104602e2d0",0.5,0.47,0.47,38
"752","5ea350945df820104602e2d0",0,0.64,0.65,38
"753","5ea350945df820104602e2d0",0,0.7,0.72,38
"754","5ea350945df820104602e2d0",0,0.76,0.75,38
"755","5ea350945df820104602e2d0",0.5,0.76,0.74,38
"756","5ea350945df820104602e2d0",0,0.84,0.85,38
"757","5ea350945df820104602e2d0",0,0.86,0.88,38
"758","5ea350945df820104602e2d0",0,0.86,0.86,38
"759","5ea350945df820104602e2d0",0,0.98,0.98,38
"760","5ea350945df820104602e2d0",0,1,0.99,38
"761","5ea96eb7083ea5057fd3003c",0,0.1,0.9,39
"762","5ea96eb7083ea5057fd3003c",0.5,0.5,0.5,39
"763","5ea96eb7083ea5057fd3003c",0.5,0.5,0.5,39
"764","5ea96eb7083ea5057fd3003c",0.5,0.5,0.5,39
"765","5ea96eb7083ea5057fd3003c",0.5,0.5,0.5,39
"766","5ea96eb7083ea5057fd3003c",0.5,0.5,0.5,39
"767","5ea96eb7083ea5057fd3003c",0,0.2,0.8,39
"768","5ea96eb7083ea5057fd3003c",0.5,0.54,0.55,39
"769","5ea96eb7083ea5057fd3003c",0.5,0.51,0.5,39
"770","5ea96eb7083ea5057fd3003c",0.5,0.5,0.5,39
"771","5ea96eb7083ea5057fd3003c",0,0.25,0.75,39
"772","5ea96eb7083ea5057fd3003c",0.5,0.4,0.5,39
"773","5ea96eb7083ea5057fd3003c",0,0.8,1,39
"774","5ea96eb7083ea5057fd3003c",0,0.8,0.8,39
"775","5ea96eb7083ea5057fd3003c",0,1,1,39
"776","5ea96eb7083ea5057fd3003c",0,1,1,39
"777","5ea96eb7083ea5057fd3003c",0.5,0.8,0.6,39
"778","5ea96eb7083ea5057fd3003c",0,1,1,39
"779","5ea96eb7083ea5057fd3003c",0,1,1,39
"780","5ea96eb7083ea5057fd3003c",0,1,1,39
"781","5eab1f263437620e2c6909eb",0.5,0.4,0.7,40
"782","5eab1f263437620e2c6909eb",0.5,0.18,0.75,40
"783","5eab1f263437620e2c6909eb",0.5,0.22,0.77,40
"784","5eab1f263437620e2c6909eb",0.5,0.17,0.59,40
"785","5eab1f263437620e2c6909eb",0.5,0.12,0.6,40
"786","5eab1f263437620e2c6909eb",0,0.35,0.86,40
"787","5eab1f263437620e2c6909eb",0.5,0.07,0.54,40
"788","5eab1f263437620e2c6909eb",0,0.2,0.76,40
"789","5eab1f263437620e2c6909eb",0.5,0.1,0.56,40
"790","5eab1f263437620e2c6909eb",0.5,0.13,0.5,40
"791","5eab1f263437620e2c6909eb",0,0.23,0.83,40
"792","5eab1f263437620e2c6909eb",0,0.58,0.77,40
"793","5eab1f263437620e2c6909eb",0,0.79,0.89,40
"794","5eab1f263437620e2c6909eb",0.5,0.4,0.59,40
"795","5eab1f263437620e2c6909eb",0,0.65,0.8,40
"796","5eab1f263437620e2c6909eb",0,0.74,0.83,40
"797","5eab1f263437620e2c6909eb",0,0.81,0.89,40
"798","5eab1f263437620e2c6909eb",0.5,0.32,0.65,40
"799","5eab1f263437620e2c6909eb",0,0.8,0.87,40
"800","5eab1f263437620e2c6909eb",0,0.72,0.74,40
"801","5ec96c05d06880489cae0e85",0,0.56,1,41
"802","5ec96c05d06880489cae0e85",0,0.53,1,41
"803","5ec96c05d06880489cae0e85",0.5,0.54,0.5,41
"804","5ec96c05d06880489cae0e85",0,1,1,41
"805","5ec96c05d06880489cae0e85",0,1,1,41
"806","5ec96c05d06880489cae0e85",0,1,1,41
"807","5ec96c05d06880489cae0e85",0.5,0.56,0.5,41
"808","5ec96c05d06880489cae0e85",0,1,1,41
"809","5ec96c05d06880489cae0e85",0,0.98,1,41
"810","5ec96c05d06880489cae0e85",0,1,1,41
"811","5ec96c05d06880489cae0e85",0.5,0.05,0.45,41
"812","5ec96c05d06880489cae0e85",0.5,0.1,0.52,41
"813","5ec96c05d06880489cae0e85",0.5,0.16,0.55,41
"814","5ec96c05d06880489cae0e85",0.5,0.13,0.57,41
"815","5ec96c05d06880489cae0e85",0.5,0.06,0.53,41
"816","5ec96c05d06880489cae0e85",0.5,0.28,0.68,41
"817","5ec96c05d06880489cae0e85",0.5,0.13,0.45,41
"818","5ec96c05d06880489cae0e85",0,1,1,41
"819","5ec96c05d06880489cae0e85",0.5,0.07,0.57,41
"820","5ec96c05d06880489cae0e85",0,1,1,41
"821","5ece8a3c088813259ffc1e0f",0,0.75,1,42
"822","5ece8a3c088813259ffc1e0f",0.5,0.01,0.51,42
"823","5ece8a3c088813259ffc1e0f",0.5,0.01,0.7,42
"824","5ece8a3c088813259ffc1e0f",0.5,0.01,0.76,42
"825","5ece8a3c088813259ffc1e0f",0.5,0.02,0.79,42
"826","5ece8a3c088813259ffc1e0f",0.5,0.03,0.77,42
"827","5ece8a3c088813259ffc1e0f",0,0.99,1,42
"828","5ece8a3c088813259ffc1e0f",0.5,0.02,0.76,42
"829","5ece8a3c088813259ffc1e0f",0.5,0.01,0.76,42
"830","5ece8a3c088813259ffc1e0f",0.5,0.03,0.8,42
"831","5ece8a3c088813259ffc1e0f",0,0.98,0.98,42
"832","5ece8a3c088813259ffc1e0f",0.5,0.01,0.81,42
"833","5ece8a3c088813259ffc1e0f",0,0.99,0.99,42
"834","5ece8a3c088813259ffc1e0f",0,0.98,0.98,42
"835","5ece8a3c088813259ffc1e0f",0,0.76,0.98,42
"836","5ece8a3c088813259ffc1e0f",0,0.6,0.99,42
"837","5ece8a3c088813259ffc1e0f",0,0.73,0.98,42
"838","5ece8a3c088813259ffc1e0f",0.5,0.03,0.98,42
"839","5ece8a3c088813259ffc1e0f",0,0.69,0.98,42
"840","5ece8a3c088813259ffc1e0f",0,0.55,0.99,42
"841","5ed8e10357f9623ee2f603e7",0,0,1,43
"842","5ed8e10357f9623ee2f603e7",0.5,0,0.5,43
"843","5ed8e10357f9623ee2f603e7",0.5,0,0.5,43
"844","5ed8e10357f9623ee2f603e7",0.5,0.1,0.4,43
"845","5ed8e10357f9623ee2f603e7",0,0.15,0.75,43
"846","5ed8e10357f9623ee2f603e7",0.5,0.2,0.75,43
"847","5ed8e10357f9623ee2f603e7",0.5,0.3,0.8,43
"848","5ed8e10357f9623ee2f603e7",0.5,0.25,0.85,43
"849","5ed8e10357f9623ee2f603e7",0.5,0.2,0.75,43
"850","5ed8e10357f9623ee2f603e7",0.5,0.19,0.63,43
"851","5ed8e10357f9623ee2f603e7",0.5,0.4,0.5,43
"852","5ed8e10357f9623ee2f603e7",0,0.4,0.5,43
"853","5ed8e10357f9623ee2f603e7",0,0.3,0.65,43
"854","5ed8e10357f9623ee2f603e7",0,0.63,0.71,43
"855","5ed8e10357f9623ee2f603e7",0,0.68,0.84,43
"856","5ed8e10357f9623ee2f603e7",0,0.66,0.8,43
"857","5ed8e10357f9623ee2f603e7",0.5,0.6,0.9,43
"858","5ed8e10357f9623ee2f603e7",0,0.7,0.9,43
"859","5ed8e10357f9623ee2f603e7",0,0.8,0.95,43
"860","5ed8e10357f9623ee2f603e7",0,0.9,1,43
"861","5edcfb851ba1889e083e218e",0.5,0.26,0.72,44
"862","5edcfb851ba1889e083e218e",0.5,0.45,0.71,44
"863","5edcfb851ba1889e083e218e",0.5,0.24,0.74,44
"864","5edcfb851ba1889e083e218e",0,0.41,0.77,44
"865","5edcfb851ba1889e083e218e",0.5,0.28,0.75,44
"866","5edcfb851ba1889e083e218e",0.5,0.31,0.76,44
"867","5edcfb851ba1889e083e218e",0.5,0.32,0.79,44
"868","5edcfb851ba1889e083e218e",0,0.3,0.74,44
"869","5edcfb851ba1889e083e218e",0.5,0.32,0.71,44
"870","5edcfb851ba1889e083e218e",0.5,0.35,0.78,44
"871","5edcfb851ba1889e083e218e",0,0.37,0.83,44
"872","5edcfb851ba1889e083e218e",0,0.36,0.92,44
"873","5edcfb851ba1889e083e218e",0,0.43,0.83,44
"874","5edcfb851ba1889e083e218e",0.5,0.31,0.72,44
"875","5edcfb851ba1889e083e218e",0,0.44,0.87,44
"876","5edcfb851ba1889e083e218e",0,0.35,0.88,44
"877","5edcfb851ba1889e083e218e",0,0.29,0.81,44
"878","5edcfb851ba1889e083e218e",0,0.31,0.77,44
"879","5edcfb851ba1889e083e218e",0.5,0.37,0.8,44
"880","5edcfb851ba1889e083e218e",0,0.37,0.92,44
"881","5ee531ca5f4c6f0be142ded4",0,1,1,45
"882","5ee531ca5f4c6f0be142ded4",0.5,0.02,0.02,45
"883","5ee531ca5f4c6f0be142ded4",0.5,0.02,0.5,45
"884","5ee531ca5f4c6f0be142ded4",0.5,0.04,0.5,45
"885","5ee531ca5f4c6f0be142ded4",0.5,0.98,0.5,45
"886","5ee531ca5f4c6f0be142ded4",0.5,0.99,0.5,45
"887","5ee531ca5f4c6f0be142ded4",0.5,0.98,0.5,45
"888","5ee531ca5f4c6f0be142ded4",0.5,0.98,0.5,45
"889","5ee531ca5f4c6f0be142ded4",0,0.99,0.5,45
"890","5ee531ca5f4c6f0be142ded4",0.5,0.98,0.5,45
"891","5ee531ca5f4c6f0be142ded4",0,1,0.5,45
"892","5ee531ca5f4c6f0be142ded4",0,1,0.5,45
"893","5ee531ca5f4c6f0be142ded4",0.5,1,0.5,45
"894","5ee531ca5f4c6f0be142ded4",0,0.98,0.5,45
"895","5ee531ca5f4c6f0be142ded4",0,1,0.5,45
"896","5ee531ca5f4c6f0be142ded4",0.5,1,0.5,45
"897","5ee531ca5f4c6f0be142ded4",0,0.99,0.5,45
"898","5ee531ca5f4c6f0be142ded4",0,0.98,0.5,45
"899","5ee531ca5f4c6f0be142ded4",0,0.98,0.5,45
"900","5ee531ca5f4c6f0be142ded4",0,0.98,0.5,45
"901","5eecdb2f8343cb0aa4ed34c6",0,1,1,46
"902","5eecdb2f8343cb0aa4ed34c6",0,1,1,46
"903","5eecdb2f8343cb0aa4ed34c6",0,1,1,46
"904","5eecdb2f8343cb0aa4ed34c6",0,1,1,46
"905","5eecdb2f8343cb0aa4ed34c6",0.5,0.8,1,46
"906","5eecdb2f8343cb0aa4ed34c6",0,1,1,46
"907","5eecdb2f8343cb0aa4ed34c6",0,1,1,46
"908","5eecdb2f8343cb0aa4ed34c6",0,1,1,46
"909","5eecdb2f8343cb0aa4ed34c6",0.5,1,0.8,46
"910","5eecdb2f8343cb0aa4ed34c6",0,1,1,46
"911","5eecdb2f8343cb0aa4ed34c6",0.5,1,0.87,46
"912","5eecdb2f8343cb0aa4ed34c6",0.5,1,0.85,46
"913","5eecdb2f8343cb0aa4ed34c6",0.5,1,0.85,46
"914","5eecdb2f8343cb0aa4ed34c6",0.5,1,0.85,46
"915","5eecdb2f8343cb0aa4ed34c6",0.5,1,0.85,46
"916","5eecdb2f8343cb0aa4ed34c6",0.5,1,0.9,46
"917","5eecdb2f8343cb0aa4ed34c6",0.5,1,0.91,46
"918","5eecdb2f8343cb0aa4ed34c6",0,1,1,46
"919","5eecdb2f8343cb0aa4ed34c6",0,1,1,46
"920","5eecdb2f8343cb0aa4ed34c6",0.5,1,0.91,46
"921","5ef22304270c550357f4dd5d",0.5,0.27,0.5,47
"922","5ef22304270c550357f4dd5d",0.5,0.18,0.5,47
"923","5ef22304270c550357f4dd5d",0.5,0.19,0.21,47
"924","5ef22304270c550357f4dd5d",0.5,0.04,0.08,47
"925","5ef22304270c550357f4dd5d",0.5,0.11,0.06,47
"926","5ef22304270c550357f4dd5d",0.5,0.03,0.07,47
"927","5ef22304270c550357f4dd5d",0,0.34,0.29,47
"928","5ef22304270c550357f4dd5d",0.5,0.08,0.09,47
"929","5ef22304270c550357f4dd5d",0,0.33,0.45,47
"930","5ef22304270c550357f4dd5d",0.5,0.05,0.09,47
"931","5ef22304270c550357f4dd5d",0.5,0.05,0.07,47
"932","5ef22304270c550357f4dd5d",0,0.3,0.27,47
"933","5ef22304270c550357f4dd5d",0,0.42,0.39,47
"934","5ef22304270c550357f4dd5d",0,0.6,0.61,47
"935","5ef22304270c550357f4dd5d",0,0.79,0.75,47
"936","5ef22304270c550357f4dd5d",0,0.7,0.71,47
"937","5ef22304270c550357f4dd5d",0.5,0.74,0.75,47
"938","5ef22304270c550357f4dd5d",0,0.79,0.76,47
"939","5ef22304270c550357f4dd5d",0,0.84,0.83,47
"940","5ef22304270c550357f4dd5d",0,0.78,0.81,47
"941","5ef329d8cfbdc00379011819",0.5,0.25,0.6,48
"942","5ef329d8cfbdc00379011819",0,0.4,0.7,48
"943","5ef329d8cfbdc00379011819",0,0.6,0.7,48
"944","5ef329d8cfbdc00379011819",0.5,0.4,0.6,48
"945","5ef329d8cfbdc00379011819",0,0.5,0.7,48
"946","5ef329d8cfbdc00379011819",0,0.55,0.8,48
"947","5ef329d8cfbdc00379011819",0,0.65,0.8,48
"948","5ef329d8cfbdc00379011819",0,0.65,0.8,48
"949","5ef329d8cfbdc00379011819",0,0.65,0.83,48
"950","5ef329d8cfbdc00379011819",0,0.7,0.85,48
"951","5ef329d8cfbdc00379011819",0.5,0.35,0.6,48
"952","5ef329d8cfbdc00379011819",0.5,0.25,0.6,48
"953","5ef329d8cfbdc00379011819",0.5,0.25,0.7,48
"954","5ef329d8cfbdc00379011819",0.5,0.25,0.7,48
"955","5ef329d8cfbdc00379011819",0.5,0.3,0.7,48
"956","5ef329d8cfbdc00379011819",0.5,0.25,0.8,48
"957","5ef329d8cfbdc00379011819",0.5,0.3,0.85,48
"958","5ef329d8cfbdc00379011819",0.5,0.26,0.73,48
"959","5ef329d8cfbdc00379011819",0,0.68,0.7,48
"960","5ef329d8cfbdc00379011819",0,0.63,0.77,48
"961","5ef360348e5e520a532e67c8",0,0.2,1,49
"962","5ef360348e5e520a532e67c8",0,0.2,1,49
"963","5ef360348e5e520a532e67c8",0,0.2,1,49
"964","5ef360348e5e520a532e67c8",0,0.2,1,49
"965","5ef360348e5e520a532e67c8",0,0.2,1,49
"966","5ef360348e5e520a532e67c8",0.5,0,0.85,49
"967","5ef360348e5e520a532e67c8",0,0.15,1,49
"968","5ef360348e5e520a532e67c8",0,0.15,1,49
"969","5ef360348e5e520a532e67c8",0.5,0.1,1,49
"970","5ef360348e5e520a532e67c8",0,0.1,1,49
"971","5ef360348e5e520a532e67c8",0.5,0.1,1,49
"972","5ef360348e5e520a532e67c8",0,0.1,1,49
"973","5ef360348e5e520a532e67c8",0.5,0.07,1,49
"974","5ef360348e5e520a532e67c8",0.5,0.05,1,49
"975","5ef360348e5e520a532e67c8",0.5,0.05,1,49
"976","5ef360348e5e520a532e67c8",0.5,0.05,1,49
"977","5ef360348e5e520a532e67c8",0.5,0.05,1,49
"978","5ef360348e5e520a532e67c8",0.5,0.05,1,49
"979","5ef360348e5e520a532e67c8",0.5,0.05,0.9,49
"980","5ef360348e5e520a532e67c8",0,0.05,0.9,49
"981","5ef8eeb63f6343097030fd37",0.5,0.53,0.52,50
"982","5ef8eeb63f6343097030fd37",0.5,0.41,0.6,50
"983","5ef8eeb63f6343097030fd37",0.5,0.73,0.78,50
"984","5ef8eeb63f6343097030fd37",0.5,0.23,0.76,50
"985","5ef8eeb63f6343097030fd37",0,0.6,0.75,50
"986","5ef8eeb63f6343097030fd37",0,0.6,0.84,50
"987","5ef8eeb63f6343097030fd37",0.5,0.44,0.6,50
"988","5ef8eeb63f6343097030fd37",0.5,0.25,0.84,50
"989","5ef8eeb63f6343097030fd37",0.5,0.32,0.72,50
"990","5ef8eeb63f6343097030fd37",0.5,0.34,0.72,50
"991","5ef8eeb63f6343097030fd37",0,0.73,0.26,50
"992","5ef8eeb63f6343097030fd37",0.5,0.55,0.72,50
"993","5ef8eeb63f6343097030fd37",0,0.94,0.93,50
"994","5ef8eeb63f6343097030fd37",0,0.8,0.86,50
"995","5ef8eeb63f6343097030fd37",0,0.97,0.96,50
"996","5ef8eeb63f6343097030fd37",0,0.8,0.92,50
"997","5ef8eeb63f6343097030fd37",0.5,0.59,0.44,50
"998","5ef8eeb63f6343097030fd37",0,0.87,0.87,50
"999","5ef8eeb63f6343097030fd37",0,0.84,0.87,50
"1000","5ef8eeb63f6343097030fd37",0,0.99,0.99,50
"1001","5efcbb97df2a840990b0da94",0,0.2,1,51
"1002","5efcbb97df2a840990b0da94",0,0.2,1,51
"1003","5efcbb97df2a840990b0da94",0,0.3,1,51
"1004","5efcbb97df2a840990b0da94",0,0.3,1,51
"1005","5efcbb97df2a840990b0da94",0,0.35,1,51
"1006","5efcbb97df2a840990b0da94",0,0.4,1,51
"1007","5efcbb97df2a840990b0da94",0.5,0,0.8,51
"1008","5efcbb97df2a840990b0da94",0.5,0.05,0.8,51
"1009","5efcbb97df2a840990b0da94",0,0.4,1,51
"1010","5efcbb97df2a840990b0da94",0,0.35,1,51
"1011","5efcbb97df2a840990b0da94",0.5,0.04,0.75,51
"1012","5efcbb97df2a840990b0da94",0.5,0.05,0.9,51
"1013","5efcbb97df2a840990b0da94",0,0.4,1,51
"1014","5efcbb97df2a840990b0da94",0.5,0.3,0.9,51
"1015","5efcbb97df2a840990b0da94",0.5,0.28,0.9,51
"1016","5efcbb97df2a840990b0da94",0.5,0.26,0.9,51
"1017","5efcbb97df2a840990b0da94",0.5,0.3,1,51
"1018","5efcbb97df2a840990b0da94",0,0.3,1,51
"1019","5efcbb97df2a840990b0da94",0.5,0.3,1,51
"1020","5efcbb97df2a840990b0da94",0.5,0.3,1,51
"1021","5efd138927b6ba154b29d7e0",0.5,0.08,0.77,52
"1022","5efd138927b6ba154b29d7e0",0,0.92,0.96,52
"1023","5efd138927b6ba154b29d7e0",0,0.93,0.98,52
"1024","5efd138927b6ba154b29d7e0",0,1,1,52
"1025","5efd138927b6ba154b29d7e0",0,0.97,0.96,52
"1026","5efd138927b6ba154b29d7e0",0,1,1,52
"1027","5efd138927b6ba154b29d7e0",0.5,0.04,0.04,52
"1028","5efd138927b6ba154b29d7e0",0,1,1,52
"1029","5efd138927b6ba154b29d7e0",0,1,1,52
"1030","5efd138927b6ba154b29d7e0",0,0.98,1,52
"1031","5efd138927b6ba154b29d7e0",0.5,0,0,52
"1032","5efd138927b6ba154b29d7e0",0.5,0.07,0.08,52
"1033","5efd138927b6ba154b29d7e0",0.5,0.05,0.06,52
"1034","5efd138927b6ba154b29d7e0",0.5,0.06,0.07,52
"1035","5efd138927b6ba154b29d7e0",0.5,0.08,0.07,52
"1036","5efd138927b6ba154b29d7e0",0,0.93,1,52
"1037","5efd138927b6ba154b29d7e0",0,0.95,1,52
"1038","5efd138927b6ba154b29d7e0",0.5,0.05,0.12,52
"1039","5efd138927b6ba154b29d7e0",0.5,0.02,0.08,52
"1040","5efd138927b6ba154b29d7e0",0.5,0.01,0.18,52
"1041","5efe1017a220682cb76fd5f0",0.5,0.5,0.5,53
"1042","5efe1017a220682cb76fd5f0",0.5,0.5,0.5,53
"1043","5efe1017a220682cb76fd5f0",0.5,0.5,0.5,53
"1044","5efe1017a220682cb76fd5f0",0,0.5,0.5,53
"1045","5efe1017a220682cb76fd5f0",0,0.5,0.5,53
"1046","5efe1017a220682cb76fd5f0",0.5,0.5,0.5,53
"1047","5efe1017a220682cb76fd5f0",0.5,0.5,0.5,53
"1048","5efe1017a220682cb76fd5f0",0.5,0.5,0.5,53
"1049","5efe1017a220682cb76fd5f0",0.5,0.5,0.5,53
"1050","5efe1017a220682cb76fd5f0",0.5,0.5,0.5,53
"1051","5efe1017a220682cb76fd5f0",0,0.8,0.8,53
"1052","5efe1017a220682cb76fd5f0",0,0.8,0.8,53
"1053","5efe1017a220682cb76fd5f0",0,1,1,53
"1054","5efe1017a220682cb76fd5f0",0.5,0.5,0.5,53
"1055","5efe1017a220682cb76fd5f0",0,1,1,53
"1056","5efe1017a220682cb76fd5f0",0.5,0.69,0.69,53
"1057","5efe1017a220682cb76fd5f0",0,1,1,53
"1058","5efe1017a220682cb76fd5f0",0,1,1,53
"1059","5efe1017a220682cb76fd5f0",0,0.65,0.65,53
"1060","5efe1017a220682cb76fd5f0",0,0.86,0.86,53
"1061","5f0dc15ace21a50008f6c7a7",0,0.69,0.85,54
"1062","5f0dc15ace21a50008f6c7a7",0.5,0.3,0.76,54
"1063","5f0dc15ace21a50008f6c7a7",0,0.4,0.84,54
"1064","5f0dc15ace21a50008f6c7a7",0,0.32,0.89,54
"1065","5f0dc15ace21a50008f6c7a7",0,0.34,0.94,54
"1066","5f0dc15ace21a50008f6c7a7",0,0.34,0.81,54
"1067","5f0dc15ace21a50008f6c7a7",0,0.2,0.73,54
"1068","5f0dc15ace21a50008f6c7a7",0,0.41,0.87,54
"1069","5f0dc15ace21a50008f6c7a7",0.5,0.28,0.86,54
"1070","5f0dc15ace21a50008f6c7a7",0,0.27,0.86,54
"1071","5f0dc15ace21a50008f6c7a7",0.5,0.4,0.69,54
"1072","5f0dc15ace21a50008f6c7a7",0.5,0.36,0.8,54
"1073","5f0dc15ace21a50008f6c7a7",0.5,0.25,0.65,54
"1074","5f0dc15ace21a50008f6c7a7",0.5,0.24,0.74,54
"1075","5f0dc15ace21a50008f6c7a7",0.5,0.19,0.8,54
"1076","5f0dc15ace21a50008f6c7a7",0.5,0.26,0.79,54
"1077","5f0dc15ace21a50008f6c7a7",0.5,0.18,0.72,54
"1078","5f0dc15ace21a50008f6c7a7",0,0.21,0.75,54
"1079","5f0dc15ace21a50008f6c7a7",0,0.21,0.8,54
"1080","5f0dc15ace21a50008f6c7a7",0.5,0.2,0.69,54
"1081","5f10d3f1be1cf9403317378c",0,1,0.98,55
"1082","5f10d3f1be1cf9403317378c",0.5,0,0.5,55
"1083","5f10d3f1be1cf9403317378c",0.5,0,0.5,55
"1084","5f10d3f1be1cf9403317378c",0,1,1,55
"1085","5f10d3f1be1cf9403317378c",0,1,1,55
"1086","5f10d3f1be1cf9403317378c",0,1,1,55
"1087","5f10d3f1be1cf9403317378c",0,1,1,55
"1088","5f10d3f1be1cf9403317378c",0,1,1,55
"1089","5f10d3f1be1cf9403317378c",0,1,1,55
"1090","5f10d3f1be1cf9403317378c",0,1,1,55
"1091","5f10d3f1be1cf9403317378c",0.5,0.5,0.5,55
"1092","5f10d3f1be1cf9403317378c",0.5,0,0.5,55
"1093","5f10d3f1be1cf9403317378c",0.5,0,0.5,55
"1094","5f10d3f1be1cf9403317378c",0,1,1,55
"1095","5f10d3f1be1cf9403317378c",0.5,0,0.5,55
"1096","5f10d3f1be1cf9403317378c",0.5,0,0.5,55
"1097","5f10d3f1be1cf9403317378c",0,1,1,55
"1098","5f10d3f1be1cf9403317378c",0.5,0,0.5,55
"1099","5f10d3f1be1cf9403317378c",0.5,0,0.5,55
"1100","5f10d3f1be1cf9403317378c",0.5,0,0.5,55
"1101","5f18362e7f876d064235cd4d",0,0.81,0.81,56
"1102","5f18362e7f876d064235cd4d",0,0.9,0.85,56
"1103","5f18362e7f876d064235cd4d",0,0.88,0.87,56
"1104","5f18362e7f876d064235cd4d",0,0.94,0.92,56
"1105","5f18362e7f876d064235cd4d",0,0.91,0.94,56
"1106","5f18362e7f876d064235cd4d",0,0.93,0.88,56
"1107","5f18362e7f876d064235cd4d",0.5,0.86,0.87,56
"1108","5f18362e7f876d064235cd4d",0,0.9,0.91,56
"1109","5f18362e7f876d064235cd4d",0.5,0.91,0.85,56
"1110","5f18362e7f876d064235cd4d",0,0.95,0.85,56
"1111","5f18362e7f876d064235cd4d",0,0.92,0.84,56
"1112","5f18362e7f876d064235cd4d",0.5,0.88,0.81,56
"1113","5f18362e7f876d064235cd4d",0.5,0.85,0.86,56
"1114","5f18362e7f876d064235cd4d",0.5,0.85,0.85,56
"1115","5f18362e7f876d064235cd4d",0.5,0.86,0.86,56
"1116","5f18362e7f876d064235cd4d",0.5,0.92,0.84,56
"1117","5f18362e7f876d064235cd4d",0.5,0.89,0.84,56
"1118","5f18362e7f876d064235cd4d",0.5,0.9,0.85,56
"1119","5f18362e7f876d064235cd4d",0,0.87,0.84,56
"1120","5f18362e7f876d064235cd4d",0.5,0.83,0.84,56
"1121","5f188417c5b3a405f3ccaf42",0,0.26,0.85,57
"1122","5f188417c5b3a405f3ccaf42",0.5,0.42,0.52,57
"1123","5f188417c5b3a405f3ccaf42",0,0.58,0.86,57
"1124","5f188417c5b3a405f3ccaf42",0.5,0.33,0.47,57
"1125","5f188417c5b3a405f3ccaf42",0.5,0.42,0.62,57
"1126","5f188417c5b3a405f3ccaf42",0.5,0.41,0.73,57
"1127","5f188417c5b3a405f3ccaf42",0.5,0.29,0.56,57
"1128","5f188417c5b3a405f3ccaf42",0.5,0.49,0.52,57
"1129","5f188417c5b3a405f3ccaf42",0.5,0.47,0.48,57
"1130","5f188417c5b3a405f3ccaf42",0.5,0.52,0.51,57
"1131","5f188417c5b3a405f3ccaf42",0,0.37,0.79,57
"1132","5f188417c5b3a405f3ccaf42",0,0.75,0.9,57
"1133","5f188417c5b3a405f3ccaf42",0,0.71,0.99,57
"1134","5f188417c5b3a405f3ccaf42",0.5,0.25,0.47,57
"1135","5f188417c5b3a405f3ccaf42",0,0.76,0.95,57
"1136","5f188417c5b3a405f3ccaf42",0,0.66,0.95,57
"1137","5f188417c5b3a405f3ccaf42",0,0.74,0.97,57
"1138","5f188417c5b3a405f3ccaf42",0,0.65,0.85,57
"1139","5f188417c5b3a405f3ccaf42",0.5,0.5,0.51,57
"1140","5f188417c5b3a405f3ccaf42",0,0.63,0.82,57
"1141","5f241d0b45dc8a000bf6598e",0.5,0.22,0.22,58
"1142","5f241d0b45dc8a000bf6598e",0,0.49,0.61,58
"1143","5f241d0b45dc8a000bf6598e",0.5,0.23,0.23,58
"1144","5f241d0b45dc8a000bf6598e",0,0.59,0.69,58
"1145","5f241d0b45dc8a000bf6598e",0.5,0.25,0.21,58
"1146","5f241d0b45dc8a000bf6598e",0.5,0.22,0.19,58
"1147","5f241d0b45dc8a000bf6598e",0.5,0.2,0.19,58
"1148","5f241d0b45dc8a000bf6598e",0.5,0.23,0.2,58
"1149","5f241d0b45dc8a000bf6598e",0.5,0.23,0.21,58
"1150","5f241d0b45dc8a000bf6598e",0.5,0.24,0.22,58
"1151","5f241d0b45dc8a000bf6598e",0.5,0.2,0.19,58
"1152","5f241d0b45dc8a000bf6598e",0,0.65,0.64,58
"1153","5f241d0b45dc8a000bf6598e",0,0.63,0.74,58
"1154","5f241d0b45dc8a000bf6598e",0.5,0.26,0.18,58
"1155","5f241d0b45dc8a000bf6598e",0,0.72,0.75,58
"1156","5f241d0b45dc8a000bf6598e",0,0.72,0.73,58
"1157","5f241d0b45dc8a000bf6598e",0,0.74,0.79,58
"1158","5f241d0b45dc8a000bf6598e",0,0.76,0.77,58
"1159","5f241d0b45dc8a000bf6598e",0,0.74,0.77,58
"1160","5f241d0b45dc8a000bf6598e",0,0.75,0.77,58
"1161","5f26f8c4865df449da96eb01",0,0.73,0.8,59
"1162","5f26f8c4865df449da96eb01",0.5,0.6,0.61,59
"1163","5f26f8c4865df449da96eb01",0.5,0.58,0.51,59
"1164","5f26f8c4865df449da96eb01",0,0.77,0.84,59
"1165","5f26f8c4865df449da96eb01",0.5,0.63,0.68,59
"1166","5f26f8c4865df449da96eb01",0.5,0.59,0.61,59
"1167","5f26f8c4865df449da96eb01",0.5,0.55,0.58,59
"1168","5f26f8c4865df449da96eb01",0.5,0.61,0.55,59
"1169","5f26f8c4865df449da96eb01",0.5,0.54,0.56,59
"1170","5f26f8c4865df449da96eb01",0.5,0.54,0.52,59
"1171","5f26f8c4865df449da96eb01",0,0.74,0.84,59
"1172","5f26f8c4865df449da96eb01",0,0.75,0.79,59
"1173","5f26f8c4865df449da96eb01",0,0.89,0.83,59
"1174","5f26f8c4865df449da96eb01",0,0.85,0.85,59
"1175","5f26f8c4865df449da96eb01",0.5,0.8,0.74,59
"1176","5f26f8c4865df449da96eb01",0.5,0.79,0.75,59
"1177","5f26f8c4865df449da96eb01",0,0.83,0.85,59
"1178","5f26f8c4865df449da96eb01",0,0.95,0.85,59
"1179","5f26f8c4865df449da96eb01",0,0.81,0.83,59
"1180","5f26f8c4865df449da96eb01",0,0.91,0.84,59
"1181","5f2855353350fe14fdf0e5ed",0,1,1,60
"1182","5f2855353350fe14fdf0e5ed",0,1,1,60
"1183","5f2855353350fe14fdf0e5ed",0,1,1,60
"1184","5f2855353350fe14fdf0e5ed",0,1,1,60
"1185","5f2855353350fe14fdf0e5ed",0,1,1,60
"1186","5f2855353350fe14fdf0e5ed",0.5,0.89,0.89,60
"1187","5f2855353350fe14fdf0e5ed",0.5,0.89,0.9,60
"1188","5f2855353350fe14fdf0e5ed",0,1,1,60
"1189","5f2855353350fe14fdf0e5ed",0,1,1,60
"1190","5f2855353350fe14fdf0e5ed",0,1,1,60
"1191","5f2855353350fe14fdf0e5ed",0.5,0.72,0.7,60
"1192","5f2855353350fe14fdf0e5ed",0.5,0.58,0.55,60
"1193","5f2855353350fe14fdf0e5ed",0.5,0.48,0.47,60
"1194","5f2855353350fe14fdf0e5ed",0.5,0.38,0.37,60
"1195","5f2855353350fe14fdf0e5ed",0,0.83,0.81,60
"1196","5f2855353350fe14fdf0e5ed",0.5,0.86,0.85,60
"1197","5f2855353350fe14fdf0e5ed",0.5,0.64,0.64,60
"1198","5f2855353350fe14fdf0e5ed",0.5,0.39,0.38,60
"1199","5f2855353350fe14fdf0e5ed",0.5,0.24,0.21,60
"1200","5f2855353350fe14fdf0e5ed",0,0.96,0.95,60
"1201","5f2afb53c46fc647c2340fd1",0.5,0.34,0.63,61
"1202","5f2afb53c46fc647c2340fd1",0,0.6,0.79,61
"1203","5f2afb53c46fc647c2340fd1",0.5,0.43,0.64,61
"1204","5f2afb53c46fc647c2340fd1",0.5,0.38,0.66,61
"1205","5f2afb53c46fc647c2340fd1",0.5,0.63,0.64,61
"1206","5f2afb53c46fc647c2340fd1",0.5,0.44,0.62,61
"1207","5f2afb53c46fc647c2340fd1",0.5,0.57,0.66,61
"1208","5f2afb53c46fc647c2340fd1",0.5,0.39,0.55,61
"1209","5f2afb53c46fc647c2340fd1",0.5,0.51,0.58,61
"1210","5f2afb53c46fc647c2340fd1",0,0.72,0.73,61
"1211","5f2afb53c46fc647c2340fd1",0.5,0.39,0.49,61
"1212","5f2afb53c46fc647c2340fd1",0,0.5,0.6,61
"1213","5f2afb53c46fc647c2340fd1",0,0.57,0.69,61
"1214","5f2afb53c46fc647c2340fd1",0,0.57,0.68,61
"1215","5f2afb53c46fc647c2340fd1",0.5,0.52,0.44,61
"1216","5f2afb53c46fc647c2340fd1",0,0.73,0.63,61
"1217","5f2afb53c46fc647c2340fd1",0,0.73,0.56,61
"1218","5f2afb53c46fc647c2340fd1",0,0.84,0.55,61
"1219","5f2afb53c46fc647c2340fd1",0,0.89,0.48,61
"1220","5f2afb53c46fc647c2340fd1",0,0.85,0.5,61
"1221","5f2bc8528a626e67a97c0aa1",0.5,0.49,0.5,62
"1222","5f2bc8528a626e67a97c0aa1",0,0.49,0.51,62
"1223","5f2bc8528a626e67a97c0aa1",0.5,0.5,0.54,62
"1224","5f2bc8528a626e67a97c0aa1",0.5,0.47,0.46,62
"1225","5f2bc8528a626e67a97c0aa1",0.5,0.5,0.49,62
"1226","5f2bc8528a626e67a97c0aa1",0,0.5,0.49,62
"1227","5f2bc8528a626e67a97c0aa1",0.5,0.45,0.57,62
"1228","5f2bc8528a626e67a97c0aa1",0.5,0.67,0.42,62
"1229","5f2bc8528a626e67a97c0aa1",0.5,0.35,0.58,62
"1230","5f2bc8528a626e67a97c0aa1",0.5,0.48,0.51,62
"1231","5f2bc8528a626e67a97c0aa1",0.5,0.5,0.48,62
"1232","5f2bc8528a626e67a97c0aa1",0.5,0.52,0.53,62
"1233","5f2bc8528a626e67a97c0aa1",0,0.5,0.52,62
"1234","5f2bc8528a626e67a97c0aa1",0,0.49,0.5,62
"1235","5f2bc8528a626e67a97c0aa1",0,0.51,0.5,62
"1236","5f2bc8528a626e67a97c0aa1",0,0.5,0.52,62
"1237","5f2bc8528a626e67a97c0aa1",0,0.52,0.5,62
"1238","5f2bc8528a626e67a97c0aa1",0,0.53,0.53,62
"1239","5f2bc8528a626e67a97c0aa1",0,0.74,0.89,62
"1240","5f2bc8528a626e67a97c0aa1",0,0.82,0.89,62
"1241","5f2c05948726de01f9bf6a7c",0.5,0.1,0.31,63
"1242","5f2c05948726de01f9bf6a7c",0.5,0.18,0.23,63
"1243","5f2c05948726de01f9bf6a7c",0.5,0.11,0.16,63
"1244","5f2c05948726de01f9bf6a7c",0.5,0.13,0.21,63
"1245","5f2c05948726de01f9bf6a7c",0.5,0.04,0.08,63
"1246","5f2c05948726de01f9bf6a7c",0,0.85,0.92,63
"1247","5f2c05948726de01f9bf6a7c",0,0.85,0.92,63
"1248","5f2c05948726de01f9bf6a7c",0.5,0.06,0.11,63
"1249","5f2c05948726de01f9bf6a7c",0.5,0.62,0.8,63
"1250","5f2c05948726de01f9bf6a7c",0.5,0.71,0.9,63
"1251","5f2c05948726de01f9bf6a7c",0,0.7,0.89,63
"1252","5f2c05948726de01f9bf6a7c",0,0.78,0.88,63
"1253","5f2c05948726de01f9bf6a7c",0,0.88,0.99,63
"1254","5f2c05948726de01f9bf6a7c",0,0.89,0.97,63
"1255","5f2c05948726de01f9bf6a7c",0,0.88,0.97,63
"1256","5f2c05948726de01f9bf6a7c",0,0.95,1,63
"1257","5f2c05948726de01f9bf6a7c",0,0.94,1,63
"1258","5f2c05948726de01f9bf6a7c",0,0.97,1,63
"1259","5f2c05948726de01f9bf6a7c",0.5,0.89,0.99,63
"1260","5f2c05948726de01f9bf6a7c",0.5,0.92,1,63
"1261","5f2d10d8f5f28c000afb87d3",0,0.66,1,64
"1262","5f2d10d8f5f28c000afb87d3",0,0.65,1,64
"1263","5f2d10d8f5f28c000afb87d3",0.5,0.32,0.59,64
"1264","5f2d10d8f5f28c000afb87d3",0,0.99,0.99,64
"1265","5f2d10d8f5f28c000afb87d3",0,0.77,0.98,64
"1266","5f2d10d8f5f28c000afb87d3",0,0.98,0.99,64
"1267","5f2d10d8f5f28c000afb87d3",0,0.98,0.98,64
"1268","5f2d10d8f5f28c000afb87d3",0,0.99,1,64
"1269","5f2d10d8f5f28c000afb87d3",0,0.97,0.98,64
"1270","5f2d10d8f5f28c000afb87d3",0.5,0.24,0.25,64
"1271","5f2d10d8f5f28c000afb87d3",0.5,0.14,0.29,64
"1272","5f2d10d8f5f28c000afb87d3",0,0.98,0.98,64
"1273","5f2d10d8f5f28c000afb87d3",0.5,0.35,0.31,64
"1274","5f2d10d8f5f28c000afb87d3",0.5,0.13,0.3,64
"1275","5f2d10d8f5f28c000afb87d3",0.5,0.27,0.27,64
"1276","5f2d10d8f5f28c000afb87d3",0.5,0.32,0.41,64
"1277","5f2d10d8f5f28c000afb87d3",0,0.98,0.99,64
"1278","5f2d10d8f5f28c000afb87d3",0.5,0.4,0.47,64
"1279","5f2d10d8f5f28c000afb87d3",0.5,0.37,0.38,64
"1280","5f2d10d8f5f28c000afb87d3",0.5,0.27,0.24,64
"1281","5f31a239e7ed2f09f2b4a4ef",0,0.49,0.66,65
"1282","5f31a239e7ed2f09f2b4a4ef",0,0.55,1,65
"1283","5f31a239e7ed2f09f2b4a4ef",0.5,0.51,0.9,65
"1284","5f31a239e7ed2f09f2b4a4ef",0,0.66,0.87,65
"1285","5f31a239e7ed2f09f2b4a4ef",0,0.6,0.81,65
"1286","5f31a239e7ed2f09f2b4a4ef",0,0.64,1,65
"1287","5f31a239e7ed2f09f2b4a4ef",0.5,0.58,0.75,65
"1288","5f31a239e7ed2f09f2b4a4ef",0,0.79,0.94,65
"1289","5f31a239e7ed2f09f2b4a4ef",0,0.74,0.93,65
"1290","5f31a239e7ed2f09f2b4a4ef",0,0.72,0.87,65
"1291","5f31a239e7ed2f09f2b4a4ef",0,0.72,0.98,65
"1292","5f31a239e7ed2f09f2b4a4ef",0,0.77,1,65
"1293","5f31a239e7ed2f09f2b4a4ef",0.5,0.77,0.86,65
"1294","5f31a239e7ed2f09f2b4a4ef",0.5,0.68,0.8,65
"1295","5f31a239e7ed2f09f2b4a4ef",0.5,0.63,0.78,65
"1296","5f31a239e7ed2f09f2b4a4ef",0.5,0.65,0.72,65
"1297","5f31a239e7ed2f09f2b4a4ef",0.5,0.67,0.77,65
"1298","5f31a239e7ed2f09f2b4a4ef",0.5,0.63,0.77,65
"1299","5f31a239e7ed2f09f2b4a4ef",0.5,0.7,0.87,65
"1300","5f31a239e7ed2f09f2b4a4ef",0.5,0.66,0.74,65
"1301","5f397d0428b373506d9a6fc7",0.5,0.1,0.4,66
"1302","5f397d0428b373506d9a6fc7",0.5,0.1,0.4,66
"1303","5f397d0428b373506d9a6fc7",0,0.7,0.8,66
"1304","5f397d0428b373506d9a6fc7",0.5,0.2,0.45,66
"1305","5f397d0428b373506d9a6fc7",0,0.15,0.85,66
"1306","5f397d0428b373506d9a6fc7",0.5,0.1,0.25,66
"1307","5f397d0428b373506d9a6fc7",0.5,0.1,0.35,66
"1308","5f397d0428b373506d9a6fc7",0.5,0.1,0.2,66
"1309","5f397d0428b373506d9a6fc7",0.5,0.1,0.4,66
"1310","5f397d0428b373506d9a6fc7",0.5,0.2,0.45,66
"1311","5f397d0428b373506d9a6fc7",0,0.7,0.9,66
"1312","5f397d0428b373506d9a6fc7",0,0.85,0.9,66
"1313","5f397d0428b373506d9a6fc7",0,0.9,0.95,66
"1314","5f397d0428b373506d9a6fc7",0,0.95,1,66
"1315","5f397d0428b373506d9a6fc7",0,1,1,66
"1316","5f397d0428b373506d9a6fc7",0,1,1,66
"1317","5f397d0428b373506d9a6fc7",0.5,0.6,0.7,66
"1318","5f397d0428b373506d9a6fc7",0,1,1,66
"1319","5f397d0428b373506d9a6fc7",0,1,1,66
"1320","5f397d0428b373506d9a6fc7",0.5,0.55,0.7,66
"1321","5f3a500d8741a5616ef6374e",0.5,0.6,0.5,67
"1322","5f3a500d8741a5616ef6374e",0.5,0.53,0.51,67
"1323","5f3a500d8741a5616ef6374e",0.5,0.54,0.54,67
"1324","5f3a500d8741a5616ef6374e",0.5,0.57,0.54,67
"1325","5f3a500d8741a5616ef6374e",0.5,0.51,0.53,67
"1326","5f3a500d8741a5616ef6374e",0,1,1,67
"1327","5f3a500d8741a5616ef6374e",0.5,0.43,0.45,67
"1328","5f3a500d8741a5616ef6374e",0.5,0.49,0.5,67
"1329","5f3a500d8741a5616ef6374e",0.5,0.54,0.53,67
"1330","5f3a500d8741a5616ef6374e",0,0.59,0.58,67
"1331","5f3a500d8741a5616ef6374e",0,0.72,0.65,67
"1332","5f3a500d8741a5616ef6374e",0,0.84,0.71,67
"1333","5f3a500d8741a5616ef6374e",0,0.87,0.83,67
"1334","5f3a500d8741a5616ef6374e",0,0.89,0.9,67
"1335","5f3a500d8741a5616ef6374e",0,0.93,0.89,67
"1336","5f3a500d8741a5616ef6374e",0,0.97,0.95,67
"1337","5f3a500d8741a5616ef6374e",0,1,1,67
"1338","5f3a500d8741a5616ef6374e",0.5,0.63,0.74,67
"1339","5f3a500d8741a5616ef6374e",0,1,1,67
"1340","5f3a500d8741a5616ef6374e",0.5,0.55,0.55,67
"1341","5f3ab128c4b6921312f28237",0,0.02,0.97,68
"1342","5f3ab128c4b6921312f28237",0,0.02,0.95,68
"1343","5f3ab128c4b6921312f28237",0,0.04,0.98,68
"1344","5f3ab128c4b6921312f28237",0,0,1,68
"1345","5f3ab128c4b6921312f28237",0.5,0.04,0.47,68
"1346","5f3ab128c4b6921312f28237",0,0.04,0.98,68
"1347","5f3ab128c4b6921312f28237",0,0.05,0.99,68
"1348","5f3ab128c4b6921312f28237",0,0.02,0.99,68
"1349","5f3ab128c4b6921312f28237",0,0.04,0.97,68
"1350","5f3ab128c4b6921312f28237",0.5,0.04,0.99,68
"1351","5f3ab128c4b6921312f28237",0,0.07,0.96,68
"1352","5f3ab128c4b6921312f28237",0.5,0.04,0.49,68
"1353","5f3ab128c4b6921312f28237",0.5,0.06,0.53,68
"1354","5f3ab128c4b6921312f28237",0.5,0.02,0.53,68
"1355","5f3ab128c4b6921312f28237",0.5,0.03,0.57,68
"1356","5f3ab128c4b6921312f28237",0.5,0.01,0.53,68
"1357","5f3ab128c4b6921312f28237",0,0.04,0.98,68
"1358","5f3ab128c4b6921312f28237",0.5,0.05,0.55,68
"1359","5f3ab128c4b6921312f28237",0.5,0.11,0.52,68
"1360","5f3ab128c4b6921312f28237",0.5,0.04,0.52,68
"1361","5f3d3d4f57b8fe07798fd8b3",0.5,0.7,0.6,69
"1362","5f3d3d4f57b8fe07798fd8b3",0.5,0.7,0.6,69
"1363","5f3d3d4f57b8fe07798fd8b3",0.5,0.5,0.5,69
"1364","5f3d3d4f57b8fe07798fd8b3",0.5,0.4,0.4,69
"1365","5f3d3d4f57b8fe07798fd8b3",0.5,0.4,0.4,69
"1366","5f3d3d4f57b8fe07798fd8b3",0,1,1,69
"1367","5f3d3d4f57b8fe07798fd8b3",0.5,0.4,0.4,69
"1368","5f3d3d4f57b8fe07798fd8b3",0.5,0.4,0.4,69
"1369","5f3d3d4f57b8fe07798fd8b3",0.5,0.4,0.4,69
"1370","5f3d3d4f57b8fe07798fd8b3",0,1,1,69
"1371","5f3d3d4f57b8fe07798fd8b3",0,1,1,69
"1372","5f3d3d4f57b8fe07798fd8b3",0,1,1,69
"1373","5f3d3d4f57b8fe07798fd8b3",0,1,1,69
"1374","5f3d3d4f57b8fe07798fd8b3",0,1,1,69
"1375","5f3d3d4f57b8fe07798fd8b3",0,1,1,69
"1376","5f3d3d4f57b8fe07798fd8b3",0,1,1,69
"1377","5f3d3d4f57b8fe07798fd8b3",0.5,0.55,0.55,69
"1378","5f3d3d4f57b8fe07798fd8b3",0,1,1,69
"1379","5f3d3d4f57b8fe07798fd8b3",0.5,0.6,0.6,69
"1380","5f3d3d4f57b8fe07798fd8b3",0,1,1,69
"1381","5f404333140cfe16fe3c195c",0,0.51,0.77,70
"1382","5f404333140cfe16fe3c195c",0,0.62,0.83,70
"1383","5f404333140cfe16fe3c195c",0,0.66,0.89,70
"1384","5f404333140cfe16fe3c195c",0,0.74,0.84,70
"1385","5f404333140cfe16fe3c195c",0.5,0.38,0.43,70
"1386","5f404333140cfe16fe3c195c",0.5,0.5,0.5,70
"1387","5f404333140cfe16fe3c195c",0,0.56,0.79,70
"1388","5f404333140cfe16fe3c195c",0,0.65,0.82,70
"1389","5f404333140cfe16fe3c195c",0,0.6,0.8,70
"1390","5f404333140cfe16fe3c195c",0,0.68,0.82,70
"1391","5f404333140cfe16fe3c195c",0.5,0.42,0.46,70
"1392","5f404333140cfe16fe3c195c",0.5,0.45,0.42,70
"1393","5f404333140cfe16fe3c195c",0.5,0.55,0.38,70
"1394","5f404333140cfe16fe3c195c",0,0.54,0.62,70
"1395","5f404333140cfe16fe3c195c",0.5,0.42,0.43,70
"1396","5f404333140cfe16fe3c195c",0.5,0.48,0.39,70
"1397","5f404333140cfe16fe3c195c",0.5,0.52,0.45,70
"1398","5f404333140cfe16fe3c195c",0,0.48,0.55,70
"1399","5f404333140cfe16fe3c195c",0.5,0.47,0.39,70
"1400","5f404333140cfe16fe3c195c",0.5,0.54,0.42,70
"1401","5f4f5d8a9468440009ed7a67",0,0,1,71
"1402","5f4f5d8a9468440009ed7a67",0.5,0,0.8,71
"1403","5f4f5d8a9468440009ed7a67",0.5,0,0.55,71
"1404","5f4f5d8a9468440009ed7a67",0,0,0.7,71
"1405","5f4f5d8a9468440009ed7a67",0,0,0.75,71
"1406","5f4f5d8a9468440009ed7a67",0,0,0.8,71
"1407","5f4f5d8a9468440009ed7a67",0,0,0.8,71
"1408","5f4f5d8a9468440009ed7a67",0,0,0.85,71
"1409","5f4f5d8a9468440009ed7a67",0,0,0.9,71
"1410","5f4f5d8a9468440009ed7a67",0,0,0.9,71
"1411","5f4f5d8a9468440009ed7a67",0.5,0,0.5,71
"1412","5f4f5d8a9468440009ed7a67",0.5,0,0.4,71
"1413","5f4f5d8a9468440009ed7a67",0,0,0.7,71
"1414","5f4f5d8a9468440009ed7a67",0.5,0,0.6,71
"1415","5f4f5d8a9468440009ed7a67",0.5,0,0.55,71
"1416","5f4f5d8a9468440009ed7a67",0,0,0.7,71
"1417","5f4f5d8a9468440009ed7a67",0.5,0,0.6,71
"1418","5f4f5d8a9468440009ed7a67",0.5,0,0.55,71
"1419","5f4f5d8a9468440009ed7a67",0.5,0,0.53,71
"1420","5f4f5d8a9468440009ed7a67",0.5,0,0.5,71
"1421","5f5179be2213ce3c39045019",0,0,1,72
"1422","5f5179be2213ce3c39045019",0.5,1,0.7,72
"1423","5f5179be2213ce3c39045019",0.5,0.73,0.7,72
"1424","5f5179be2213ce3c39045019",0.5,0.8,0.7,72
"1425","5f5179be2213ce3c39045019",0.5,0.7,0.48,72
"1426","5f5179be2213ce3c39045019",0.5,0.76,0.39,72
"1427","5f5179be2213ce3c39045019",0.5,0.55,0.4,72
"1428","5f5179be2213ce3c39045019",0.5,0.75,0.52,72
"1429","5f5179be2213ce3c39045019",0,0,1,72
"1430","5f5179be2213ce3c39045019",0.5,0.04,0.98,72
"1431","5f5179be2213ce3c39045019",0,0,1,72
"1432","5f5179be2213ce3c39045019",0.5,0,1,72
"1433","5f5179be2213ce3c39045019",0,0,1,72
"1434","5f5179be2213ce3c39045019",0,0,1,72
"1435","5f5179be2213ce3c39045019",0,0,1,72
"1436","5f5179be2213ce3c39045019",0,0,1,72
"1437","5f5179be2213ce3c39045019",0.5,0.62,0.46,72
"1438","5f5179be2213ce3c39045019",0,0,1,72
"1439","5f5179be2213ce3c39045019",0,0.55,1,72
"1440","5f5179be2213ce3c39045019",0,0.51,1,72
"1441","5f572d1df9f7d019f3e042d3",0.5,0.23,0.64,73
"1442","5f572d1df9f7d019f3e042d3",0,1,0.98,73
"1443","5f572d1df9f7d019f3e042d3",0.5,0.05,0.59,73
"1444","5f572d1df9f7d019f3e042d3",0.5,0.08,0.58,73
"1445","5f572d1df9f7d019f3e042d3",0.5,0.06,0.54,73
"1446","5f572d1df9f7d019f3e042d3",0.5,0.08,0.57,73
"1447","5f572d1df9f7d019f3e042d3",0,0.92,0.98,73
"1448","5f572d1df9f7d019f3e042d3",0.5,0.05,0.5,73
"1449","5f572d1df9f7d019f3e042d3",0.5,0.08,0.59,73
"1450","5f572d1df9f7d019f3e042d3",0.5,0.09,0.58,73
"1451","5f572d1df9f7d019f3e042d3",0,0.96,0.93,73
"1452","5f572d1df9f7d019f3e042d3",0,0.96,0.96,73
"1453","5f572d1df9f7d019f3e042d3",0,0.93,0.95,73
"1454","5f572d1df9f7d019f3e042d3",0,0.97,0.98,73
"1455","5f572d1df9f7d019f3e042d3",0,0.95,0.96,73
"1456","5f572d1df9f7d019f3e042d3",0,0.98,0.97,73
"1457","5f572d1df9f7d019f3e042d3",0.5,0.04,0.55,73
"1458","5f572d1df9f7d019f3e042d3",0,0.98,0.97,73
"1459","5f572d1df9f7d019f3e042d3",0,0.97,0.97,73
"1460","5f572d1df9f7d019f3e042d3",0.5,0.05,0.53,73
"1461","5f61f1b0a760f01b705abdd3",0,0.8,0.8,74
"1462","5f61f1b0a760f01b705abdd3",0,0.82,0.82,74
"1463","5f61f1b0a760f01b705abdd3",0.5,0.8,0.8,74
"1464","5f61f1b0a760f01b705abdd3",0,0.82,0.82,74
"1465","5f61f1b0a760f01b705abdd3",0,0.84,0.84,74
"1466","5f61f1b0a760f01b705abdd3",0,0.85,0.85,74
"1467","5f61f1b0a760f01b705abdd3",0.5,0.85,0.85,74
"1468","5f61f1b0a760f01b705abdd3",0,0.86,0.86,74
"1469","5f61f1b0a760f01b705abdd3",0,0.87,0.87,74
"1470","5f61f1b0a760f01b705abdd3",0,0.88,0.88,74
"1471","5f61f1b0a760f01b705abdd3",0.5,0.86,0.86,74
"1472","5f61f1b0a760f01b705abdd3",0,0.88,0.88,74
"1473","5f61f1b0a760f01b705abdd3",0,0.9,0.9,74
"1474","5f61f1b0a760f01b705abdd3",0.5,0.9,0.9,74
"1475","5f61f1b0a760f01b705abdd3",0.5,0.9,0.9,74
"1476","5f61f1b0a760f01b705abdd3",0.5,0.9,0.9,74
"1477","5f61f1b0a760f01b705abdd3",0.5,0.9,0.9,74
"1478","5f61f1b0a760f01b705abdd3",0.5,0.9,0.9,74
"1479","5f61f1b0a760f01b705abdd3",0.5,0.88,0.88,74
"1480","5f61f1b0a760f01b705abdd3",0.5,0.86,0.86,74
"1481","5f63505cdfc6934188269b3d",0,0.97,1,75
"1482","5f63505cdfc6934188269b3d",0.5,0.51,0.51,75
"1483","5f63505cdfc6934188269b3d",0.5,0.51,0.53,75
"1484","5f63505cdfc6934188269b3d",0.5,0.5,0.51,75
"1485","5f63505cdfc6934188269b3d",0,0.94,0.93,75
"1486","5f63505cdfc6934188269b3d",0.5,0.34,0.72,75
"1487","5f63505cdfc6934188269b3d",0.5,0.23,0.62,75
"1488","5f63505cdfc6934188269b3d",0.5,0.26,0.68,75
"1489","5f63505cdfc6934188269b3d",0.5,0.24,0.61,75
"1490","5f63505cdfc6934188269b3d",0.5,0.14,0.68,75
"1491","5f63505cdfc6934188269b3d",0,1,0.82,75
"1492","5f63505cdfc6934188269b3d",0,0.97,0.92,75
"1493","5f63505cdfc6934188269b3d",0,0.98,0.99,75
"1494","5f63505cdfc6934188269b3d",0,0.99,0.99,75
"1495","5f63505cdfc6934188269b3d",0.5,0.25,0.76,75
"1496","5f63505cdfc6934188269b3d",0.5,0.16,0.92,75
"1497","5f63505cdfc6934188269b3d",0,0.34,0.87,75
"1498","5f63505cdfc6934188269b3d",0,0.33,0.8,75
"1499","5f63505cdfc6934188269b3d",0,0.29,0.73,75
"1500","5f63505cdfc6934188269b3d",0,0.99,0.97,75
"1501","5f64a1291888be0324446d78",0.5,0.14,0.45,76
"1502","5f64a1291888be0324446d78",0,0.23,1,76
"1503","5f64a1291888be0324446d78",0.5,0.5,0.49,76
"1504","5f64a1291888be0324446d78",0,0.14,1,76
"1505","5f64a1291888be0324446d78",0,0.28,1,76
"1506","5f64a1291888be0324446d78",0,0.24,0.97,76
"1507","5f64a1291888be0324446d78",0,0.17,0.98,76
"1508","5f64a1291888be0324446d78",0,0.28,1,76
"1509","5f64a1291888be0324446d78",0,0,0.99,76
"1510","5f64a1291888be0324446d78",0,0,1,76
"1511","5f64a1291888be0324446d78",0.5,0.19,0.45,76
"1512","5f64a1291888be0324446d78",0,0.15,0.96,76
"1513","5f64a1291888be0324446d78",0,0.09,0.82,76
"1514","5f64a1291888be0324446d78",0.5,0.1,0.5,76
"1515","5f64a1291888be0324446d78",0.5,0.01,0.53,76
"1516","5f64a1291888be0324446d78",0.5,0,0.3,76
"1517","5f64a1291888be0324446d78",0.5,0,0,76
"1518","5f64a1291888be0324446d78",0.5,0,0,76
"1519","5f64a1291888be0324446d78",0.5,0,0,76
"1520","5f64a1291888be0324446d78",0.5,0,0,76
"1521","5f6715ea82fb7d302d0b6ae9",0.5,0.43,0.6,77
"1522","5f6715ea82fb7d302d0b6ae9",0.5,0.41,0.63,77
"1523","5f6715ea82fb7d302d0b6ae9",0.5,0.38,0.62,77
"1524","5f6715ea82fb7d302d0b6ae9",0.5,0.39,0.6,77
"1525","5f6715ea82fb7d302d0b6ae9",0.5,0.31,0.42,77
"1526","5f6715ea82fb7d302d0b6ae9",0,0.21,0.75,77
"1527","5f6715ea82fb7d302d0b6ae9",0,0.21,0.72,77
"1528","5f6715ea82fb7d302d0b6ae9",0.5,0.31,0.58,77
"1529","5f6715ea82fb7d302d0b6ae9",0.5,0.47,0.65,77
"1530","5f6715ea82fb7d302d0b6ae9",0.5,0.45,0.69,77
"1531","5f6715ea82fb7d302d0b6ae9",0,0.25,0.81,77
"1532","5f6715ea82fb7d302d0b6ae9",0,0.34,0.83,77
"1533","5f6715ea82fb7d302d0b6ae9",0,0.12,0.93,77
"1534","5f6715ea82fb7d302d0b6ae9",0.5,0.43,0.78,77
"1535","5f6715ea82fb7d302d0b6ae9",0,0.08,0.94,77
"1536","5f6715ea82fb7d302d0b6ae9",0,0.08,0.9,77
"1537","5f6715ea82fb7d302d0b6ae9",0,0.07,0.94,77
"1538","5f6715ea82fb7d302d0b6ae9",0.5,0.48,0.82,77
"1539","5f6715ea82fb7d302d0b6ae9",0,0.08,0.96,77
"1540","5f6715ea82fb7d302d0b6ae9",0,0.15,0.89,77
